[ffmpeg/demuxer] hls: Could not find codec parameters for stream 0 (Video: h264 ([27][0][0][0] / 0x001B), none): unspecified size
[ffmpeg/demuxer] Consider increasing the value for the 'analyzeduration' (0) and 'probesize' (5000000) options
[ffmpeg/demuxer] hls: Could not find codec parameters for stream 1 (Audio: aac ([15][0][0][0] / 0x000F), 0 channels, fltp): unspecified sample rate
[ffmpeg/demuxer] Consider increasing the value for the 'analyzeduration' (0) and 'probesize' (5000000) options
● Video  --vid=1               (h264 8000 kbps)
○ Video  --vid=2               (h264 [High] 960x540 60 fps 700 kbps)
● Audio  --aid=1  --alang=eng  (aac 8000 kbps)
○ Audio  --aid=2               (aac [LC] 2ch 44100 Hz 700 kbps)
● Video  --vid=1               (h264 [High] 8000 kbps)
○ Video  --vid=2               (h264 [High] 960x540 60 fps 700 kbps)
● Audio  --aid=1  --alang=eng  (aac [LC] 2ch 8000 kbps)
○ Audio  --aid=2               (aac [LC] 2ch 44100 Hz 700 kbps)
○ Subs   --sid=1               (eia_608 8000 kbps) [default]
AO: [wasapi] 48000Hz stereo 2ch float
VO: [gpu-next] 1920x1080 yuv420p
AV: 03:54:30 / 03:54:42 (100%) A-V: -0.000 Cache: 11s/8MB
AV: 03:54:30 / 03:54:48 (100%) A-V: -0.000 Cache: 17s/12MB
AV: 03:54:30 / 03:54:48 (100%) A-V:  0.000 Cache: 17s/12MB
AV: 03:54:30 / 03:54:48 (100%) A-V: -0.000 Cache: 17s/12MB
AV: 03:54:30 / 03:54:48 (100%) A-V:  0.000 Cache: 17s/12MB
AV: 03:54:30 / 03:54:48 (100%) A-V:  0.000 Cache: 16s/12MB
AV: 03:54:31 / 03:54:48 (100%) A-V:  0.000 Cache: 16s/12MB
AV: 03:54:31 / 03:54:48 (100%) A-V:  0.000 Cache: 15s/12MB
AV: 03:54:31 / 03:54:48 (100%) A-V:  0.000 Cache: 15s/11MB
AV: 03:54:32 / 03:54:48 (100%) A-V:  0.000 Cache: 15s/11MB
AV: 03:54:32 / 03:54:48 (100%) A-V:  0.000 Cache: 14s/11MB
AV: 03:54:33 / 03:54:48 (100%) A-V:  0.000 Cache: 14s/11MB
AV: 03:54:33 / 03:54:48 (100%) A-V:  0.000 Cache: 14s/10MB
AV: 03:54:33 / 03:54:48 (100%) A-V:  0.000 Cache: 13s/10MB
AV: 03:54:33 / 03:54:48 (100%) A-V:  0.008 Dropped: 1 Cache: 13s/10MB
AV: 03:54:33 / 03:54:48 (100%) A-V:  0.000 Dropped: 1 Cache: 13s/10MB
AV: 03:54:34 / 03:54:48 (100%) A-V:  0.000 Dropped: 1 Cache: 13s/10MB
AV: 03:54:34 / 03:54:48 (100%) A-V:  0.000 Dropped: 1 Cache: 13s/9MB
AV: 03:54:34 / 03:54:54 (100%) A-V:  0.000 Dropped: 1 Cache: 19s/14MB
AV: 03:54:34 / 03:54:59 (100%) A-V:  0.000 Dropped: 1 Cache: 24s/17MB
AV: 03:54:34 / 03:55:00 (100%) A-V:  0.000 Dropped: 1 Cache: 25s/18MB
AV: 03:54:34 / 03:55:00 (100%) A-V:  0.000 Dropped: 1 Cache: 24s/18MB
AV: 03:54:34 / 03:55:00 (100%) A-V:  0.000 Dropped: 1 Cache: 24s/17MB
AV: 03:54:35 / 03:55:00 (100%) A-V:  0.000 Dropped: 1 Cache: 24s/17MB
AV: 03:54:35 / 03:55:00 (100%) A-V:  0.109 Dropped: 1 Cache: 24s/17MB
AV: 03:54:35 / 03:55:00 (100%) A-V:  0.126 Dropped: 2 Cache: 23s/17MB
AV: 03:54:35 / 03:55:00 (100%) A-V:  0.110 Dropped: 3 Cache: 23s/16MB
AV: 03:54:35 / 03:55:00 (100%) A-V:  0.093 Dropped: 4 Cache: 23s/16MB
AV: 03:54:35 / 03:55:00 (100%) A-V:  0.077 Dropped: 5 Cache: 23s/16MB
AV: 03:54:35 / 03:55:00 (100%) A-V:  0.060 Dropped: 6 Cache: 23s/16MB
AV: 03:54:35 / 03:55:00 (100%) A-V:  0.043 Dropped: 7 Cache: 23s/16MB
AV: 03:54:35 / 03:55:00 (100%) A-V:  0.027 Dropped: 8 Cache: 23s/16MB
AV: 03:54:35 / 03:55:00 (100%) A-V:  0.010 Dropped: 9 Cache: 23s/16MB
AV: 03:54:35 / 03:55:00 (100%) A-V:  0.000 Dropped: 9 Cache: 23s/16MB
AV: 03:54:36 / 03:55:00 (100%) A-V:  0.000 Dropped: 9 Cache: 23s/16MB
AV: 03:54:36 / 03:55:00 (100%) A-V:  0.000 Dropped: 9 Cache: 22s/16MB
AV: 03:54:37 / 03:55:00 (100%) A-V:  0.000 Dropped: 9 Cache: 22s/16MB
AV: 03:54:37 / 03:55:00 (100%) A-V:  0.021 Dropped: 9 Cache: 22s/16MB
AV: 03:54:37 / 03:55:00 (100%) A-V:  0.006 Dropped: 10 Cache: 22s/16MB
AV: 03:54:37 / 03:55:00 (100%) A-V:  0.000 Dropped: 10 Cache: 22s/16MB
AV: 03:54:37 / 03:55:00 (100%) A-V:  0.000 Dropped: 10 Cache: 22s/15MB
AV: 03:54:37 / 03:55:00 (100%) A-V:  0.000 Dropped: 10 Cache: 21s/15MB
AV: 03:54:38 / 03:55:00 (100%) A-V:  0.000 Dropped: 10 Cache: 21s/15MB
AV: 03:54:38 / 03:55:00 (100%) A-V:  0.000 Dropped: 10 Cache: 21s/14MB
AV: 03:54:38 / 03:55:00 (100%) A-V:  0.000 Dropped: 10 Cache: 20s/14MB
AV: 03:54:39 / 03:55:00 (100%) A-V:  0.000 Dropped: 10 Cache: 20s/14MB
AV: 03:54:39 / 03:55:00 (100%) A-V:  0.000 Dropped: 10 Cache: 19s/14MB
AV: 03:54:39 / 03:55:00 (100%) A-V:  0.000 Dropped: 10 Cache: 19s/13MB
AV: 03:54:40 / 03:55:00 (100%) A-V:  0.000 Dropped: 10 Cache: 19s/13MB
AV: 03:54:40 / 03:55:06 (100%) A-V:  0.000 Dropped: 10 Cache: 25s/18MB
AV: 03:54:40 / 03:55:06 (100%) A-V:  0.000 Dropped: 10 Cache: 24s/18MB
AV: 03:54:40 / 03:55:06 (100%) A-V:  0.000 Dropped: 10 Cache: 24s/17MB
AV: 03:54:41 / 03:55:06 (100%) A-V:  0.000 Dropped: 10 Cache: 24s/17MB
AV: 03:54:41 / 03:55:06 (100%) A-V:  0.000 Dropped: 10 Cache: 23s/17MB
AV: 03:54:42 / 03:55:06 (100%) A-V:  0.000 Dropped: 10 Cache: 23s/17MB
AV: 03:54:42 / 03:55:06 (100%) A-V:  0.000 Dropped: 10 Cache: 23s/16MB
AV: 03:54:42 / 03:55:06 (100%) A-V:  0.000 Dropped: 10 Cache: 22s/16MB
AV: 03:54:43 / 03:55:06 (100%) A-V:  0.000 Dropped: 10 Cache: 22s/16MB
AV: 03:54:43 / 03:55:06 (100%) A-V:  0.000 Dropped: 10 Cache: 22s/15MB
AV: 03:54:43 / 03:55:06 (100%) A-V:  0.000 Dropped: 10 Cache: 21s/15MB
AV: 03:54:44 / 03:55:06 (100%) A-V:  0.000 Dropped: 10 Cache: 21s/15MB
AV: 03:54:44 / 03:55:06 (100%) A-V:  0.000 Dropped: 10 Cache: 20s/15MB
AV: 03:54:44 / 03:55:06 (100%) A-V:  0.000 Dropped: 10 Cache: 20s/14MB
AV: 03:54:45 / 03:55:06 (100%) A-V:  0.000 Dropped: 10 Cache: 20s/14MB
AV: 03:54:45 / 03:55:06 (100%) A-V:  0.000 Dropped: 10 Cache: 19s/14MB
AV: 03:54:46 / 03:55:06 (100%) A-V:  0.000 Dropped: 10 Cache: 19s/14MB
AV: 03:54:46 / 03:55:06 (100%) A-V:  0.000 Dropped: 10 Cache: 19s/13MB
AV: 03:54:46 / 03:55:06 (100%) A-V:  0.000 Dropped: 10 Cache: 18s/13MB
AV: 03:54:46 / 03:55:12 (100%) A-V:  0.000 Dropped: 10 Cache: 24s/17MB
AV: 03:54:47 / 03:55:12 (100%) A-V:  0.000 Dropped: 10 Cache: 24s/17MB
AV: 03:54:47 / 03:55:12 (100%) A-V:  0.000 Dropped: 10 Cache: 23s/17MB
AV: 03:54:47 / 03:55:12 (100%) A-V:  0.000 Dropped: 10 Cache: 23s/16MB
AV: 03:54:48 / 03:55:12 (100%) A-V:  0.000 Dropped: 10 Cache: 23s/16MB
AV: 03:54:48 / 03:55:12 (100%) A-V:  0.000 Dropped: 10 Cache: 22s/16MB
AV: 03:54:49 / 03:55:12 (100%) A-V:  0.000 Dropped: 10 Cache: 22s/16MB
AV: 03:54:49 / 03:55:12 (100%) A-V:  0.000 Dropped: 10 Cache: 22s/15MB
AV: 03:54:49 / 03:55:12 (100%) A-V:  0.000 Dropped: 10 Cache: 21s/15MB
AV: 03:54:50 / 03:55:12 (100%) A-V:  0.000 Dropped: 10 Cache: 21s/15MB
AV: 03:54:50 / 03:55:12 (100%) A-V:  0.000 Dropped: 10 Cache: 21s/14MB
AV: 03:54:50 / 03:55:12 (100%) A-V:  0.000 Dropped: 10 Cache: 20s/14MB
AV: 03:54:51 / 03:55:12 (100%) A-V:  0.000 Dropped: 10 Cache: 20s/14MB
AV: 03:54:51 / 03:55:12 (100%) A-V:  0.000 Dropped: 10 Cache: 19s/14MB
AV: 03:54:52 / 03:55:12 (100%) A-V:  0.000 Dropped: 10 Cache: 19s/14MB
AV: 03:54:52 / 03:55:12 (100%) A-V:  0.000 Dropped: 10 Cache: 19s/13MB
AV: 03:54:52 / 03:55:12 (100%) A-V:  0.000 Dropped: 10 Cache: 18s/13MB
AV: 03:54:53 / 03:55:12 (100%) A-V:  0.000 Dropped: 10 Cache: 18s/13MB
AV: 03:54:53 / 03:55:16 (100%) A-V:  0.000 Dropped: 10 Cache: 23s/16MB
AV: 03:54:53 / 03:55:18 (100%) A-V:  0.000 Dropped: 10 Cache: 24s/17MB
AV: 03:54:53 / 03:55:18 (100%) A-V:  0.000 Dropped: 10 Cache: 23s/17MB
AV: 03:54:54 / 03:55:18 (100%) A-V:  0.000 Dropped: 10 Cache: 23s/17MB
AV: 03:54:54 / 03:55:18 (100%) A-V:  0.000 Dropped: 10 Cache: 23s/16MB
AV: 03:54:54 / 03:55:18 (100%) A-V:  0.000 Dropped: 10 Cache: 22s/16MB
AV: 03:54:55 / 03:55:18 (100%) A-V:  0.000 Dropped: 10 Cache: 22s/16MB
AV: 03:54:55 / 03:55:18 (100%) A-V:  0.000 Dropped: 10 Cache: 22s/15MB
AV: 03:54:55 / 03:55:18 (100%) A-V:  0.000 Dropped: 10 Cache: 21s/15MB
AV: 03:54:56 / 03:55:18 (100%) A-V:  0.000 Dropped: 10 Cache: 21s/15MB
AV: 03:54:56 / 03:55:18 (100%) A-V:  0.000 Dropped: 10 Cache: 20s/15MB
AV: 03:54:56 / 03:55:18 (100%) A-V:  0.000 Dropped: 10 Cache: 20s/14MB
AV: 03:54:57 / 03:55:18 (100%) A-V:  0.000 Dropped: 10 Cache: 20s/14MB
AV: 03:54:57 / 03:55:18 (100%) A-V:  0.000 Dropped: 10 Cache: 19s/14MB
AV: 03:54:58 / 03:55:18 (100%) A-V:  0.000 Dropped: 10 Cache: 19s/14MB
AV: 03:54:58 / 03:55:18 (100%) A-V:  0.000 Dropped: 10 Cache: 19s/13MB
AV: 03:54:58 / 03:55:18 (100%) A-V:  0.000 Dropped: 10 Cache: 18s/13MB
AV: 03:54:58 / 03:55:18 (100%) A-V: -0.000 Dropped: 10 Cache: 18s/13MB
AV: 03:54:58 / 03:55:18 (100%) A-V:  0.000 Dropped: 10 Cache: 18s/13MB
AV: 03:54:59 / 03:55:18 (100%) A-V:  0.000 Dropped: 10 Cache: 18s/13MB
AV: 03:54:59 / 03:55:24 (100%) A-V:  0.000 Dropped: 10 Cache: 24s/17MB
AV: 03:54:59 / 03:55:24 (100%) A-V:  0.000 Dropped: 10 Cache: 23s/17MB
AV: 03:55:00 / 03:55:24 (100%) A-V:  0.000 Dropped: 10 Cache: 23s/17MB
AV: 03:55:00 / 03:55:24 (100%) A-V:  0.000 Dropped: 10 Cache: 23s/16MB
AV: 03:55:00 / 03:55:24 (100%) A-V:  0.000 Dropped: 10 Cache: 22s/16MB
AV: 03:55:01 / 03:55:24 (100%) A-V:  0.000 Dropped: 10 Cache: 22s/16MB
AV: 03:55:01 / 03:55:24 (100%) A-V:  0.000 Dropped: 10 Cache: 21s/16MB
AV: 03:55:01 / 03:55:24 (100%) A-V:  0.000 Dropped: 10 Cache: 21s/15MB
AV: 03:55:02 / 03:55:24 (100%) A-V:  0.000 Dropped: 10 Cache: 21s/15MB
AV: 03:55:02 / 03:55:24 (100%) A-V:  0.000 Dropped: 10 Cache: 20s/15MB
AV: 03:55:03 / 03:55:24 (100%) A-V:  0.000 Dropped: 10 Cache: 20s/15MB
AV: 03:55:03 / 03:55:24 (100%) A-V:  0.000 Dropped: 10 Cache: 20s/14MB
AV: 03:55:03 / 03:55:24 (100%) A-V:  0.000 Dropped: 10 Cache: 19s/14MB
AV: 03:55:04 / 03:55:24 (100%) A-V:  0.000 Dropped: 10 Cache: 19s/14MB
AV: 03:55:04 / 03:55:24 (100%) A-V:  0.000 Dropped: 10 Cache: 19s/13MB
AV: 03:55:04 / 03:55:24 (100%) A-V:  0.000 Dropped: 10 Cache: 18s/13MB
AV: 03:55:05 / 03:55:24 (100%) A-V:  0.000 Dropped: 10 Cache: 18s/13MB
AV: 03:55:05 / 03:55:25 (100%) A-V:  0.000 Dropped: 10 Cache: 19s/14MB
AV: 03:55:05 / 03:55:30 (100%) A-V:  0.000 Dropped: 10 Cache: 24s/17MB
AV: 03:55:05 / 03:55:30 (100%) A-V:  0.000 Dropped: 10 Cache: 23s/17MB
AV: 03:55:05 / 03:55:30 (100%) A-V:  0.000 Dropped: 10 Cache: 23s/16MB
AV: 03:55:06 / 03:55:30 (100%) A-V:  0.000 Dropped: 10 Cache: 23s/16MB
AV: 03:55:06 / 03:55:30 (100%) A-V:  0.000 Dropped: 10 Cache: 22s/16MB
AV: 03:55:07 / 03:55:30 (100%) A-V:  0.000 Dropped: 10 Cache: 22s/16MB
AV: 03:55:07 / 03:55:30 (100%) A-V:  0.000 Dropped: 10 Cache: 22s/15MB
AV: 03:55:07 / 03:55:30 (100%) A-V:  0.000 Dropped: 10 Cache: 21s/15MB
AV: 03:55:08 / 03:55:30 (100%) A-V:  0.000 Dropped: 10 Cache: 21s/15MB
AV: 03:55:08 / 03:55:30 (100%) A-V:  0.000 Dropped: 10 Cache: 21s/14MB
AV: 03:55:08 / 03:55:30 (100%) A-V:  0.000 Dropped: 10 Cache: 20s/14MB
AV: 03:55:09 / 03:55:30 (100%) A-V:  0.000 Dropped: 10 Cache: 20s/14MB
AV: 03:55:09 / 03:55:30 (100%) A-V:  0.000 Dropped: 10 Cache: 19s/14MB
AV: 03:55:10 / 03:55:30 (100%) A-V:  0.000 Dropped: 10 Cache: 19s/14MB
AV: 03:55:10 / 03:55:30 (100%) A-V:  0.000 Dropped: 10 Cache: 19s/13MB
AV: 03:55:10 / 03:55:30 (100%) A-V:  0.000 Dropped: 10 Cache: 18s/13MB
AV: 03:55:11 / 03:55:30 (100%) A-V:  0.000 Dropped: 10 Cache: 18s/13MB
AV: 03:55:11 / 03:55:33 (100%) A-V:  0.000 Dropped: 10 Cache: 21s/15MB
AV: 03:55:11 / 03:55:36 (100%) A-V:  0.000 Dropped: 10 Cache: 24s/17MB
AV: 03:55:11 / 03:55:36 (100%) A-V:  0.000 Dropped: 10 Cache: 23s/17MB
AV: 03:55:12 / 03:55:36 (100%) A-V:  0.000 Dropped: 10 Cache: 23s/17MB
AV: 03:55:12 / 03:55:36 (100%) A-V:  0.000 Dropped: 10 Cache: 23s/16MB
AV: 03:55:12 / 03:55:36 (100%) A-V:  0.000 Dropped: 10 Cache: 22s/16MB
AV: 03:55:13 / 03:55:36 (100%) A-V:  0.000 Dropped: 10 Cache: 22s/16MB
AV: 03:55:13 / 03:55:36 (100%) A-V:  0.000 Dropped: 10 Cache: 22s/15MB
AV: 03:55:13 / 03:55:36 (100%) A-V:  0.000 Dropped: 10 Cache: 21s/15MB
AV: 03:55:14 / 03:55:36 (100%) A-V:  0.000 Dropped: 10 Cache: 21s/15MB
AV: 03:55:14 / 03:55:36 (100%) A-V:  0.000 Dropped: 10 Cache: 20s/15MB
AV: 03:55:14 / 03:55:36 (100%) A-V:  0.000 Dropped: 10 Cache: 20s/14MB
AV: 03:55:15 / 03:55:36 (100%) A-V:  0.000 Dropped: 10 Cache: 20s/14MB
AV: 03:55:15 / 03:55:36 (100%) A-V:  0.000 Dropped: 10 Cache: 19s/14MB
AV: 03:55:16 / 03:55:36 (100%) A-V:  0.000 Dropped: 10 Cache: 19s/14MB
AV: 03:55:16 / 03:55:36 (100%) A-V:  0.000 Dropped: 10 Cache: 19s/13MB
AV: 03:55:16 / 03:55:36 (100%) A-V:  0.000 Dropped: 10 Cache: 18s/13MB
AV: 03:55:17 / 03:55:36 (100%) A-V:  0.000 Dropped: 10 Cache: 18s/13MB
AV: 03:55:17 / 03:55:42 (100%) A-V:  0.000 Dropped: 10 Cache: 24s/17MB
AV: 03:55:17 / 03:55:42 (100%) A-V:  0.000 Dropped: 10 Cache: 23s/17MB
AV: 03:55:18 / 03:55:42 (100%) A-V:  0.000 Dropped: 10 Cache: 23s/17MB
AV: 03:55:18 / 03:55:42 (100%) A-V:  0.000 Dropped: 10 Cache: 23s/16MB
AV: 03:55:18 / 03:55:42 (100%) A-V:  0.000 Dropped: 10 Cache: 22s/16MB
AV: 03:55:19 / 03:55:42 (100%) A-V:  0.000 Dropped: 10 Cache: 22s/16MB
AV: 03:55:19 / 03:55:42 (100%) A-V:  0.000 Dropped: 10 Cache: 21s/16MB
AV: 03:55:19 / 03:55:42 (100%) A-V:  0.000 Dropped: 10 Cache: 21s/15MB
AV: 03:55:20 / 03:55:42 (100%) A-V:  0.000 Dropped: 10 Cache: 21s/15MB
AV: 03:55:20 / 03:55:42 (100%) A-V:  0.000 Dropped: 10 Cache: 20s/15MB
AV: 03:55:21 / 03:55:42 (100%) A-V:  0.000 Dropped: 10 Cache: 20s/15MB
AV: 03:55:21 / 03:55:42 (100%) A-V:  0.000 Dropped: 10 Cache: 20s/14MB
AV: 03:55:21 / 03:55:42 (100%) A-V:  0.000 Dropped: 10 Cache: 19s/14MB
AV: 03:55:22 / 03:55:42 (100%) A-V:  0.000 Dropped: 10 Cache: 19s/14MB
AV: 03:55:22 / 03:55:42 (100%) A-V:  0.000 Dropped: 10 Cache: 19s/13MB
AV: 03:55:22 / 03:55:42 (100%) A-V:  0.000 Dropped: 10 Cache: 18s/13MB
AV: 03:55:23 / 03:55:42 (100%) A-V:  0.000 Dropped: 10 Cache: 18s/13MB
AV: 03:55:23 / 03:55:42 (100%) A-V:  0.000 Dropped: 10 Cache: 17s/13MB
AV: 03:55:23 / 03:55:42 (100%) A-V:  0.000 Dropped: 10 Cache: 17s/12MB
AV: 03:55:23 / 03:55:45 (100%) A-V:  0.000 Dropped: 10 Cache: 21s/15MB
AV: 03:55:23 / 03:55:48 (100%) A-V:  0.000 Dropped: 10 Cache: 23s/17MB
AV: 03:55:23 / 03:55:48 (100%) A-V:  0.000 Dropped: 10 Cache: 23s/16MB
AV: 03:55:24 / 03:55:48 (100%) A-V:  0.000 Dropped: 10 Cache: 23s/16MB
AV: 03:55:24 / 03:55:48 (100%) A-V:  0.000 Dropped: 10 Cache: 22s/16MB
AV: 03:55:25 / 03:55:48 (100%) A-V:  0.000 Dropped: 10 Cache: 22s/16MB
AV: 03:55:25 / 03:55:48 (100%) A-V:  0.000 Dropped: 10 Cache: 22s/15MB
AV: 03:55:25 / 03:55:48 (100%) A-V:  0.000 Dropped: 10 Cache: 21s/15MB
AV: 03:55:26 / 03:55:48 (100%) A-V:  0.000 Dropped: 10 Cache: 21s/15MB
AV: 03:55:26 / 03:55:48 (100%) A-V:  0.000 Dropped: 10 Cache: 20s/15MB
AV: 03:55:26 / 03:55:48 (100%) A-V:  0.000 Dropped: 10 Cache: 20s/14MB
AV: 03:55:27 / 03:55:48 (100%) A-V:  0.000 Dropped: 10 Cache: 20s/14MB
AV: 03:55:27 / 03:55:48 (100%) A-V:  0.000 Dropped: 10 Cache: 19s/14MB
AV: 03:55:28 / 03:55:48 (100%) A-V:  0.000 Dropped: 10 Cache: 19s/14MB
AV: 03:55:28 / 03:55:48 (100%) A-V:  0.000 Dropped: 10 Cache: 19s/13MB
AV: 03:55:28 / 03:55:48 (100%) A-V:  0.000 Dropped: 10 Cache: 18s/13MB
AV: 03:55:29 / 03:55:48 (100%) A-V:  0.000 Dropped: 10 Cache: 18s/13MB
AV: 03:55:29 / 03:55:48 (100%) A-V:  0.000 Dropped: 10 Cache: 17s/13MB
AV: 03:55:29 / 03:55:48 (100%) A-V:  0.000 Dropped: 10 Cache: 17s/12MB
AV: 03:55:30 / 03:55:48 (100%) A-V:  0.000 Dropped: 10 Cache: 17s/12MB
AV: 03:55:30 / 03:55:54 (100%) A-V:  0.000 Dropped: 10 Cache: 23s/17MB
AV: 03:55:30 / 03:55:54 (100%) A-V:  0.000 Dropped: 10 Cache: 23s/16MB
AV: 03:55:30 / 03:55:54 (100%) A-V:  0.000 Dropped: 10 Cache: 22s/16MB
AV: 03:55:31 / 03:55:54 (100%) A-V:  0.000 Dropped: 10 Cache: 22s/16MB
AV: 03:55:31 / 03:55:54 (100%) A-V:  0.000 Dropped: 10 Cache: 21s/16MB
AV: 03:55:31 / 03:55:54 (100%) A-V:  0.000 Dropped: 10 Cache: 21s/15MB
AV: 03:55:32 / 03:55:54 (100%) A-V:  0.000 Dropped: 10 Cache: 21s/15MB
AV: 03:55:32 / 03:55:54 (100%) A-V:  0.000 Dropped: 10 Cache: 20s/15MB
AV: 03:55:33 / 03:55:54 (100%) A-V:  0.000 Dropped: 10 Cache: 20s/15MB
AV: 03:55:33 / 03:55:54 (100%) A-V:  0.000 Dropped: 10 Cache: 20s/14MB
AV: 03:55:33 / 03:55:54 (100%) A-V:  0.000 Dropped: 10 Cache: 19s/14MB
AV: 03:55:34 / 03:55:54 (100%) A-V:  0.000 Dropped: 10 Cache: 19s/14MB
AV: 03:55:34 / 03:55:54 (100%) A-V:  0.000 Dropped: 10 Cache: 19s/13MB
AV: 03:55:34 / 03:55:54 (100%) A-V:  0.000 Dropped: 10 Cache: 18s/13MB
AV: 03:55:35 / 03:55:54 (100%) A-V:  0.000 Dropped: 10 Cache: 18s/13MB
AV: 03:55:35 / 03:55:54 (100%) A-V:  0.000 Dropped: 10 Cache: 17s/13MB
AV: 03:55:35 / 03:55:54 (100%) A-V:  0.000 Dropped: 10 Cache: 17s/12MB
AV: 03:55:36 / 03:55:54 (100%) A-V:  0.000 Dropped: 10 Cache: 17s/12MB
AV: 03:55:36 / 03:55:59 (100%) A-V:  0.000 Dropped: 10 Cache: 23s/16MB
AV: 03:55:36 / 03:55:59 (100%) A-V:  0.000 Dropped: 10 Cache: 22s/16MB
AV: 03:55:37 / 03:55:59 (100%) A-V:  0.000 Dropped: 10 Cache: 22s/16MB
AV: 03:55:37 / 03:55:59 (100%) A-V:  0.000 Dropped: 10 Cache: 22s/15MB
AV: 03:55:37 / 03:55:59 (100%) A-V:  0.000 Dropped: 10 Cache: 21s/15MB
AV: 03:55:38 / 03:55:59 (100%) A-V:  0.000 Dropped: 10 Cache: 21s/15MB
AV: 03:55:38 / 03:55:59 (100%) A-V:  0.000 Dropped: 10 Cache: 20s/15MB
AV: 03:55:38 / 03:55:59 (100%) A-V:  0.000 Dropped: 10 Cache: 20s/14MB
AV: 03:55:39 / 03:55:59 (100%) A-V:  0.000 Dropped: 10 Cache: 20s/14MB
AV: 03:55:39 / 03:55:59 (100%) A-V:  0.000 Dropped: 10 Cache: 19s/14MB
AV: 03:55:39 / 03:55:59 (100%) A-V:  0.000 Dropped: 10 Cache: 19s/13MB
AV: 03:55:40 / 03:55:59 (100%) A-V:  0.000 Dropped: 10 Cache: 19s/13MB
AV: 03:55:40 / 03:55:59 (100%) A-V:  0.000 Dropped: 10 Cache: 18s/13MB
AV: 03:55:41 / 03:55:59 (100%) A-V:  0.000 Dropped: 10 Cache: 18s/13MB
AV: 03:55:41 / 03:55:59 (100%) A-V:  0.000 Dropped: 10 Cache: 17s/13MB
AV: 03:55:41 / 03:55:59 (100%) A-V:  0.000 Dropped: 10 Cache: 17s/12MB
AV: 03:55:41 / 03:56:06 (100%) A-V:  0.000 Dropped: 10 Cache: 23s/17MB
AV: 03:55:41 / 03:56:06 (100%) A-V:  0.000 Dropped: 10 Cache: 23s/16MB
AV: 03:55:42 / 03:56:06 (100%) A-V:  0.000 Dropped: 10 Cache: 23s/16MB
AV: 03:55:42 / 03:56:06 (100%) A-V:  0.000 Dropped: 10 Cache: 22s/16MB
AV: 03:55:43 / 03:56:06 (100%) A-V:  0.000 Dropped: 10 Cache: 22s/16MB
AV: 03:55:43 / 03:56:06 (100%) A-V:  0.000 Dropped: 10 Cache: 22s/15MB
AV: 03:55:43 / 03:56:06 (100%) A-V:  0.000 Dropped: 10 Cache: 21s/15MB
AV: 03:55:44 / 03:56:06 (100%) A-V:  0.000 Dropped: 10 Cache: 21s/15MB
AV: 03:55:44 / 03:56:06 (100%) A-V:  0.000 Dropped: 10 Cache: 21s/14MB
AV: 03:55:44 / 03:56:06 (100%) A-V:  0.000 Dropped: 10 Cache: 20s/14MB
AV: 03:55:45 / 03:56:06 (100%) A-V:  0.000 Dropped: 10 Cache: 20s/14MB
AV: 03:55:45 / 03:56:06 (100%) A-V:  0.000 Dropped: 10 Cache: 19s/14MB
AV: 03:55:45 / 03:56:06 (100%) A-V:  0.000 Dropped: 10 Cache: 19s/13MB
AV: 03:55:46 / 03:56:06 (100%) A-V:  0.000 Dropped: 10 Cache: 19s/13MB
AV: 03:55:46 / 03:56:06 (100%) A-V:  0.000 Dropped: 10 Cache: 18s/13MB
AV: 03:55:47 / 03:56:06 (100%) A-V:  0.000 Dropped: 10 Cache: 18s/13MB
AV: 03:55:47 / 03:56:06 (100%) A-V:  0.000 Dropped: 10 Cache: 17s/13MB
AV: 03:55:47 / 03:56:06 (100%) A-V:  0.000 Dropped: 10 Cache: 17s/12MB
AV: 03:55:48 / 03:56:06 (100%) A-V:  0.000 Dropped: 10 Cache: 17s/12MB
AV: 03:55:48 / 03:56:09 (100%) A-V:  0.000 Dropped: 10 Cache: 20s/15MB
AV: 03:55:48 / 03:56:12 (100%) A-V:  0.000 Dropped: 10 Cache: 23s/17MB
AV: 03:55:48 / 03:56:12 (100%) A-V:  0.000 Dropped: 10 Cache: 22s/17MB
AV: 03:55:48 / 03:56:12 (100%) A-V:  0.000 Dropped: 10 Cache: 22s/16MB
AV: 03:55:49 / 03:56:12 (100%) A-V:  0.000 Dropped: 10 Cache: 22s/16MB
AV: 03:55:49 / 03:56:12 (100%) A-V:  0.000 Dropped: 10 Cache: 21s/16MB
AV: 03:55:49 / 03:56:12 (100%) A-V:  0.000 Dropped: 10 Cache: 21s/15MB
AV: 03:55:50 / 03:56:12 (100%) A-V:  0.000 Dropped: 10 Cache: 21s/15MB
AV: 03:55:50 / 03:56:12 (100%) A-V:  0.000 Dropped: 10 Cache: 20s/15MB
AV: 03:55:51 / 03:56:12 (100%) A-V:  0.000 Dropped: 10 Cache: 20s/15MB
AV: 03:55:51 / 03:56:12 (100%) A-V:  0.000 Dropped: 10 Cache: 20s/14MB
AV: 03:55:51 / 03:56:12 (100%) A-V:  0.000 Dropped: 10 Cache: 19s/14MB
AV: 03:55:52 / 03:56:12 (100%) A-V:  0.000 Dropped: 10 Cache: 19s/14MB
AV: 03:55:52 / 03:56:12 (100%) A-V:  0.000 Dropped: 10 Cache: 19s/13MB
AV: 03:55:52 / 03:56:12 (100%) A-V:  0.000 Dropped: 10 Cache: 18s/13MB
AV: 03:55:53 / 03:56:12 (100%) A-V:  0.000 Dropped: 10 Cache: 18s/13MB
AV: 03:55:53 / 03:56:12 (100%) A-V:  0.000 Dropped: 10 Cache: 17s/13MB
AV: 03:55:53 / 03:56:12 (100%) A-V:  0.000 Dropped: 10 Cache: 17s/12MB
AV: 03:55:54 / 03:56:12 (100%) A-V:  0.000 Dropped: 10 Cache: 17s/12MB
AV: 03:55:54 / 03:56:18 (100%) A-V:  0.000 Dropped: 10 Cache: 23s/16MB
AV: 03:55:54 / 03:56:18 (100%) A-V:  0.000 Dropped: 10 Cache: 22s/16MB
AV: 03:55:54 / 03:56:24 (100%) A-V:  0.000 Dropped: 10 Cache: 28s/20MB
AV: 03:55:55 / 03:56:24 (100%) A-V:  0.000 Dropped: 10 Cache: 28s/20MB
AV: 03:55:55 / 03:56:24 (100%) A-V:  0.000 Dropped: 10 Cache: 27s/20MB
AV: 03:55:55 / 03:56:24 (100%) A-V:  0.000 Dropped: 10 Cache: 27s/19MB
AV: 03:55:56 / 03:56:24 (100%) A-V:  0.000 Dropped: 10 Cache: 27s/19MB
AV: 03:55:56 / 03:56:24 (100%) A-V:  0.000 Dropped: 10 Cache: 26s/19MB
AV: 03:55:57 / 03:56:24 (100%) A-V:  0.000 Dropped: 10 Cache: 26s/19MB
AV: 03:55:57 / 03:56:24 (100%) A-V:  0.000 Dropped: 10 Cache: 26s/18MB
AV: 03:55:57 / 03:56:24 (100%) A-V:  0.000 Dropped: 10 Cache: 25s/18MB
AV: 03:55:58 / 03:56:24 (100%) A-V:  0.000 Dropped: 10 Cache: 25s/18MB
AV: 03:55:58 / 03:56:24 (100%) A-V:  0.000 Dropped: 10 Cache: 25s/17MB
AV: 03:55:58 / 03:56:24 (100%) A-V:  0.000 Dropped: 10 Cache: 24s/17MB
AV: 03:55:59 / 03:56:24 (100%) A-V:  0.000 Dropped: 10 Cache: 24s/17MB
AV: 03:55:59 / 03:56:24 (100%) A-V:  0.000 Dropped: 10 Cache: 23s/17MB
AV: 03:55:59 / 03:56:24 (100%) A-V:  0.000 Dropped: 10 Cache: 23s/16MB
AV: 03:56:00 / 03:56:24 (100%) A-V:  0.000 Dropped: 10 Cache: 23s/16MB
AV: 03:56:00 / 03:56:24 (100%) A-V:  0.000 Dropped: 10 Cache: 22s/16MB
AV: 03:56:01 / 03:56:24 (100%) A-V:  0.000 Dropped: 10 Cache: 22s/16MB
AV: 03:56:01 / 03:56:24 (100%) A-V:  0.000 Dropped: 10 Cache: 22s/15MB
AV: 03:56:01 / 03:56:24 (100%) A-V:  0.000 Dropped: 10 Cache: 21s/15MB
AV: 03:56:02 / 03:56:24 (100%) A-V:  0.000 Dropped: 10 Cache: 21s/15MB
AV: 03:56:02 / 03:56:24 (100%) A-V:  0.000 Dropped: 10 Cache: 20s/15MB
AV: 03:56:02 / 03:56:24 (100%) A-V:  0.000 Dropped: 10 Cache: 20s/14MB
AV: 03:56:03 / 03:56:24 (100%) A-V:  0.000 Dropped: 10 Cache: 20s/14MB
AV: 03:56:03 / 03:56:24 (100%) A-V:  0.000 Dropped: 10 Cache: 19s/14MB
AV: 03:56:04 / 03:56:24 (100%) A-V:  0.000 Dropped: 10 Cache: 19s/14MB
AV: 03:56:04 / 03:56:24 (100%) A-V:  0.000 Dropped: 10 Cache: 19s/13MB
AV: 03:56:04 / 03:56:30 (100%) A-V:  0.000 Dropped: 10 Cache: 25s/18MB
AV: 03:56:04 / 03:56:30 (100%) A-V:  0.000 Dropped: 10 Cache: 24s/17MB
AV: 03:56:05 / 03:56:30 (100%) A-V:  0.000 Dropped: 10 Cache: 24s/17MB
AV: 03:56:05 / 03:56:30 (100%) A-V:  0.000 Dropped: 10 Cache: 23s/17MB
AV: 03:56:06 / 03:56:30 (100%) A-V:  0.000 Dropped: 10 Cache: 23s/17MB
AV: 03:56:06 / 03:56:30 (100%) A-V:  0.000 Dropped: 10 Cache: 23s/16MB
AV: 03:56:06 / 03:56:30 (100%) A-V:  0.000 Dropped: 10 Cache: 22s/16MB
AV: 03:56:07 / 03:56:30 (100%) A-V:  0.000 Dropped: 10 Cache: 22s/16MB
AV: 03:56:07 / 03:56:30 (100%) A-V:  0.000 Dropped: 10 Cache: 22s/15MB
AV: 03:56:07 / 03:56:30 (100%) A-V:  0.000 Dropped: 10 Cache: 21s/15MB
AV: 03:56:08 / 03:56:30 (100%) A-V:  0.000 Dropped: 10 Cache: 21s/15MB
AV: 03:56:08 / 03:56:30 (100%) A-V:  0.000 Dropped: 10 Cache: 20s/15MB
AV: 03:56:08 / 03:56:30 (100%) A-V:  0.000 Dropped: 10 Cache: 20s/14MB
AV: 03:56:09 / 03:56:30 (100%) A-V:  0.000 Dropped: 10 Cache: 20s/14MB
AV: 03:56:09 / 03:56:30 (100%) A-V:  0.000 Dropped: 10 Cache: 19s/14MB
AV: 03:56:10 / 03:56:30 (100%) A-V:  0.000 Dropped: 10 Cache: 19s/14MB
AV: 03:56:10 / 03:56:30 (100%) A-V:  0.000 Dropped: 10 Cache: 19s/13MB
AV: 03:56:10 / 03:56:36 (100%) A-V:  0.000 Dropped: 10 Cache: 25s/18MB
AV: 03:56:10 / 03:56:36 (100%) A-V:  0.000 Dropped: 10 Cache: 24s/17MB
AV: 03:56:11 / 03:56:36 (100%) A-V:  0.000 Dropped: 10 Cache: 24s/17MB
AV: 03:56:11 / 03:56:36 (100%) A-V:  0.000 Dropped: 10 Cache: 23s/17MB
AV: 03:56:11 / 03:56:36 (100%) A-V:  0.000 Dropped: 10 Cache: 23s/16MB
AV: 03:56:12 / 03:56:36 (100%) A-V:  0.000 Dropped: 10 Cache: 23s/16MB
AV: 03:56:12 / 03:56:36 (100%) A-V:  0.000 Dropped: 10 Cache: 22s/16MB
AV: 03:56:13 / 03:56:36 (100%) A-V:  0.000 Dropped: 10 Cache: 22s/16MB
AV: 03:56:13 / 03:56:36 (100%) A-V:  0.000 Dropped: 10 Cache: 21s/16MB
AV: 03:56:13 / 03:56:36 (100%) A-V:  0.000 Dropped: 10 Cache: 21s/15MB
AV: 03:56:14 / 03:56:36 (100%) A-V:  0.000 Dropped: 10 Cache: 21s/15MB
AV: 03:56:14 / 03:56:36 (100%) A-V:  0.000 Dropped: 10 Cache: 20s/15MB
AV: 03:56:15 / 03:56:36 (100%) A-V:  0.000 Dropped: 10 Cache: 20s/15MB
AV: 03:56:15 / 03:56:36 (100%) A-V:  0.000 Dropped: 10 Cache: 20s/14MB
AV: 03:56:15 / 03:56:36 (100%) A-V:  0.000 Dropped: 10 Cache: 19s/14MB
AV: 03:56:16 / 03:56:36 (100%) A-V:  0.000 Dropped: 10 Cache: 19s/14MB
AV: 03:56:16 / 03:56:36 (100%) A-V:  0.000 Dropped: 10 Cache: 19s/13MB
AV: 03:56:16 / 03:56:36 (100%) A-V:  0.000 Dropped: 10 Cache: 18s/13MB
AV: 03:56:16 / 03:56:42 (100%) A-V:  0.000 Dropped: 10 Cache: 24s/18MB
AV: 03:56:17 / 03:56:42 (100%) A-V:  0.000 Dropped: 10 Cache: 24s/17MB
AV: 03:56:17 / 03:56:42 (100%) A-V:  0.000 Dropped: 10 Cache: 23s/17MB
AV: 03:56:18 / 03:56:42 (100%) A-V:  0.000 Dropped: 10 Cache: 23s/17MB
AV: 03:56:18 / 03:56:42 (100%) A-V:  0.000 Dropped: 10 Cache: 23s/16MB
AV: 03:56:18 / 03:56:42 (100%) A-V:  0.000 Dropped: 10 Cache: 22s/16MB
AV: 03:56:19 / 03:56:42 (100%) A-V:  0.000 Dropped: 10 Cache: 22s/16MB
AV: 03:56:19 / 03:56:42 (100%) A-V:  0.000 Dropped: 10 Cache: 21s/16MB
AV: 03:56:20 / 03:56:42 (100%) A-V:  0.000 Dropped: 10 Cache: 21s/16MB
AV: 03:56:20 / 03:56:42 (100%) A-V:  0.000 Dropped: 10 Cache: 21s/15MB
AV: 03:56:20 / 03:56:42 (100%) A-V:  0.000 Dropped: 10 Cache: 20s/15MB
AV: 03:56:21 / 03:56:42 (100%) A-V:  0.000 Dropped: 10 Cache: 20s/15MB
AV: 03:56:21 / 03:56:42 (100%) A-V:  0.000 Dropped: 10 Cache: 20s/14MB
AV: 03:56:21 / 03:56:42 (100%) A-V:  0.000 Dropped: 10 Cache: 19s/14MB
AV: 03:56:22 / 03:56:42 (100%) A-V:  0.000 Dropped: 10 Cache: 19s/14MB
AV: 03:56:22 / 03:56:42 (100%) A-V:  0.000 Dropped: 10 Cache: 19s/13MB
AV: 03:56:22 / 03:56:42 (100%) A-V:  0.000 Dropped: 10 Cache: 18s/13MB
AV: 03:56:23 / 03:56:45 (100%) A-V:  0.000 Dropped: 10 Cache: 22s/16MB
AV: 03:56:23 / 03:56:48 (100%) A-V:  0.000 Dropped: 10 Cache: 24s/17MB
AV: 03:56:23 / 03:56:48 (100%) A-V:  0.000 Dropped: 10 Cache: 23s/17MB
AV: 03:56:24 / 03:56:48 (100%) A-V:  0.000 Dropped: 10 Cache: 23s/17MB
AV: 03:56:24 / 03:56:48 (100%) A-V:  0.000 Dropped: 10 Cache: 23s/16MB
AV: 03:56:24 / 03:56:48 (100%) A-V:  0.000 Dropped: 10 Cache: 22s/16MB
AV: 03:56:25 / 03:56:48 (100%) A-V:  0.000 Dropped: 10 Cache: 22s/16MB
AV: 03:56:25 / 03:56:48 (100%) A-V:  0.000 Dropped: 10 Cache: 21s/16MB
AV: 03:56:25 / 03:56:48 (100%) A-V:  0.000 Dropped: 10 Cache: 21s/15MB
AV: 03:56:26 / 03:56:48 (100%) A-V:  0.000 Dropped: 10 Cache: 21s/15MB
AV: 03:56:26 / 03:56:48 (100%) A-V:  0.000 Dropped: 10 Cache: 20s/15MB
AV: 03:56:27 / 03:56:48 (100%) A-V:  0.000 Dropped: 10 Cache: 20s/15MB
AV: 03:56:27 / 03:56:48 (100%) A-V:  0.000 Dropped: 10 Cache: 20s/14MB
AV: 03:56:27 / 03:56:48 (100%) A-V:  0.000 Dropped: 10 Cache: 19s/14MB
AV: 03:56:28 / 03:56:48 (100%) A-V:  0.000 Dropped: 10 Cache: 19s/14MB
AV: 03:56:28 / 03:56:48 (100%) A-V:  0.000 Dropped: 10 Cache: 19s/13MB
AV: 03:56:28 / 03:56:48 (100%) A-V:  0.000 Dropped: 10 Cache: 18s/13MB
AV: 03:56:29 / 03:56:48 (100%) A-V:  0.000 Dropped: 10 Cache: 18s/13MB
AV: 03:56:29 / 03:56:52 (100%) A-V:  0.000 Dropped: 10 Cache: 22s/16MB
AV: 03:56:29 / 03:56:54 (100%) A-V:  0.000 Dropped: 10 Cache: 24s/17MB
AV: 03:56:29 / 03:56:54 (100%) A-V:  0.000 Dropped: 10 Cache: 23s/17MB
AV: 03:56:30 / 03:56:54 (100%) A-V:  0.000 Dropped: 10 Cache: 23s/17MB
AV: 03:56:30 / 03:56:54 (100%) A-V:  0.000 Dropped: 10 Cache: 23s/16MB
AV: 03:56:30 / 03:56:54 (100%) A-V:  0.000 Dropped: 10 Cache: 22s/16MB
AV: 03:56:31 / 03:56:54 (100%) A-V:  0.000 Dropped: 10 Cache: 22s/16MB
AV: 03:56:31 / 03:56:54 (100%) A-V:  0.000 Dropped: 10 Cache: 21s/16MB
AV: 03:56:31 / 03:56:54 (100%) A-V:  0.000 Dropped: 10 Cache: 21s/15MB
AV: 03:56:32 / 03:56:54 (100%) A-V:  0.000 Dropped: 10 Cache: 21s/15MB
AV: 03:56:32 / 03:56:54 (100%) A-V:  0.000 Dropped: 10 Cache: 20s/15MB
AV: 03:56:32 / 03:56:54 (100%) A-V:  0.000 Dropped: 10 Cache: 20s/14MB
AV: 03:56:33 / 03:56:54 (100%) A-V:  0.000 Dropped: 10 Cache: 20s/14MB
AV: 03:56:33 / 03:56:54 (100%) A-V:  0.000 Dropped: 10 Cache: 19s/14MB
AV: 03:56:34 / 03:56:54 (100%) A-V:  0.000 Dropped: 10 Cache: 19s/14MB
AV: 03:56:34 / 03:56:54 (100%) A-V:  0.000 Dropped: 10 Cache: 19s/13MB
AV: 03:56:34 / 03:56:54 (100%) A-V:  0.000 Dropped: 10 Cache: 18s/13MB
AV: 03:56:35 / 03:56:54 (100%) A-V:  0.000 Dropped: 10 Cache: 18s/13MB
AV: 03:56:35 / 03:57:00 (100%) A-V:  0.000 Dropped: 10 Cache: 24s/17MB
AV: 03:56:35 / 03:57:00 (100%) A-V:  0.000 Dropped: 10 Cache: 23s/17MB
AV: 03:56:35 / 03:57:00 (100%) A-V:  0.000 Dropped: 10 Cache: 23s/16MB
AV: 03:56:36 / 03:57:00 (100%) A-V:  0.000 Dropped: 10 Cache: 23s/16MB
AV: 03:56:36 / 03:57:00 (100%) A-V:  0.000 Dropped: 10 Cache: 22s/16MB
AV: 03:56:37 / 03:57:00 (100%) A-V:  0.000 Dropped: 10 Cache: 22s/16MB
AV: 03:56:37 / 03:57:00 (100%) A-V:  0.000 Dropped: 10 Cache: 22s/15MB
AV: 03:56:37 / 03:57:00 (100%) A-V:  0.000 Dropped: 10 Cache: 21s/15MB
AV: 03:56:38 / 03:57:00 (100%) A-V:  0.000 Dropped: 10 Cache: 21s/15MB
AV: 03:56:38 / 03:57:00 (100%) A-V:  0.000 Dropped: 10 Cache: 21s/14MB
AV: 03:56:38 / 03:57:00 (100%) A-V:  0.000 Dropped: 10 Cache: 20s/14MB
AV: 03:56:39 / 03:57:00 (100%) A-V:  0.000 Dropped: 10 Cache: 20s/14MB
AV: 03:56:39 / 03:57:00 (100%) A-V:  0.000 Dropped: 10 Cache: 19s/14MB
AV: 03:56:39 / 03:57:00 (100%) A-V:  0.000 Dropped: 10 Cache: 19s/13MB
AV: 03:56:40 / 03:57:00 (100%) A-V:  0.000 Dropped: 10 Cache: 19s/13MB
AV: 03:56:40 / 03:57:00 (100%) A-V:  0.000 Dropped: 10 Cache: 18s/13MB
AV: 03:56:41 / 03:57:00 (100%) A-V:  0.000 Dropped: 10 Cache: 18s/13MB
AV: 03:56:41 / 03:57:00 (100%) A-V:  0.000 Dropped: 10 Cache: 18s/12MB
AV: 03:56:41 / 03:57:06 (100%) A-V:  0.000 Dropped: 10 Cache: 24s/17MB
AV: 03:56:41 / 03:57:06 (100%) A-V:  0.000 Dropped: 10 Cache: 24s/16MB
AV: 03:56:41 / 03:57:06 (100%) A-V:  0.000 Dropped: 10 Cache: 23s/16MB
AV: 03:56:42 / 03:57:06 (100%) A-V:  0.000 Dropped: 10 Cache: 23s/16MB
AV: 03:56:42 / 03:57:06 (100%) A-V:  0.000 Dropped: 10 Cache: 22s/16MB
AV: 03:56:43 / 03:57:06 (100%) A-V:  0.000 Dropped: 10 Cache: 22s/16MB
AV: 03:56:43 / 03:57:06 (100%) A-V:  0.000 Dropped: 10 Cache: 22s/15MB
AV: 03:56:43 / 03:57:06 (100%) A-V:  0.000 Dropped: 10 Cache: 21s/15MB
AV: 03:56:44 / 03:57:06 (100%) A-V:  0.000 Dropped: 10 Cache: 21s/15MB
AV: 03:56:44 / 03:57:06 (100%) A-V:  0.000 Dropped: 10 Cache: 20s/15MB
AV: 03:56:44 / 03:57:06 (100%) A-V:  0.000 Dropped: 10 Cache: 20s/14MB
AV: 03:56:45 / 03:57:06 (100%) A-V:  0.000 Dropped: 10 Cache: 20s/14MB
AV: 03:56:45 / 03:57:06 (100%) A-V:  0.000 Dropped: 10 Cache: 19s/14MB
AV: 03:56:46 / 03:57:06 (100%) A-V:  0.000 Dropped: 10 Cache: 19s/14MB
AV: 03:56:46 / 03:57:06 (100%) A-V:  0.000 Dropped: 10 Cache: 19s/13MB
AV: 03:56:46 / 03:57:06 (100%) A-V:  0.000 Dropped: 10 Cache: 18s/13MB
AV: 03:56:47 / 03:57:06 (100%) A-V:  0.000 Dropped: 10 Cache: 18s/13MB
AV: 03:56:47 / 03:57:06 (100%) A-V:  0.000 Dropped: 10 Cache: 18s/12MB
AV: 03:56:47 / 03:57:12 (100%) A-V:  0.000 Dropped: 10 Cache: 24s/17MB
AV: 03:56:47 / 03:57:12 (100%) A-V:  0.000 Dropped: 10 Cache: 23s/17MB
AV: 03:56:48 / 03:57:12 (100%) A-V:  0.000 Dropped: 10 Cache: 23s/17MB
AV: 03:56:48 / 03:57:12 (100%) A-V:  0.000 Dropped: 10 Cache: 23s/16MB
AV: 03:56:48 / 03:57:12 (100%) A-V:  0.000 Dropped: 10 Cache: 22s/16MB
AV: 03:56:49 / 03:57:12 (100%) A-V:  0.000 Dropped: 10 Cache: 22s/16MB
AV: 03:56:49 / 03:57:12 (100%) A-V:  0.000 Dropped: 10 Cache: 22s/15MB
AV: 03:56:49 / 03:57:12 (100%) A-V:  0.000 Dropped: 10 Cache: 21s/15MB
AV: 03:56:50 / 03:57:12 (100%) A-V:  0.000 Dropped: 10 Cache: 21s/15MB
AV: 03:56:50 / 03:57:12 (100%) A-V:  0.000 Dropped: 10 Cache: 20s/15MB
AV: 03:56:51 / 03:57:12 (100%) A-V:  0.000 Dropped: 10 Cache: 20s/14MB
AV: 03:56:51 / 03:57:12 (100%) A-V:  0.000 Dropped: 10 Cache: 19s/14MB
AV: 03:56:52 / 03:57:12 (100%) A-V:  0.000 Dropped: 10 Cache: 19s/14MB
AV: 03:56:52 / 03:57:12 (100%) A-V:  0.000 Dropped: 10 Cache: 19s/13MB
AV: 03:56:52 / 03:57:12 (100%) A-V:  0.000 Dropped: 10 Cache: 18s/13MB
AV: 03:56:53 / 03:57:12 (100%) A-V:  0.000 Dropped: 10 Cache: 18s/13MB
AV: 03:56:53 / 03:57:12 (100%) A-V:  0.000 Dropped: 10 Cache: 17s/13MB
AV: 03:56:53 / 03:57:12 (100%) A-V:  0.000 Dropped: 10 Cache: 17s/12MB
AV: 03:56:53 / 03:57:18 (100%) A-V:  0.000 Dropped: 10 Cache: 23s/17MB
AV: 03:56:54 / 03:57:18 (100%) A-V:  0.000 Dropped: 10 Cache: 23s/17MB
AV: 03:56:54 / 03:57:18 (100%) A-V:  0.000 Dropped: 10 Cache: 23s/16MB
AV: 03:56:54 / 03:57:18 (100%) A-V:  0.000 Dropped: 10 Cache: 22s/16MB
AV: 03:56:55 / 03:57:18 (100%) A-V:  0.000 Dropped: 10 Cache: 22s/16MB
AV: 03:56:55 / 03:57:18 (100%) A-V:  0.000 Dropped: 10 Cache: 21s/16MB
AV: 03:56:55 / 03:57:18 (100%) A-V:  0.000 Dropped: 10 Cache: 21s/15MB
AV: 03:56:56 / 03:57:18 (100%) A-V:  0.000 Dropped: 10 Cache: 21s/15MB
AV: 03:56:56 / 03:57:18 (100%) A-V:  0.000 Dropped: 10 Cache: 20s/15MB
AV: 03:56:57 / 03:57:18 (100%) A-V:  0.000 Dropped: 10 Cache: 20s/15MB
AV: 03:56:57 / 03:57:18 (100%) A-V:  0.000 Dropped: 10 Cache: 20s/14MB
AV: 03:56:57 / 03:57:18 (100%) A-V:  0.000 Dropped: 10 Cache: 19s/14MB
AV: 03:56:58 / 03:57:18 (100%) A-V:  0.000 Dropped: 10 Cache: 19s/14MB
AV: 03:56:58 / 03:57:18 (100%) A-V:  0.000 Dropped: 10 Cache: 19s/13MB
AV: 03:56:58 / 03:57:18 (100%) A-V:  0.000 Dropped: 10 Cache: 18s/13MB
AV: 03:56:59 / 03:57:18 (100%) A-V:  0.000 Dropped: 10 Cache: 18s/13MB
AV: 03:56:59 / 03:57:18 (100%) A-V:  0.000 Dropped: 10 Cache: 17s/13MB
AV: 03:56:59 / 03:57:24 (100%) A-V:  0.000 Dropped: 10 Cache: 23s/17MB
AV: 03:57:00 / 03:57:24 (100%) A-V:  0.000 Dropped: 10 Cache: 23s/17MB
AV: 03:57:00 / 03:57:24 (100%) A-V:  0.000 Dropped: 10 Cache: 23s/16MB
AV: 03:57:00 / 03:57:24 (100%) A-V:  0.000 Dropped: 10 Cache: 22s/16MB
AV: 03:57:01 / 03:57:24 (100%) A-V:  0.000 Dropped: 10 Cache: 22s/16MB
AV: 03:57:01 / 03:57:24 (100%) A-V:  0.000 Dropped: 10 Cache: 22s/15MB
AV: 03:57:01 / 03:57:24 (100%) A-V:  0.000 Dropped: 10 Cache: 21s/15MB
AV: 03:57:02 / 03:57:24 (100%) A-V:  0.000 Dropped: 10 Cache: 21s/15MB
AV: 03:57:02 / 03:57:24 (100%) A-V:  0.000 Dropped: 10 Cache: 20s/15MB
AV: 03:57:02 / 03:57:24 (100%) A-V:  0.000 Dropped: 10 Cache: 20s/14MB
AV: 03:57:03 / 03:57:24 (100%) A-V:  0.000 Dropped: 10 Cache: 20s/14MB
AV: 03:57:03 / 03:57:24 (100%) A-V:  0.000 Dropped: 10 Cache: 19s/14MB
AV: 03:57:04 / 03:57:24 (100%) A-V:  0.000 Dropped: 10 Cache: 19s/14MB
AV: 03:57:04 / 03:57:24 (100%) A-V:  0.000 Dropped: 10 Cache: 19s/13MB
AV: 03:57:04 / 03:57:24 (100%) A-V:  0.000 Dropped: 10 Cache: 18s/13MB
AV: 03:57:05 / 03:57:24 (100%) A-V:  0.000 Dropped: 10 Cache: 18s/13MB
AV: 03:57:05 / 03:57:24 (100%) A-V:  0.000 Dropped: 10 Cache: 17s/13MB
AV: 03:57:06 / 03:57:24 (100%) A-V:  0.000 Dropped: 10 Cache: 17s/12MB
AV: 03:57:06 / 03:57:30 (100%) A-V:  0.000 Dropped: 10 Cache: 23s/16MB
AV: 03:57:06 / 03:57:30 (100%) A-V:  0.000 Dropped: 10 Cache: 22s/16MB
AV: 03:57:07 / 03:57:30 (100%) A-V:  0.000 Dropped: 10 Cache: 22s/16MB
AV: 03:57:07 / 03:57:30 (100%) A-V:  0.000 Dropped: 10 Cache: 22s/15MB
AV: 03:57:07 / 03:57:30 (100%) A-V:  0.000 Dropped: 10 Cache: 21s/15MB
AV: 03:57:08 / 03:57:30 (100%) A-V:  0.000 Dropped: 10 Cache: 21s/15MB
AV: 03:57:08 / 03:57:30 (100%) A-V:  0.000 Dropped: 10 Cache: 20s/15MB
AV: 03:57:08 / 03:57:30 (100%) A-V:  0.000 Dropped: 10 Cache: 20s/14MB
AV: 03:57:09 / 03:57:30 (100%) A-V:  0.000 Dropped: 10 Cache: 20s/14MB
AV: 03:57:09 / 03:57:30 (100%) A-V:  0.072 Dropped: 11 Cache: 20s/14MB
AV: 03:57:09 / 03:57:30 (100%) A-V:  0.057 Dropped: 12 Cache: 20s/14MB
AV: 03:57:09 / 03:57:30 (100%) A-V:  0.040 Dropped: 13 Cache: 20s/14MB
AV: 03:57:09 / 03:57:30 (100%) A-V:  0.023 Dropped: 14 Cache: 20s/14MB
AV: 03:57:09 / 03:57:30 (100%) A-V:  0.007 Dropped: 15 Cache: 20s/14MB
AV: 03:57:09 / 03:57:30 (100%) A-V:  0.000 Dropped: 15 Cache: 20s/14MB
AV: 03:57:09 / 03:57:30 (100%) A-V:  0.000 Dropped: 15 Cache: 19s/14MB
AV: 03:57:10 / 03:57:30 (100%) A-V:  0.000 Dropped: 15 Cache: 19s/14MB
AV: 03:57:10 / 03:57:30 (100%) A-V:  0.000 Dropped: 15 Cache: 19s/13MB
AV: 03:57:10 / 03:57:30 (100%) A-V:  0.000 Dropped: 15 Cache: 18s/13MB
AV: 03:57:11 / 03:57:30 (100%) A-V:  0.000 Dropped: 15 Cache: 18s/13MB
AV: 03:57:11 / 03:57:30 (100%) A-V:  0.000 Dropped: 15 Cache: 18s/12MB
AV: 03:57:11 / 03:57:30 (100%) A-V:  0.000 Dropped: 15 Cache: 17s/12MB
AV: 03:57:12 / 03:57:30 (100%) A-V:  0.000 Dropped: 15 Cache: 17s/12MB
AV: 03:57:12 / 03:57:36 (100%) A-V:  0.000 Dropped: 15 Cache: 23s/16MB
AV: 03:57:12 / 03:57:36 (100%) A-V:  0.000 Dropped: 15 Cache: 22s/16MB
AV: 03:57:13 / 03:57:36 (100%) A-V:  0.000 Dropped: 15 Cache: 22s/16MB
AV: 03:57:13 / 03:57:36 (100%) A-V:  0.000 Dropped: 15 Cache: 22s/15MB
AV: 03:57:13 / 03:57:36 (100%) A-V:  0.000 Dropped: 15 Cache: 21s/15MB
AV: 03:57:14 / 03:57:36 (100%) A-V:  0.000 Dropped: 15 Cache: 21s/15MB
AV: 03:57:14 / 03:57:36 (100%) A-V:  0.000 Dropped: 15 Cache: 21s/14MB
AV: 03:57:14 / 03:57:36 (100%) A-V:  0.000 Dropped: 15 Cache: 20s/14MB
AV: 03:57:15 / 03:57:36 (100%) A-V:  0.000 Dropped: 15 Cache: 20s/14MB
AV: 03:57:15 / 03:57:36 (100%) A-V:  0.000 Dropped: 15 Cache: 19s/14MB
AV: 03:57:16 / 03:57:36 (100%) A-V:  0.000 Dropped: 15 Cache: 19s/14MB
AV: 03:57:16 / 03:57:36 (100%) A-V:  0.000 Dropped: 15 Cache: 19s/13MB
AV: 03:57:16 / 03:57:36 (100%) A-V:  0.000 Dropped: 15 Cache: 18s/13MB
AV: 03:57:17 / 03:57:36 (100%) A-V:  0.000 Dropped: 15 Cache: 18s/13MB
AV: 03:57:17 / 03:57:36 (100%) A-V:  0.000 Dropped: 15 Cache: 18s/12MB
AV: 03:57:17 / 03:57:36 (100%) A-V:  0.000 Dropped: 15 Cache: 17s/12MB
AV: 03:57:18 / 03:57:36 (100%) A-V:  0.000 Dropped: 15 Cache: 17s/12MB
AV: 03:57:18 / 03:57:42 (100%) A-V:  0.000 Dropped: 15 Cache: 23s/16MB
AV: 03:57:18 / 03:57:42 (100%) A-V:  0.000 Dropped: 15 Cache: 22s/16MB
AV: 03:57:19 / 03:57:42 (100%) A-V:  0.000 Dropped: 15 Cache: 22s/16MB
AV: 03:57:19 / 03:57:42 (100%) A-V:  0.000 Dropped: 15 Cache: 22s/15MB
AV: 03:57:19 / 03:57:42 (100%) A-V:  0.000 Dropped: 15 Cache: 21s/15MB
AV: 03:57:20 / 03:57:42 (100%) A-V:  0.000 Dropped: 15 Cache: 21s/15MB
AV: 03:57:20 / 03:57:42 (100%) A-V:  0.000 Dropped: 15 Cache: 20s/15MB
AV: 03:57:20 / 03:57:42 (100%) A-V:  0.000 Dropped: 15 Cache: 20s/14MB
AV: 03:57:20 / 03:57:42 (100%) A-V:  0.360 Dropped: 16 Cache: 20s/14MB
AV: 03:57:20 / 03:57:42 (100%) A-V:  0.345 Dropped: 17 Cache: 20s/14MB
AV: 03:57:20 / 03:57:42 (100%) A-V:  0.328 Dropped: 18 Cache: 20s/14MB
AV: 03:57:20 / 03:57:42 (100%) A-V:  0.311 Dropped: 19 Cache: 20s/14MB
AV: 03:57:21 / 03:57:42 (100%) A-V:  0.295 Dropped: 20 Cache: 20s/14MB
AV: 03:57:21 / 03:57:42 (100%) A-V:  0.278 Dropped: 21 Cache: 20s/14MB
AV: 03:57:21 / 03:57:42 (100%) A-V:  0.261 Dropped: 22 Cache: 20s/14MB
AV: 03:57:21 / 03:57:42 (100%) A-V:  0.245 Dropped: 23 Cache: 20s/14MB
AV: 03:57:21 / 03:57:42 (100%) A-V:  0.228 Dropped: 24 Cache: 20s/14MB
AV: 03:57:21 / 03:57:42 (100%) A-V:  0.211 Dropped: 25 Cache: 20s/14MB
AV: 03:57:21 / 03:57:42 (100%) A-V:  0.195 Dropped: 26 Cache: 20s/14MB
AV: 03:57:21 / 03:57:42 (100%) A-V:  0.178 Dropped: 27 Cache: 20s/14MB
AV: 03:57:21 / 03:57:42 (100%) A-V:  0.162 Dropped: 28 Cache: 20s/14MB
AV: 03:57:21 / 03:57:42 (100%) A-V:  0.146 Dropped: 29 Cache: 20s/14MB
AV: 03:57:21 / 03:57:42 (100%) A-V:  0.129 Dropped: 30 Cache: 20s/14MB
AV: 03:57:21 / 03:57:42 (100%) A-V:  0.112 Dropped: 31 Cache: 20s/14MB
AV: 03:57:21 / 03:57:42 (100%) A-V:  0.099 Dropped: 32 Cache: 20s/14MB
AV: 03:57:21 / 03:57:42 (100%) A-V:  0.083 Dropped: 33 Cache: 20s/14MB
AV: 03:57:21 / 03:57:42 (100%) A-V:  0.067 Dropped: 34 Cache: 20s/14MB
AV: 03:57:21 / 03:57:42 (100%) A-V:  0.051 Dropped: 35 Cache: 20s/14MB
AV: 03:57:21 / 03:57:42 (100%) A-V:  0.034 Dropped: 36 Cache: 20s/14MB
AV: 03:57:21 / 03:57:42 (100%) A-V:  0.017 Dropped: 37 Cache: 20s/14MB
AV: 03:57:21 / 03:57:42 (100%) A-V:  0.001 Dropped: 38 Cache: 20s/14MB
AV: 03:57:21 / 03:57:42 (100%) A-V:  0.000 Dropped: 38 Cache: 20s/14MB
AV: 03:57:21 / 03:57:42 (100%) A-V:  0.026 Dropped: 39 Cache: 20s/14MB
AV: 03:57:21 / 03:57:42 (100%) A-V:  0.010 Dropped: 40 Cache: 20s/14MB
AV: 03:57:21 / 03:57:42 (100%) A-V:  0.000 Dropped: 40 Cache: 20s/14MB
AV: 03:57:21 / 03:57:42 (100%) A-V:  0.038 Dropped: 41 Cache: 20s/14MB
AV: 03:57:21 / 03:57:42 (100%) A-V:  0.021 Dropped: 42 Cache: 20s/14MB
AV: 03:57:21 / 03:57:42 (100%) A-V:  0.005 Dropped: 43 Cache: 20s/14MB
AV: 03:57:21 / 03:57:42 (100%) A-V:  0.000 Dropped: 43 Cache: 20s/14MB
AV: 03:57:21 / 03:57:42 (100%) A-V:  0.005 Dropped: 44 Cache: 20s/14MB
AV: 03:57:21 / 03:57:42 (100%) A-V:  0.000 Dropped: 44 Cache: 20s/14MB
AV: 03:57:21 / 03:57:42 (100%) A-V:  0.000 Dropped: 45 Cache: 20s/14MB
AV: 03:57:21 / 03:57:42 (100%) A-V:  0.000 Dropped: 45 Cache: 19s/14MB
AV: 03:57:21 / 03:57:42 (100%) A-V:  0.010 Dropped: 46 Cache: 19s/14MB
AV: 03:57:21 / 03:57:42 (100%) A-V:  0.000 Dropped: 46 Cache: 19s/14MB
AV: 03:57:21 / 03:57:42 (100%) A-V:  0.002 Dropped: 47 Cache: 19s/14MB
AV: 03:57:21 / 03:57:42 (100%) A-V:  0.000 Dropped: 47 Cache: 19s/14MB
AV: 03:57:22 / 03:57:42 (100%) A-V:  0.000 Dropped: 47 Cache: 19s/14MB
AV: 03:57:22 / 03:57:42 (100%) A-V:  0.008 Dropped: 48 Cache: 19s/14MB
AV: 03:57:22 / 03:57:42 (100%) A-V:  0.000 Dropped: 48 Cache: 19s/14MB
AV: 03:57:22 / 03:57:42 (100%) A-V:  0.005 Dropped: 49 Cache: 19s/14MB
AV: 03:57:22 / 03:57:42 (100%) A-V:  0.000 Dropped: 49 Cache: 19s/14MB
AV: 03:57:22 / 03:57:42 (100%) A-V:  0.000 Dropped: 49 Cache: 19s/13MB
AV: 03:57:22 / 03:57:42 (100%) A-V:  0.000 Dropped: 49 Cache: 18s/13MB
AV: 03:57:23 / 03:57:42 (100%) A-V:  0.000 Dropped: 49 Cache: 18s/13MB
AV: 03:57:23 / 03:57:42 (100%) A-V:  0.008 Dropped: 50 Cache: 18s/13MB
AV: 03:57:23 / 03:57:42 (100%) A-V:  0.000 Dropped: 50 Cache: 18s/12MB
AV: 03:57:23 / 03:57:42 (100%) A-V:  0.036 Dropped: 51 Cache: 18s/12MB
AV: 03:57:23 / 03:57:42 (100%) A-V:  0.019 Dropped: 52 Cache: 18s/12MB
AV: 03:57:23 / 03:57:42 (100%) A-V:  0.003 Dropped: 53 Cache: 18s/12MB
AV: 03:57:23 / 03:57:42 (100%) A-V:  0.000 Dropped: 53 Cache: 18s/12MB
AV: 03:57:23 / 03:57:42 (100%) A-V:  0.000 Dropped: 54 Cache: 18s/12MB
AV: 03:57:23 / 03:57:42 (100%) A-V:  0.004 Dropped: 55 Cache: 18s/12MB
AV: 03:57:23 / 03:57:42 (100%) A-V:  0.000 Dropped: 55 Cache: 17s/12MB
AV: 03:57:23 / 03:57:42 (100%) A-V:  0.009 Dropped: 56 Cache: 17s/12MB
AV: 03:57:23 / 03:57:42 (100%) A-V:  0.000 Dropped: 56 Cache: 17s/12MB
AV: 03:57:23 / 03:57:42 (100%) A-V:  0.005 Dropped: 57 Cache: 17s/12MB
AV: 03:57:23 / 03:57:42 (100%) A-V:  0.000 Dropped: 57 Cache: 17s/12MB
AV: 03:57:24 / 03:57:42 (100%) A-V:  0.000 Dropped: 57 Cache: 17s/12MB
AV: 03:57:24 / 03:57:42 (100%) A-V:  0.002 Dropped: 58 Cache: 17s/12MB
AV: 03:57:24 / 03:57:42 (100%) A-V:  0.000 Dropped: 58 Cache: 17s/12MB
AV: 03:57:24 / 03:57:42 (100%) A-V:  0.010 Dropped: 59 Cache: 17s/12MB
AV: 03:57:24 / 03:57:42 (100%) A-V:  0.000 Dropped: 59 Cache: 17s/12MB
AV: 03:57:24 / 03:57:42 (100%) A-V:  0.007 Dropped: 60 Cache: 17s/12MB
AV: 03:57:24 / 03:57:42 (100%) A-V:  0.000 Dropped: 60 Cache: 17s/12MB
AV: 03:57:24 / 03:57:42 (100%) A-V:  0.001 Dropped: 61 Cache: 17s/12MB
AV: 03:57:24 / 03:57:42 (100%) A-V:  0.000 Dropped: 61 Cache: 17s/12MB
AV: 03:57:24 / 03:57:42 (100%) A-V:  0.004 Dropped: 62 Cache: 17s/12MB
AV: 03:57:24 / 03:57:42 (100%) A-V:  0.000 Dropped: 62 Cache: 17s/12MB
AV: 03:57:24 / 03:57:42 (100%) A-V:  0.012 Dropped: 63 Cache: 17s/12MB
AV: 03:57:24 / 03:57:42 (100%) A-V:  0.000 Dropped: 63 Cache: 17s/12MB
AV: 03:57:24 / 03:57:42 (100%) A-V:  0.007 Dropped: 64 Cache: 17s/12MB
AV: 03:57:24 / 03:57:42 (100%) A-V:  0.000 Dropped: 64 Cache: 17s/12MB
AV: 03:57:24 / 03:57:42 (100%) A-V:  0.004 Dropped: 65 Cache: 17s/12MB
AV: 03:57:24 / 03:57:42 (100%) A-V:  0.000 Dropped: 65 Cache: 16s/12MB
AV: 03:57:24 / 03:57:42 (100%) A-V:  0.000 Dropped: 65 Cache: 16s/11MB
AV: 03:57:24 / 03:57:48 (100%) A-V:  0.000 Dropped: 65 Cache: 22s/16MB
AV: 03:57:24 / 03:57:48 (100%) A-V:  0.011 Dropped: 66 Cache: 22s/16MB
AV: 03:57:24 / 03:57:48 (100%) A-V:  0.000 Dropped: 66 Cache: 22s/16MB
AV: 03:57:24 / 03:57:48 (100%) A-V:  0.007 Dropped: 67 Cache: 22s/16MB
AV: 03:57:24 / 03:57:48 (100%) A-V:  0.000 Dropped: 67 Cache: 22s/16MB
AV: 03:57:24 / 03:57:48 (100%) A-V:  0.001 Dropped: 68 Cache: 22s/16MB
AV: 03:57:25 / 03:57:48 (100%) A-V:  0.000 Dropped: 68 Cache: 22s/16MB
AV: 03:57:25 / 03:57:48 (100%) A-V:  0.011 Dropped: 69 Cache: 22s/16MB
AV: 03:57:25 / 03:57:48 (100%) A-V:  0.000 Dropped: 69 Cache: 22s/16MB
AV: 03:57:25 / 03:57:48 (100%) A-V:  0.004 Dropped: 70 Cache: 22s/16MB
AV: 03:57:25 / 03:57:48 (100%) A-V:  0.000 Dropped: 70 Cache: 22s/16MB
AV: 03:57:25 / 03:57:48 (100%) A-V:  0.011 Dropped: 71 Cache: 22s/16MB
AV: 03:57:25 / 03:57:48 (100%) A-V:  0.000 Dropped: 71 Cache: 22s/16MB
AV: 03:57:25 / 03:57:48 (100%) A-V:  0.008 Dropped: 72 Cache: 22s/16MB
AV: 03:57:25 / 03:57:48 (100%) A-V:  0.000 Dropped: 72 Cache: 22s/16MB
AV: 03:57:25 / 03:57:48 (100%) A-V:  0.004 Dropped: 73 Cache: 22s/16MB
AV: 03:57:25 / 03:57:48 (100%) A-V:  0.000 Dropped: 73 Cache: 22s/16MB
AV: 03:57:25 / 03:57:48 (100%) A-V:  0.010 Dropped: 74 Cache: 22s/16MB
AV: 03:57:25 / 03:57:48 (100%) A-V:  0.000 Dropped: 74 Cache: 22s/16MB
AV: 03:57:25 / 03:57:48 (100%) A-V:  0.007 Dropped: 75 Cache: 22s/16MB
AV: 03:57:25 / 03:57:48 (100%) A-V:  0.000 Dropped: 75 Cache: 22s/16MB
AV: 03:57:25 / 03:57:48 (100%) A-V:  0.001 Dropped: 76 Cache: 22s/16MB
AV: 03:57:25 / 03:57:48 (100%) A-V:  0.000 Dropped: 76 Cache: 22s/16MB
AV: 03:57:25 / 03:57:48 (100%) A-V:  0.000 Dropped: 76 Cache: 21s/16MB
AV: 03:57:25 / 03:57:48 (100%) A-V:  0.000 Dropped: 76 Cache: 21s/15MB
AV: 03:57:25 / 03:57:48 (100%) A-V:  0.010 Dropped: 77 Cache: 21s/15MB
AV: 03:57:25 / 03:57:48 (100%) A-V:  0.000 Dropped: 77 Cache: 21s/15MB
AV: 03:57:25 / 03:57:48 (100%) A-V:  0.006 Dropped: 78 Cache: 21s/15MB
AV: 03:57:25 / 03:57:48 (100%) A-V:  0.000 Dropped: 78 Cache: 21s/15MB
AV: 03:57:25 / 03:57:48 (100%) A-V:  0.001 Dropped: 79 Cache: 21s/15MB
AV: 03:57:25 / 03:57:48 (100%) A-V:  0.000 Dropped: 79 Cache: 21s/15MB
AV: 03:57:26 / 03:57:48 (100%) A-V:  0.000 Dropped: 79 Cache: 21s/15MB
AV: 03:57:26 / 03:57:48 (100%) A-V:  0.008 Dropped: 80 Cache: 21s/15MB
AV: 03:57:26 / 03:57:48 (100%) A-V:  0.000 Dropped: 80 Cache: 21s/15MB
AV: 03:57:26 / 03:57:48 (100%) A-V:  0.005 Dropped: 81 Cache: 21s/15MB
AV: 03:57:26 / 03:57:48 (100%) A-V:  0.000 Dropped: 81 Cache: 21s/15MB
AV: 03:57:26 / 03:57:48 (100%) A-V:  0.007 Dropped: 82 Cache: 21s/15MB
AV: 03:57:26 / 03:57:48 (100%) A-V:  0.000 Dropped: 82 Cache: 21s/15MB
AV: 03:57:26 / 03:57:48 (100%) A-V:  0.004 Dropped: 83 Cache: 21s/15MB
AV: 03:57:26 / 03:57:48 (100%) A-V:  0.000 Dropped: 83 Cache: 21s/15MB
AV: 03:57:26 / 03:57:48 (100%) A-V:  0.001 Dropped: 83 Cache: 21s/15MB
AV: 03:57:26 / 03:57:48 (100%) A-V:  0.000 Dropped: 83 Cache: 21s/15MB
AV: 03:57:26 / 03:57:48 (100%) A-V:  0.012 Dropped: 84 Cache: 21s/15MB
AV: 03:57:26 / 03:57:48 (100%) A-V:  0.000 Dropped: 84 Cache: 21s/15MB
AV: 03:57:26 / 03:57:48 (100%) A-V:  0.007 Dropped: 85 Cache: 21s/15MB
AV: 03:57:26 / 03:57:48 (100%) A-V:  0.000 Dropped: 85 Cache: 21s/15MB
AV: 03:57:26 / 03:57:48 (100%) A-V:  0.003 Dropped: 86 Cache: 21s/15MB
AV: 03:57:26 / 03:57:48 (100%) A-V:  0.000 Dropped: 86 Cache: 21s/15MB
AV: 03:57:26 / 03:57:48 (100%) A-V:  0.010 Dropped: 87 Cache: 20s/15MB
AV: 03:57:26 / 03:57:48 (100%) A-V:  0.000 Dropped: 87 Cache: 20s/15MB
AV: 03:57:26 / 03:57:48 (100%) A-V:  0.006 Dropped: 88 Cache: 20s/15MB
AV: 03:57:26 / 03:57:48 (100%) A-V:  0.000 Dropped: 88 Cache: 20s/15MB
AV: 03:57:26 / 03:57:48 (100%) A-V:  0.001 Dropped: 89 Cache: 20s/15MB
AV: 03:57:26 / 03:57:48 (100%) A-V:  0.000 Dropped: 89 Cache: 20s/15MB
AV: 03:57:27 / 03:57:48 (100%) A-V:  0.008 Dropped: 90 Cache: 20s/15MB
AV: 03:57:27 / 03:57:48 (100%) A-V:  0.000 Dropped: 90 Cache: 20s/15MB
AV: 03:57:27 / 03:57:48 (100%) A-V:  0.002 Dropped: 91 Cache: 20s/15MB
AV: 03:57:27 / 03:57:48 (100%) A-V:  0.000 Dropped: 91 Cache: 20s/15MB
AV: 03:57:27 / 03:57:48 (100%) A-V:  0.011 Dropped: 92 Cache: 20s/15MB
AV: 03:57:27 / 03:57:48 (100%) A-V:  0.000 Dropped: 92 Cache: 20s/15MB
AV: 03:57:27 / 03:57:48 (100%) A-V:  0.007 Dropped: 93 Cache: 20s/15MB
AV: 03:57:27 / 03:57:48 (100%) A-V:  0.000 Dropped: 93 Cache: 20s/15MB
AV: 03:57:27 / 03:57:48 (100%) A-V:  0.004 Dropped: 94 Cache: 20s/15MB
AV: 03:57:27 / 03:57:48 (100%) A-V:  0.000 Dropped: 94 Cache: 20s/15MB
AV: 03:57:27 / 03:57:48 (100%) A-V:  0.000 Dropped: 95 Cache: 20s/15MB
AV: 03:57:27 / 03:57:48 (100%) A-V:  0.008 Dropped: 96 Cache: 20s/15MB
AV: 03:57:27 / 03:57:48 (100%) A-V:  0.000 Dropped: 96 Cache: 20s/15MB
AV: 03:57:27 / 03:57:48 (100%) A-V:  0.003 Dropped: 97 Cache: 20s/14MB
AV: 03:57:27 / 03:57:48 (100%) A-V:  0.000 Dropped: 97 Cache: 20s/14MB
AV: 03:57:27 / 03:57:48 (100%) A-V:  0.010 Dropped: 98 Cache: 20s/14MB
AV: 03:57:27 / 03:57:48 (100%) A-V:  0.000 Dropped: 98 Cache: 20s/14MB
AV: 03:57:27 / 03:57:48 (100%) A-V:  0.006 Dropped: 99 Cache: 19s/14MB
AV: 03:57:27 / 03:57:48 (100%) A-V:  0.000 Dropped: 99 Cache: 19s/14MB
AV: 03:57:27 / 03:57:48 (100%) A-V:  0.002 Dropped: 100 Cache: 19s/14MB
AV: 03:57:27 / 03:57:48 (100%) A-V:  0.000 Dropped: 100 Cache: 19s/14MB
AV: 03:57:27 / 03:57:48 (100%) A-V:  0.008 Dropped: 101 Cache: 19s/14MB
AV: 03:57:27 / 03:57:48 (100%) A-V:  0.000 Dropped: 101 Cache: 19s/14MB
AV: 03:57:28 / 03:57:48 (100%) A-V:  0.004 Dropped: 102 Cache: 19s/14MB
AV: 03:57:28 / 03:57:48 (100%) A-V:  0.000 Dropped: 102 Cache: 19s/14MB
AV: 03:57:28 / 03:57:48 (100%) A-V:  0.000 Dropped: 103 Cache: 19s/14MB
AV: 03:57:28 / 03:57:48 (100%) A-V:  0.009 Dropped: 104 Cache: 19s/14MB
AV: 03:57:28 / 03:57:48 (100%) A-V:  0.000 Dropped: 104 Cache: 19s/14MB
AV: 03:57:28 / 03:57:48 (100%) A-V:  0.005 Dropped: 105 Cache: 19s/14MB
AV: 03:57:28 / 03:57:48 (100%) A-V:  0.000 Dropped: 105 Cache: 19s/14MB
AV: 03:57:28 / 03:57:48 (100%) A-V:  0.001 Dropped: 106 Cache: 19s/14MB
AV: 03:57:28 / 03:57:48 (100%) A-V:  0.000 Dropped: 106 Cache: 19s/14MB
AV: 03:57:28 / 03:57:48 (100%) A-V:  0.009 Dropped: 107 Cache: 19s/14MB
AV: 03:57:28 / 03:57:48 (100%) A-V:  0.000 Dropped: 107 Cache: 19s/14MB
AV: 03:57:28 / 03:57:48 (100%) A-V:  0.004 Dropped: 108 Cache: 19s/14MB
AV: 03:57:28 / 03:57:48 (100%) A-V:  0.000 Dropped: 108 Cache: 19s/14MB
AV: 03:57:28 / 03:57:48 (100%) A-V:  0.011 Dropped: 109 Cache: 19s/14MB
AV: 03:57:28 / 03:57:48 (100%) A-V:  0.000 Dropped: 109 Cache: 19s/14MB
AV: 03:57:28 / 03:57:48 (100%) A-V:  0.006 Dropped: 110 Cache: 19s/14MB
AV: 03:57:28 / 03:57:48 (100%) A-V:  0.000 Dropped: 110 Cache: 19s/14MB
AV: 03:57:28 / 03:57:48 (100%) A-V:  0.003 Dropped: 111 Cache: 18s/14MB
AV: 03:57:28 / 03:57:48 (100%) A-V:  0.000 Dropped: 111 Cache: 18s/14MB
AV: 03:57:28 / 03:57:48 (100%) A-V:  0.010 Dropped: 112 Cache: 18s/14MB
AV: 03:57:28 / 03:57:48 (100%) A-V:  0.000 Dropped: 112 Cache: 18s/14MB
AV: 03:57:28 / 03:57:48 (100%) A-V:  0.000 Dropped: 112 Cache: 18s/13MB
AV: 03:57:28 / 03:57:48 (100%) A-V:  0.005 Dropped: 113 Cache: 18s/13MB
AV: 03:57:28 / 03:57:48 (100%) A-V:  0.000 Dropped: 113 Cache: 18s/13MB
AV: 03:57:29 / 03:57:48 (100%) A-V:  0.002 Dropped: 114 Cache: 18s/13MB
AV: 03:57:29 / 03:57:48 (100%) A-V:  0.000 Dropped: 114 Cache: 18s/13MB
AV: 03:57:29 / 03:57:48 (100%) A-V:  0.009 Dropped: 115 Cache: 18s/13MB
AV: 03:57:29 / 03:57:48 (100%) A-V:  0.000 Dropped: 115 Cache: 18s/13MB
AV: 03:57:29 / 03:57:48 (100%) A-V:  0.005 Dropped: 116 Cache: 18s/13MB
AV: 03:57:29 / 03:57:48 (100%) A-V:  0.000 Dropped: 116 Cache: 18s/13MB
AV: 03:57:29 / 03:57:48 (100%) A-V:  0.001 Dropped: 117 Cache: 18s/13MB
AV: 03:57:29 / 03:57:48 (100%) A-V:  0.000 Dropped: 117 Cache: 18s/13MB
AV: 03:57:29 / 03:57:48 (100%) A-V:  0.005 Dropped: 118 Cache: 18s/13MB
AV: 03:57:29 / 03:57:48 (100%) A-V:  0.000 Dropped: 118 Cache: 18s/13MB
AV: 03:57:29 / 03:57:48 (100%) A-V:  0.012 Dropped: 119 Cache: 18s/13MB
AV: 03:57:29 / 03:57:48 (100%) A-V:  0.000 Dropped: 119 Cache: 18s/13MB
AV: 03:57:29 / 03:57:48 (100%) A-V:  0.009 Dropped: 120 Cache: 18s/13MB
AV: 03:57:29 / 03:57:48 (100%) A-V:  0.000 Dropped: 120 Cache: 18s/13MB
AV: 03:57:29 / 03:57:48 (100%) A-V:  0.005 Dropped: 121 Cache: 18s/13MB
AV: 03:57:29 / 03:57:48 (100%) A-V:  0.000 Dropped: 121 Cache: 18s/13MB
AV: 03:57:29 / 03:57:48 (100%) A-V:  0.000 Dropped: 121 Cache: 17s/13MB
AV: 03:57:29 / 03:57:48 (100%) A-V:  0.012 Dropped: 122 Cache: 17s/13MB
AV: 03:57:29 / 03:57:48 (100%) A-V:  0.000 Dropped: 122 Cache: 17s/13MB
AV: 03:57:29 / 03:57:48 (100%) A-V:  0.008 Dropped: 123 Cache: 17s/13MB
AV: 03:57:29 / 03:57:48 (100%) A-V:  0.000 Dropped: 123 Cache: 17s/13MB
AV: 03:57:29 / 03:57:48 (100%) A-V:  0.003 Dropped: 124 Cache: 17s/13MB
AV: 03:57:29 / 03:57:48 (100%) A-V:  0.000 Dropped: 124 Cache: 17s/13MB
AV: 03:57:30 / 03:57:48 (100%) A-V:  0.000 Dropped: 124 Cache: 17s/13MB
AV: 03:57:30 / 03:57:48 (100%) A-V:  0.000 Dropped: 124 Cache: 17s/12MB
AV: 03:57:30 / 03:57:48 (100%) A-V:  0.008 Dropped: 125 Cache: 17s/12MB
AV: 03:57:30 / 03:57:48 (100%) A-V:  0.000 Dropped: 125 Cache: 17s/12MB
AV: 03:57:30 / 03:57:48 (100%) A-V:  0.001 Dropped: 126 Cache: 17s/12MB
AV: 03:57:30 / 03:57:48 (100%) A-V:  0.000 Dropped: 126 Cache: 17s/12MB
AV: 03:57:30 / 03:57:48 (100%) A-V:  0.009 Dropped: 127 Cache: 17s/12MB
AV: 03:57:30 / 03:57:48 (100%) A-V:  0.000 Dropped: 127 Cache: 17s/12MB
AV: 03:57:30 / 03:57:48 (100%) A-V:  0.004 Dropped: 128 Cache: 17s/12MB
AV: 03:57:30 / 03:57:48 (100%) A-V:  0.000 Dropped: 128 Cache: 17s/12MB
AV: 03:57:30 / 03:57:48 (100%) A-V:  0.013 Dropped: 129 Cache: 17s/12MB
AV: 03:57:30 / 03:57:48 (100%) A-V:  0.000 Dropped: 129 Cache: 17s/12MB
AV: 03:57:30 / 03:57:48 (100%) A-V:  0.007 Dropped: 130 Cache: 17s/12MB
AV: 03:57:30 / 03:57:48 (100%) A-V:  0.000 Dropped: 130 Cache: 17s/12MB
AV: 03:57:30 / 03:57:48 (100%) A-V:  0.004 Dropped: 131 Cache: 17s/12MB
AV: 03:57:30 / 03:57:48 (100%) A-V:  0.000 Dropped: 131 Cache: 17s/12MB
AV: 03:57:30 / 03:57:48 (100%) A-V:  0.001 Dropped: 131 Cache: 17s/12MB
AV: 03:57:30 / 03:57:48 (100%) A-V:  0.000 Dropped: 131 Cache: 17s/12MB
AV: 03:57:30 / 03:57:48 (100%) A-V:  0.012 Dropped: 132 Cache: 16s/12MB
AV: 03:57:30 / 03:57:48 (100%) A-V:  0.000 Dropped: 132 Cache: 16s/12MB
AV: 03:57:30 / 03:57:48 (100%) A-V:  0.004 Dropped: 133 Cache: 16s/12MB
AV: 03:57:30 / 03:57:48 (100%) A-V:  0.000 Dropped: 133 Cache: 16s/12MB
AV: 03:57:30 / 03:57:54 (100%) A-V:  0.000 Dropped: 133 Cache: 22s/16MB
AV: 03:57:30 / 03:57:54 (100%) A-V:  0.000 Dropped: 134 Cache: 22s/16MB
AV: 03:57:31 / 03:57:54 (100%) A-V:  0.000 Dropped: 134 Cache: 22s/16MB
AV: 03:57:31 / 03:57:54 (100%) A-V:  0.008 Dropped: 135 Cache: 22s/16MB
AV: 03:57:31 / 03:57:54 (100%) A-V:  0.000 Dropped: 135 Cache: 22s/16MB
AV: 03:57:31 / 03:57:54 (100%) A-V:  0.005 Dropped: 136 Cache: 22s/16MB
AV: 03:57:31 / 03:57:54 (100%) A-V:  0.000 Dropped: 136 Cache: 22s/16MB
AV: 03:57:31 / 03:57:54 (100%) A-V:  0.000 Dropped: 136 Cache: 21s/16MB
AV: 03:57:31 / 03:57:54 (100%) A-V:  0.000 Dropped: 136 Cache: 21s/15MB
AV: 03:57:32 / 03:57:54 (100%) A-V:  0.000 Dropped: 136 Cache: 21s/15MB
AV: 03:57:32 / 03:57:54 (100%) A-V:  0.000 Dropped: 136 Cache: 20s/15MB
AV: 03:57:33 / 03:57:54 (100%) A-V:  0.000 Dropped: 136 Cache: 20s/15MB
AV: 03:57:33 / 03:57:54 (100%) A-V:  0.000 Dropped: 136 Cache: 20s/14MB
AV: 03:57:33 / 03:57:54 (100%) A-V:  0.000 Dropped: 136 Cache: 19s/14MB
AV: 03:57:34 / 03:57:54 (100%) A-V:  0.000 Dropped: 136 Cache: 19s/14MB
AV: 03:57:34 / 03:57:54 (100%) A-V:  0.238 Dropped: 137 Cache: 19s/14MB
AV: 03:57:34 / 03:57:54 (100%) A-V:  0.221 Dropped: 138 Cache: 19s/14MB
AV: 03:57:34 / 03:57:54 (100%) A-V:  0.205 Dropped: 139 Cache: 19s/14MB
AV: 03:57:34 / 03:57:54 (100%) A-V:  0.188 Dropped: 140 Cache: 19s/14MB
AV: 03:57:34 / 03:57:54 (100%) A-V:  0.172 Dropped: 141 Cache: 19s/14MB
AV: 03:57:34 / 03:57:54 (100%) A-V:  0.156 Dropped: 142 Cache: 19s/14MB
AV: 03:57:34 / 03:57:54 (100%) A-V:  0.139 Dropped: 143 Cache: 19s/14MB
AV: 03:57:34 / 03:57:54 (100%) A-V:  0.122 Dropped: 144 Cache: 19s/14MB
AV: 03:57:34 / 03:57:54 (100%) A-V:  0.106 Dropped: 145 Cache: 19s/14MB
AV: 03:57:34 / 03:57:54 (100%) A-V:  0.089 Dropped: 146 Cache: 19s/14MB
AV: 03:57:34 / 03:57:54 (100%) A-V:  0.072 Dropped: 147 Cache: 19s/14MB
AV: 03:57:34 / 03:57:54 (100%) A-V:  0.056 Dropped: 148 Cache: 19s/14MB
AV: 03:57:34 / 03:57:54 (100%) A-V:  0.039 Dropped: 149 Cache: 19s/14MB
AV: 03:57:34 / 03:57:54 (100%) A-V:  0.022 Dropped: 150 Cache: 19s/14MB
AV: 03:57:34 / 03:57:54 (100%) A-V:  0.007 Dropped: 151 Cache: 19s/14MB
AV: 03:57:34 / 03:57:54 (100%) A-V:  0.000 Dropped: 151 Cache: 19s/14MB
AV: 03:57:34 / 03:57:54 (100%) A-V:  0.383 Dropped: 152 Cache: 19s/14MB
AV: 03:57:34 / 03:57:54 (100%) A-V:  0.367 Dropped: 153 Cache: 19s/14MB
AV: 03:57:34 / 03:57:54 (100%) A-V:  0.350 Dropped: 154 Cache: 19s/14MB
AV: 03:57:34 / 03:57:54 (100%) A-V:  0.334 Dropped: 155 Cache: 19s/14MB
AV: 03:57:34 / 03:57:54 (100%) A-V:  0.317 Dropped: 156 Cache: 19s/14MB
AV: 03:57:34 / 03:57:54 (100%) A-V:  0.300 Dropped: 157 Cache: 19s/14MB
AV: 03:57:34 / 03:57:54 (100%) A-V:  0.284 Dropped: 158 Cache: 19s/14MB
AV: 03:57:34 / 03:57:54 (100%) A-V:  0.267 Dropped: 159 Cache: 19s/14MB
AV: 03:57:34 / 03:57:54 (100%) A-V:  0.250 Dropped: 160 Cache: 19s/14MB
AV: 03:57:34 / 03:57:54 (100%) A-V:  0.234 Dropped: 161 Cache: 19s/14MB
AV: 03:57:34 / 03:57:54 (100%) A-V:  0.217 Dropped: 162 Cache: 19s/14MB
AV: 03:57:34 / 03:57:54 (100%) A-V:  0.201 Dropped: 163 Cache: 19s/14MB
AV: 03:57:34 / 03:57:54 (100%) A-V:  0.185 Dropped: 164 Cache: 19s/14MB
AV: 03:57:34 / 03:57:54 (100%) A-V:  0.168 Dropped: 165 Cache: 19s/14MB
AV: 03:57:34 / 03:57:54 (100%) A-V:  0.151 Dropped: 166 Cache: 19s/14MB
AV: 03:57:34 / 03:57:54 (100%) A-V:  0.135 Dropped: 167 Cache: 19s/14MB
AV: 03:57:34 / 03:57:54 (100%) A-V:  0.122 Dropped: 168 Cache: 19s/14MB
AV: 03:57:34 / 03:57:54 (100%) A-V:  0.105 Dropped: 169 Cache: 19s/14MB
AV: 03:57:34 / 03:57:54 (100%) A-V:  0.089 Dropped: 170 Cache: 19s/14MB
AV: 03:57:34 / 03:57:54 (100%) A-V:  0.072 Dropped: 171 Cache: 19s/14MB
AV: 03:57:34 / 03:57:54 (100%) A-V:  0.055 Dropped: 172 Cache: 19s/14MB
AV: 03:57:34 / 03:57:54 (100%) A-V:  0.039 Dropped: 173 Cache: 19s/14MB
AV: 03:57:34 / 03:57:54 (100%) A-V:  0.022 Dropped: 174 Cache: 19s/14MB
AV: 03:57:34 / 03:57:54 (100%) A-V:  0.006 Dropped: 175 Cache: 19s/14MB
AV: 03:57:34 / 03:57:54 (100%) A-V:  0.000 Dropped: 175 Cache: 19s/14MB
AV: 03:57:34 / 03:57:54 (100%) A-V:  0.004 Dropped: 176 Cache: 19s/14MB
AV: 03:57:34 / 03:57:54 (100%) A-V:  0.000 Dropped: 176 Cache: 19s/14MB
AV: 03:57:34 / 03:57:54 (100%) A-V:  0.000 Dropped: 176 Cache: 18s/14MB
AV: 03:57:34 / 03:57:54 (100%) A-V:  0.026 Dropped: 177 Cache: 18s/14MB
AV: 03:57:34 / 03:57:54 (100%) A-V:  0.009 Dropped: 178 Cache: 18s/13MB
AV: 03:57:34 / 03:57:54 (100%) A-V:  0.000 Dropped: 178 Cache: 18s/13MB
AV: 03:57:35 / 03:57:54 (100%) A-V:  0.000 Dropped: 178 Cache: 18s/13MB
AV: 03:57:35 / 03:57:54 (100%) A-V:  0.000 Dropped: 178 Cache: 17s/13MB
AV: 03:57:36 / 03:57:54 (100%) A-V:  0.000 Dropped: 178 Cache: 17s/13MB
AV: 03:57:36 / 03:57:54 (100%) A-V:  0.000 Dropped: 178 Cache: 17s/12MB
AV: 03:57:36 / 03:57:54 (100%) A-V:  0.000 Dropped: 178 Cache: 16s/12MB
AV: 03:57:37 / 03:57:54 (100%) A-V:  0.000 Dropped: 178 Cache: 16s/12MB
AV: 03:57:37 / 03:58:00 (100%) A-V:  0.000 Dropped: 178 Cache: 22s/16MB
AV: 03:57:37 / 03:58:04 (100%) A-V:  0.000 Dropped: 178 Cache: 27s/20MB
AV: 03:57:37 / 03:58:06 (100%) A-V:  0.000 Dropped: 178 Cache: 28s/20MB
AV: 03:57:37 / 03:58:06 (100%) A-V:  0.000 Dropped: 178 Cache: 27s/20MB
AV: 03:57:38 / 03:58:06 (100%) A-V:  0.000 Dropped: 178 Cache: 27s/20MB
AV: 03:57:38 / 03:58:06 (100%) A-V:  0.000 Dropped: 178 Cache: 27s/19MB
AV: 03:57:38 / 03:58:06 (100%) A-V:  0.000 Dropped: 178 Cache: 26s/19MB
AV: 03:57:39 / 03:58:06 (100%) A-V:  0.000 Dropped: 178 Cache: 26s/19MB
AV: 03:57:39 / 03:58:06 (100%) A-V:  0.000 Dropped: 178 Cache: 25s/19MB
AV: 03:57:39 / 03:58:06 (100%) A-V:  0.000 Dropped: 178 Cache: 25s/18MB
AV: 03:57:40 / 03:58:06 (100%) A-V:  0.000 Dropped: 178 Cache: 25s/18MB
AV: 03:57:40 / 03:58:06 (100%) A-V:  0.049 Dropped: 179 Cache: 25s/18MB
AV: 03:57:40 / 03:58:06 (100%) A-V:  0.032 Dropped: 180 Cache: 25s/18MB
AV: 03:57:40 / 03:58:06 (100%) A-V:  0.015 Dropped: 181 Cache: 25s/18MB
AV: 03:57:40 / 03:58:06 (100%) A-V:  0.000 Dropped: 181 Cache: 25s/18MB
AV: 03:57:40 / 03:58:06 (100%) A-V:  0.000 Dropped: 181 Cache: 24s/18MB
AV: 03:57:41 / 03:58:06 (100%) A-V:  0.000 Dropped: 181 Cache: 24s/17MB
AV: 03:57:41 / 03:58:06 (100%) A-V:  0.325 Dropped: 182 Cache: 24s/17MB
AV: 03:57:41 / 03:58:06 (100%) A-V:  0.308 Dropped: 183 Cache: 24s/17MB
AV: 03:57:41 / 03:58:06 (100%) A-V:  0.292 Dropped: 184 Cache: 24s/17MB
AV: 03:57:41 / 03:58:06 (100%) A-V:  0.276 Dropped: 185 Cache: 24s/17MB
AV: 03:57:41 / 03:58:06 (100%) A-V:  0.259 Dropped: 186 Cache: 24s/17MB
AV: 03:57:41 / 03:58:06 (100%) A-V:  0.242 Dropped: 187 Cache: 24s/17MB
AV: 03:57:41 / 03:58:06 (100%) A-V:  0.226 Dropped: 188 Cache: 24s/17MB
AV: 03:57:41 / 03:58:06 (100%) A-V:  0.209 Dropped: 189 Cache: 24s/17MB
AV: 03:57:41 / 03:58:06 (100%) A-V:  0.193 Dropped: 190 Cache: 24s/17MB
AV: 03:57:41 / 03:58:06 (100%) A-V:  0.177 Dropped: 191 Cache: 24s/17MB
AV: 03:57:41 / 03:58:06 (100%) A-V:  0.160 Dropped: 192 Cache: 24s/17MB
AV: 03:57:41 / 03:58:06 (100%) A-V:  0.143 Dropped: 193 Cache: 24s/17MB
AV: 03:57:41 / 03:58:06 (100%) A-V:  0.127 Dropped: 194 Cache: 24s/17MB
AV: 03:57:41 / 03:58:06 (100%) A-V:  0.110 Dropped: 195 Cache: 24s/17MB
AV: 03:57:41 / 03:58:06 (100%) A-V:  0.093 Dropped: 196 Cache: 24s/17MB
AV: 03:57:41 / 03:58:06 (100%) A-V:  0.077 Dropped: 197 Cache: 24s/17MB
AV: 03:57:41 / 03:58:06 (100%) A-V:  0.063 Dropped: 198 Cache: 24s/17MB
AV: 03:57:41 / 03:58:06 (100%) A-V:  0.046 Dropped: 199 Cache: 24s/17MB
AV: 03:57:41 / 03:58:06 (100%) A-V:  0.032 Dropped: 200 Cache: 24s/17MB
AV: 03:57:41 / 03:58:06 (100%) A-V:  0.015 Dropped: 201 Cache: 24s/17MB
AV: 03:57:41 / 03:58:06 (100%) A-V:  0.000 Dropped: 201 Cache: 24s/17MB
AV: 03:57:41 / 03:58:06 (100%) A-V:  0.012 Dropped: 202 Cache: 24s/17MB
AV: 03:57:41 / 03:58:06 (100%) A-V:  0.000 Dropped: 202 Cache: 24s/17MB
AV: 03:57:41 / 03:58:06 (100%) A-V:  0.037 Dropped: 203 Cache: 24s/17MB
AV: 03:57:41 / 03:58:06 (100%) A-V:  0.021 Dropped: 204 Cache: 24s/17MB
AV: 03:57:41 / 03:58:06 (100%) A-V:  0.005 Dropped: 205 Cache: 24s/17MB
AV: 03:57:41 / 03:58:06 (100%) A-V:  0.000 Dropped: 205 Cache: 24s/17MB
AV: 03:57:41 / 03:58:06 (100%) A-V:  0.000 Dropped: 205 Cache: 23s/17MB
AV: 03:57:42 / 03:58:06 (100%) A-V:  0.000 Dropped: 205 Cache: 23s/17MB
AV: 03:57:42 / 03:58:06 (100%) A-V:  0.000 Dropped: 205 Cache: 23s/16MB
AV: 03:57:42 / 03:58:06 (100%) A-V:  0.000 Dropped: 205 Cache: 22s/16MB
AV: 03:57:43 / 03:58:06 (100%) A-V:  0.000 Dropped: 205 Cache: 22s/16MB
AV: 03:57:43 / 03:58:06 (100%) A-V:  0.000 Dropped: 205 Cache: 21s/16MB
AV: 03:57:43 / 03:58:06 (100%) A-V:  0.000 Dropped: 205 Cache: 21s/15MB
AV: 03:57:44 / 03:58:06 (100%) A-V:  0.000 Dropped: 205 Cache: 21s/15MB
AV: 03:57:44 / 03:58:06 (100%) A-V:  0.000 Dropped: 205 Cache: 20s/15MB
AV: 03:57:45 / 03:58:06 (100%) A-V:  0.000 Dropped: 205 Cache: 20s/15MB
AV: 03:57:45 / 03:58:06 (100%) A-V:  0.000 Dropped: 205 Cache: 20s/14MB
AV: 03:57:45 / 03:58:06 (100%) A-V:  0.000 Dropped: 205 Cache: 19s/14MB
AV: 03:57:46 / 03:58:06 (100%) A-V:  0.000 Dropped: 205 Cache: 19s/14MB
AV: 03:57:46 / 03:58:12 (100%) A-V:  0.000 Dropped: 205 Cache: 25s/18MB
AV: 03:57:46 / 03:58:12 (100%) A-V:  0.000 Dropped: 205 Cache: 25s/17MB
AV: 03:57:46 / 03:58:12 (100%) A-V:  0.000 Dropped: 205 Cache: 24s/17MB
AV: 03:57:47 / 03:58:12 (100%) A-V:  0.000 Dropped: 205 Cache: 24s/17MB
AV: 03:57:47 / 03:58:12 (100%) A-V:  0.000 Dropped: 205 Cache: 23s/17MB
AV: 03:57:47 / 03:58:12 (100%) A-V:  0.000 Dropped: 205 Cache: 23s/16MB
AV: 03:57:48 / 03:58:12 (100%) A-V:  0.000 Dropped: 205 Cache: 23s/16MB
AV: 03:57:48 / 03:58:12 (100%) A-V:  0.000 Dropped: 205 Cache: 22s/16MB
AV: 03:57:49 / 03:58:12 (100%) A-V:  0.000 Dropped: 205 Cache: 22s/16MB
AV: 03:57:49 / 03:58:12 (100%) A-V:  0.000 Dropped: 205 Cache: 22s/15MB
AV: 03:57:49 / 03:58:12 (100%) A-V:  0.000 Dropped: 205 Cache: 21s/15MB
AV: 03:57:50 / 03:58:12 (100%) A-V:  0.000 Dropped: 205 Cache: 21s/15MB
AV: 03:57:50 / 03:58:12 (100%) A-V:  0.000 Dropped: 205 Cache: 21s/14MB
AV: 03:57:50 / 03:58:12 (100%) A-V:  0.000 Dropped: 205 Cache: 20s/14MB
AV: 03:57:51 / 03:58:12 (100%) A-V:  0.000 Dropped: 205 Cache: 20s/14MB
AV: 03:57:51 / 03:58:12 (100%) A-V:  0.000 Dropped: 205 Cache: 19s/14MB
AV: 03:57:52 / 03:58:12 (100%) A-V:  0.000 Dropped: 205 Cache: 19s/14MB
AV: 03:57:52 / 03:58:12 (100%) A-V:  0.000 Dropped: 205 Cache: 19s/13MB
AV: 03:57:52 / 03:58:18 (100%) A-V:  0.000 Dropped: 205 Cache: 25s/18MB
AV: 03:57:52 / 03:58:18 (100%) A-V:  0.000 Dropped: 205 Cache: 24s/18MB
AV: 03:57:53 / 03:58:18 (100%) A-V:  0.000 Dropped: 205 Cache: 24s/18MB
AV: 03:57:53 / 03:58:18 (100%) A-V:  0.000 Dropped: 205 Cache: 24s/17MB
AV: 03:57:53 / 03:58:18 (100%) A-V:  0.000 Dropped: 205 Cache: 23s/17MB
AV: 03:57:54 / 03:58:18 (100%) A-V:  0.000 Dropped: 205 Cache: 23s/17MB
AV: 03:57:54 / 03:58:18 (100%) A-V:  0.000 Dropped: 205 Cache: 23s/16MB
AV: 03:57:54 / 03:58:18 (100%) A-V:  0.000 Dropped: 205 Cache: 22s/16MB
AV: 03:57:55 / 03:58:18 (100%) A-V:  0.000 Dropped: 205 Cache: 22s/16MB
AV: 03:57:55 / 03:58:18 (100%) A-V:  0.000 Dropped: 205 Cache: 21s/16MB
AV: 03:57:55 / 03:58:18 (100%) A-V:  0.000 Dropped: 205 Cache: 21s/15MB
AV: 03:57:56 / 03:58:18 (100%) A-V:  0.000 Dropped: 205 Cache: 21s/15MB
AV: 03:57:56 / 03:58:18 (100%) A-V:  0.000 Dropped: 205 Cache: 20s/15MB
AV: 03:57:57 / 03:58:18 (100%) A-V:  0.000 Dropped: 205 Cache: 20s/15MB
AV: 03:57:57 / 03:58:18 (100%) A-V:  0.000 Dropped: 205 Cache: 20s/14MB
AV: 03:57:57 / 03:58:18 (100%) A-V:  0.000 Dropped: 205 Cache: 19s/14MB
AV: 03:57:58 / 03:58:18 (100%) A-V:  0.000 Dropped: 205 Cache: 19s/14MB
AV: 03:57:58 / 03:58:24 (100%) A-V:  0.000 Dropped: 205 Cache: 25s/18MB
AV: 03:57:58 / 03:58:24 (100%) A-V:  0.000 Dropped: 205 Cache: 24s/18MB
AV: 03:57:58 / 03:58:24 (100%) A-V:  0.000 Dropped: 205 Cache: 24s/17MB
AV: 03:57:59 / 03:58:24 (100%) A-V:  0.000 Dropped: 205 Cache: 24s/17MB
AV: 03:57:59 / 03:58:24 (100%) A-V:  0.000 Dropped: 205 Cache: 23s/17MB
AV: 03:58:00 / 03:58:24 (100%) A-V:  0.000 Dropped: 205 Cache: 23s/17MB
AV: 03:58:00 / 03:58:24 (100%) A-V:  0.000 Dropped: 205 Cache: 23s/16MB
AV: 03:58:00 / 03:58:24 (100%) A-V:  0.000 Dropped: 205 Cache: 22s/16MB
AV: 03:58:01 / 03:58:24 (100%) A-V:  0.000 Dropped: 205 Cache: 22s/16MB
AV: 03:58:01 / 03:58:24 (100%) A-V:  0.000 Dropped: 205 Cache: 22s/15MB
AV: 03:58:01 / 03:58:24 (100%) A-V:  0.000 Dropped: 205 Cache: 21s/15MB
AV: 03:58:02 / 03:58:24 (100%) A-V:  0.000 Dropped: 205 Cache: 21s/15MB
AV: 03:58:02 / 03:58:24 (100%) A-V:  0.000 Dropped: 205 Cache: 20s/15MB
AV: 03:58:02 / 03:58:24 (100%) A-V:  0.000 Dropped: 205 Cache: 20s/14MB
AV: 03:58:03 / 03:58:24 (100%) A-V:  0.000 Dropped: 205 Cache: 20s/14MB
AV: 03:58:03 / 03:58:24 (100%) A-V:  0.000 Dropped: 205 Cache: 19s/14MB
AV: 03:58:04 / 03:58:24 (100%) A-V:  0.000 Dropped: 205 Cache: 19s/14MB
AV: 03:58:04 / 03:58:24 (100%) A-V:  0.000 Dropped: 205 Cache: 19s/13MB
AV: 03:58:04 / 03:58:24 (100%) A-V:  0.000 Dropped: 205 Cache: 18s/13MB
AV: 03:58:05 / 03:58:24 (100%) A-V:  0.000 Dropped: 205 Cache: 18s/13MB
AV: 03:58:05 / 03:58:24 (100%) A-V:  0.000 Dropped: 205 Cache: 18s/12MB
AV: 03:58:05 / 03:58:24 (100%) A-V:  0.000 Dropped: 205 Cache: 17s/12MB
AV: 03:58:06 / 03:58:24 (100%) A-V:  0.000 Dropped: 205 Cache: 17s/12MB
AV: 03:58:06 / 03:58:24 (100%) A-V:  0.000 Dropped: 205 Cache: 16s/12MB
AV: 03:58:07 / 03:58:24 (100%) A-V:  0.000 Dropped: 205 Cache: 16s/12MB
AV: 03:58:07 / 03:58:24 (100%) A-V:  0.000 Dropped: 205 Cache: 16s/11MB
AV: 03:58:07 / 03:58:24 (100%) A-V:  0.000 Dropped: 205 Cache: 15s/11MB
AV: 03:58:08 / 03:58:24 (100%) A-V:  0.000 Dropped: 205 Cache: 15s/11MB
AV: 03:58:08 / 03:58:24 (100%) A-V:  0.000 Dropped: 205 Cache: 15s/10MB
AV: 03:58:08 / 03:58:24 (100%) A-V:  0.000 Dropped: 205 Cache: 14s/10MB
AV: 03:58:09 / 03:58:24 (100%) A-V:  0.000 Dropped: 205 Cache: 14s/10MB
AV: 03:58:09 / 03:58:24 (100%) A-V:  0.000 Dropped: 205 Cache: 13s/10MB
AV: 03:58:09 / 03:58:24 (100%) A-V:  0.000 Dropped: 205 Cache: 13s/9MB
AV: 03:58:10 / 03:58:24 (100%) A-V:  0.000 Dropped: 205 Cache: 13s/9MB
AV: 03:58:10 / 03:58:24 (100%) A-V:  0.000 Dropped: 205 Cache: 12s/9MB
AV: 03:58:10 / 03:58:30 (100%) A-V:  0.000 Dropped: 205 Cache: 18s/13MB
AV: 03:58:11 / 03:58:30 (100%) A-V:  0.000 Dropped: 205 Cache: 18s/13MB
AV: 03:58:11 / 03:58:36 (100%) A-V:  0.000 Dropped: 205 Cache: 24s/17MB
AV: 03:58:11 / 03:58:36 (100%) A-V:  0.000 Dropped: 205 Cache: 23s/17MB
AV: 03:58:12 / 03:58:36 (100%) A-V:  0.000 Dropped: 205 Cache: 23s/17MB
AV: 03:58:12 / 03:58:36 (100%) A-V:  0.000 Dropped: 205 Cache: 23s/16MB
AV: 03:58:12 / 03:58:36 (100%) A-V:  0.000 Dropped: 205 Cache: 22s/16MB
AV: 03:58:13 / 03:58:36 (100%) A-V:  0.000 Dropped: 205 Cache: 22s/16MB
AV: 03:58:13 / 03:58:36 (100%) A-V:  0.000 Dropped: 205 Cache: 22s/15MB
AV: 03:58:13 / 03:58:36 (100%) A-V:  0.000 Dropped: 205 Cache: 21s/15MB
AV: 03:58:14 / 03:58:36 (100%) A-V:  0.000 Dropped: 205 Cache: 21s/15MB
AV: 03:58:14 / 03:58:36 (100%) A-V:  0.000 Dropped: 205 Cache: 20s/15MB
AV: 03:58:14 / 03:58:36 (100%) A-V:  0.000 Dropped: 205 Cache: 20s/14MB
AV: 03:58:15 / 03:58:36 (100%) A-V:  0.000 Dropped: 205 Cache: 20s/14MB
AV: 03:58:15 / 03:58:36 (100%) A-V:  0.000 Dropped: 205 Cache: 19s/14MB
AV: 03:58:16 / 03:58:36 (100%) A-V:  0.000 Dropped: 205 Cache: 19s/14MB
AV: 03:58:16 / 03:58:36 (100%) A-V:  0.000 Dropped: 205 Cache: 19s/13MB
AV: 03:58:16 / 03:58:36 (100%) A-V:  0.000 Dropped: 205 Cache: 18s/13MB
AV: 03:58:17 / 03:58:36 (100%) A-V:  0.000 Dropped: 205 Cache: 18s/13MB
AV: 03:58:17 / 03:58:38 (100%) A-V:  0.000 Dropped: 205 Cache: 21s/15MB
AV: 03:58:17 / 03:58:42 (100%) A-V:  0.000 Dropped: 205 Cache: 24s/17MB
AV: 03:58:17 / 03:58:42 (100%) A-V:  0.000 Dropped: 205 Cache: 23s/17MB
AV: 03:58:18 / 03:58:42 (100%) A-V:  0.000 Dropped: 205 Cache: 23s/17MB
AV: 03:58:18 / 03:58:42 (100%) A-V:  0.000 Dropped: 205 Cache: 23s/16MB
AV: 03:58:18 / 03:58:42 (100%) A-V:  0.000 Dropped: 205 Cache: 22s/16MB
AV: 03:58:19 / 03:58:42 (100%) A-V:  0.000 Dropped: 205 Cache: 22s/16MB
AV: 03:58:19 / 03:58:42 (100%) A-V:  0.000 Dropped: 205 Cache: 21s/16MB
AV: 03:58:19 / 03:58:42 (100%) A-V:  0.000 Dropped: 205 Cache: 21s/15MB
AV: 03:58:20 / 03:58:42 (100%) A-V:  0.000 Dropped: 205 Cache: 21s/15MB
AV: 03:58:20 / 03:58:42 (100%) A-V:  0.000 Dropped: 205 Cache: 20s/15MB
AV: 03:58:21 / 03:58:42 (100%) A-V:  0.000 Dropped: 205 Cache: 20s/15MB
AV: 03:58:21 / 03:58:42 (100%) A-V:  0.000 Dropped: 205 Cache: 20s/14MB
AV: 03:58:21 / 03:58:42 (100%) A-V:  0.000 Dropped: 205 Cache: 19s/14MB
AV: 03:58:22 / 03:58:42 (100%) A-V:  0.000 Dropped: 205 Cache: 19s/14MB
AV: 03:58:22 / 03:58:42 (100%) A-V:  0.000 Dropped: 205 Cache: 18s/14MB
AV: 03:58:22 / 03:58:42 (100%) A-V:  0.000 Dropped: 205 Cache: 18s/13MB
AV: 03:58:23 / 03:58:42 (100%) A-V:  0.000 Dropped: 205 Cache: 18s/13MB
AV: 03:58:23 / 03:58:48 (100%) A-V:  0.000 Dropped: 205 Cache: 24s/17MB
AV: 03:58:23 / 03:58:48 (100%) A-V:  0.000 Dropped: 205 Cache: 23s/17MB
AV: 03:58:24 / 03:58:48 (100%) A-V:  0.000 Dropped: 205 Cache: 23s/16MB
AV: 03:58:24 / 03:58:48 (100%) A-V:  0.000 Dropped: 205 Cache: 22s/16MB
AV: 03:58:25 / 03:58:48 (100%) A-V:  0.000 Dropped: 205 Cache: 22s/16MB
AV: 03:58:25 / 03:58:48 (100%) A-V:  0.000 Dropped: 205 Cache: 22s/15MB
AV: 03:58:25 / 03:58:48 (100%) A-V:  0.000 Dropped: 205 Cache: 21s/15MB
AV: 03:58:26 / 03:58:48 (100%) A-V:  0.000 Dropped: 205 Cache: 21s/15MB
AV: 03:58:26 / 03:58:48 (100%) A-V:  0.000 Dropped: 205 Cache: 20s/15MB
AV: 03:58:26 / 03:58:48 (100%) A-V:  0.000 Dropped: 205 Cache: 20s/14MB
AV: 03:58:27 / 03:58:48 (100%) A-V:  0.000 Dropped: 205 Cache: 20s/14MB
AV: 03:58:27 / 03:58:48 (100%) A-V:  0.000 Dropped: 205 Cache: 19s/14MB
AV: 03:58:28 / 03:58:48 (100%) A-V:  0.000 Dropped: 205 Cache: 19s/14MB
AV: 03:58:28 / 03:58:48 (100%) A-V:  0.000 Dropped: 205 Cache: 19s/13MB
AV: 03:58:28 / 03:58:48 (100%) A-V:  0.000 Dropped: 205 Cache: 18s/13MB
AV: 03:58:29 / 03:58:48 (100%) A-V:  0.000 Dropped: 205 Cache: 18s/13MB
AV: 03:58:29 / 03:58:48 (100%) A-V:  0.000 Dropped: 205 Cache: 18s/12MB
AV: 03:58:29 / 03:58:54 (100%) A-V:  0.000 Dropped: 205 Cache: 23s/17MB
AV: 03:58:30 / 03:58:54 (100%) A-V:  0.000 Dropped: 205 Cache: 23s/17MB
AV: 03:58:30 / 03:58:54 (100%) A-V:  0.000 Dropped: 205 Cache: 23s/16MB
AV: 03:58:30 / 03:58:54 (100%) A-V:  0.000 Dropped: 205 Cache: 22s/16MB
AV: 03:58:31 / 03:58:54 (100%) A-V:  0.000 Dropped: 205 Cache: 22s/16MB
AV: 03:58:31 / 03:58:54 (100%) A-V:  0.000 Dropped: 205 Cache: 22s/15MB
AV: 03:58:31 / 03:58:54 (100%) A-V:  0.000 Dropped: 205 Cache: 21s/15MB
AV: 03:58:32 / 03:58:54 (100%) A-V:  0.000 Dropped: 205 Cache: 21s/15MB
AV: 03:58:32 / 03:58:54 (100%) A-V:  0.000 Dropped: 205 Cache: 20s/15MB
AV: 03:58:32 / 03:58:54 (100%) A-V:  0.000 Dropped: 205 Cache: 20s/14MB
AV: 03:58:33 / 03:58:54 (100%) A-V:  0.000 Dropped: 205 Cache: 20s/14MB
AV: 03:58:33 / 03:58:54 (100%) A-V:  0.000 Dropped: 205 Cache: 19s/14MB
AV: 03:58:34 / 03:58:54 (100%) A-V:  0.000 Dropped: 205 Cache: 19s/14MB
AV: 03:58:34 / 03:58:54 (100%) A-V:  0.000 Dropped: 205 Cache: 19s/13MB
AV: 03:58:34 / 03:58:54 (100%) A-V:  0.000 Dropped: 205 Cache: 18s/13MB
AV: 03:58:35 / 03:58:54 (100%) A-V:  0.000 Dropped: 205 Cache: 18s/13MB
AV: 03:58:35 / 03:58:54 (100%) A-V:  0.000 Dropped: 205 Cache: 17s/13MB
AV: 03:58:35 / 03:58:54 (100%) A-V:  0.000 Dropped: 205 Cache: 17s/12MB
AV: 03:58:35 / 03:59:00 (100%) A-V:  0.000 Dropped: 205 Cache: 23s/16MB
AV: 03:58:36 / 03:59:00 (100%) A-V:  0.000 Dropped: 205 Cache: 23s/16MB
AV: 03:58:36 / 03:59:00 (100%) A-V:  0.000 Dropped: 205 Cache: 22s/16MB
AV: 03:58:37 / 03:59:00 (100%) A-V:  0.000 Dropped: 205 Cache: 22s/16MB
AV: 03:58:37 / 03:59:00 (100%) A-V:  0.000 Dropped: 205 Cache: 22s/15MB
AV: 03:58:37 / 03:59:00 (100%) A-V:  0.000 Dropped: 205 Cache: 21s/15MB
AV: 03:58:38 / 03:59:00 (100%) A-V:  0.000 Dropped: 205 Cache: 21s/15MB
AV: 03:58:38 / 03:59:00 (100%) A-V:  0.000 Dropped: 205 Cache: 21s/14MB
AV: 03:58:38 / 03:59:00 (100%) A-V:  0.000 Dropped: 205 Cache: 20s/14MB
AV: 03:58:39 / 03:59:00 (100%) A-V:  0.000 Dropped: 205 Cache: 20s/14MB
AV: 03:58:39 / 03:59:00 (100%) A-V:  0.000 Dropped: 205 Cache: 20s/13MB
AV: 03:58:39 / 03:59:00 (100%) A-V:  0.000 Dropped: 205 Cache: 19s/13MB
AV: 03:58:40 / 03:59:00 (100%) A-V:  0.000 Dropped: 205 Cache: 19s/13MB
AV: 03:58:40 / 03:59:00 (100%) A-V:  0.000 Dropped: 205 Cache: 18s/13MB
AV: 03:58:41 / 03:59:00 (100%) A-V:  0.000 Dropped: 205 Cache: 18s/13MB
AV: 03:58:41 / 03:59:00 (100%) A-V:  0.000 Dropped: 205 Cache: 18s/12MB
AV: 03:58:41 / 03:59:00 (100%) A-V:  0.000 Dropped: 205 Cache: 17s/12MB
AV: 03:58:42 / 03:59:00 (100%) A-V:  0.000 Dropped: 205 Cache: 17s/12MB
AV: 03:58:42 / 03:59:01 (100%) A-V:  0.000 Dropped: 205 Cache: 19s/13MB
AV: 03:58:42 / 03:59:06 (100%) A-V:  0.000 Dropped: 205 Cache: 23s/16MB
AV: 03:58:42 / 03:59:06 (100%) A-V:  0.000 Dropped: 205 Cache: 22s/16MB
AV: 03:58:43 / 03:59:06 (100%) A-V:  0.000 Dropped: 205 Cache: 22s/16MB
AV: 03:58:43 / 03:59:06 (100%) A-V:  0.000 Dropped: 205 Cache: 22s/15MB
AV: 03:58:43 / 03:59:06 (100%) A-V:  0.000 Dropped: 205 Cache: 21s/15MB
AV: 03:58:44 / 03:59:06 (100%) A-V:  0.000 Dropped: 205 Cache: 21s/15MB
AV: 03:58:44 / 03:59:06 (100%) A-V:  0.000 Dropped: 205 Cache: 20s/15MB
AV: 03:58:45 / 03:59:06 (100%) A-V:  0.000 Dropped: 205 Cache: 20s/15MB
AV: 03:58:45 / 03:59:06 (100%) A-V:  0.000 Dropped: 205 Cache: 20s/14MB
AV: 03:58:45 / 03:59:06 (100%) A-V:  0.000 Dropped: 205 Cache: 19s/14MB
AV: 03:58:46 / 03:59:06 (100%) A-V:  0.000 Dropped: 205 Cache: 19s/14MB
AV: 03:58:46 / 03:59:06 (100%) A-V:  0.000 Dropped: 205 Cache: 18s/14MB
AV: 03:58:46 / 03:59:06 (100%) A-V:  0.000 Dropped: 205 Cache: 18s/13MB
AV: 03:58:47 / 03:59:06 (100%) A-V:  0.000 Dropped: 205 Cache: 18s/13MB
AV: 03:58:47 / 03:59:06 (100%) A-V:  0.000 Dropped: 205 Cache: 17s/13MB
AV: 03:58:48 / 03:59:06 (100%) A-V:  0.000 Dropped: 205 Cache: 17s/13MB
AV: 03:58:48 / 03:59:06 (100%) A-V:  0.000 Dropped: 205 Cache: 17s/12MB
AV: 03:58:48 / 03:59:06 (100%) A-V:  0.000 Dropped: 205 Cache: 18s/13MB
AV: 03:58:48 / 03:59:12 (100%) A-V:  0.000 Dropped: 205 Cache: 23s/17MB
AV: 03:58:48 / 03:59:12 (100%) A-V:  0.000 Dropped: 205 Cache: 23s/16MB
AV: 03:58:48 / 03:59:12 (100%) A-V:  0.000 Dropped: 205 Cache: 22s/16MB
AV: 03:58:49 / 03:59:12 (100%) A-V:  0.000 Dropped: 205 Cache: 22s/16MB
AV: 03:58:49 / 03:59:12 (100%) A-V:  0.000 Dropped: 205 Cache: 21s/16MB
AV: 03:58:49 / 03:59:12 (100%) A-V:  0.000 Dropped: 205 Cache: 21s/15MB
AV: 03:58:50 / 03:59:12 (100%) A-V:  0.000 Dropped: 205 Cache: 21s/15MB
AV: 03:58:50 / 03:59:12 (100%) A-V:  0.000 Dropped: 205 Cache: 20s/15MB
AV: 03:58:51 / 03:59:12 (100%) A-V:  0.000 Dropped: 205 Cache: 20s/15MB
AV: 03:58:51 / 03:59:12 (100%) A-V:  0.000 Dropped: 205 Cache: 20s/14MB
AV: 03:58:51 / 03:59:12 (100%) A-V:  0.000 Dropped: 205 Cache: 19s/14MB
AV: 03:58:52 / 03:59:12 (100%) A-V:  0.000 Dropped: 205 Cache: 19s/14MB
AV: 03:58:52 / 03:59:12 (100%) A-V:  0.000 Dropped: 205 Cache: 19s/13MB
AV: 03:58:52 / 03:59:12 (100%) A-V:  0.000 Dropped: 205 Cache: 18s/13MB
AV: 03:58:53 / 03:59:12 (100%) A-V:  0.000 Dropped: 205 Cache: 18s/13MB
AV: 03:58:53 / 03:59:12 (100%) A-V:  0.000 Dropped: 205 Cache: 17s/13MB
AV: 03:58:53 / 03:59:12 (100%) A-V:  0.000 Dropped: 205 Cache: 17s/12MB
AV: 03:58:54 / 03:59:12 (100%) A-V:  0.000 Dropped: 205 Cache: 17s/12MB
AV: 03:58:54 / 03:59:18 (100%) A-V:  0.000 Dropped: 205 Cache: 23s/16MB
AV: 03:58:54 / 03:59:18 (100%) A-V:  0.000 Dropped: 205 Cache: 22s/16MB
AV: 03:58:55 / 03:59:18 (100%) A-V:  0.000 Dropped: 205 Cache: 22s/16MB
AV: 03:58:55 / 03:59:18 (100%) A-V:  0.234 Dropped: 206 Cache: 22s/16MB
AV: 03:58:55 / 03:59:18 (100%) A-V:  0.218 Dropped: 207 Cache: 22s/15MB
AV: 03:58:55 / 03:59:18 (100%) A-V:  0.202 Dropped: 208 Cache: 22s/15MB
AV: 03:58:55 / 03:59:18 (100%) A-V:  0.185 Dropped: 209 Cache: 22s/15MB
AV: 03:58:55 / 03:59:18 (100%) A-V:  0.169 Dropped: 210 Cache: 22s/15MB
AV: 03:58:55 / 03:59:18 (100%) A-V:  0.153 Dropped: 211 Cache: 22s/15MB
AV: 03:58:55 / 03:59:18 (100%) A-V:  0.136 Dropped: 212 Cache: 22s/15MB
AV: 03:58:55 / 03:59:18 (100%) A-V:  0.119 Dropped: 213 Cache: 22s/15MB
AV: 03:58:55 / 03:59:18 (100%) A-V:  0.103 Dropped: 214 Cache: 22s/15MB
AV: 03:58:55 / 03:59:18 (100%) A-V:  0.086 Dropped: 215 Cache: 22s/15MB
AV: 03:58:55 / 03:59:18 (100%) A-V:  0.069 Dropped: 216 Cache: 22s/15MB
AV: 03:58:55 / 03:59:18 (100%) A-V:  0.053 Dropped: 217 Cache: 22s/15MB
AV: 03:58:55 / 03:59:18 (100%) A-V:  0.036 Dropped: 218 Cache: 22s/15MB
AV: 03:58:55 / 03:59:18 (100%) A-V:  0.019 Dropped: 219 Cache: 22s/15MB
AV: 03:58:55 / 03:59:18 (100%) A-V:  0.003 Dropped: 220 Cache: 22s/15MB
AV: 03:58:55 / 03:59:18 (100%) A-V:  0.000 Dropped: 220 Cache: 22s/15MB
AV: 03:58:55 / 03:59:18 (100%) A-V:  0.000 Dropped: 220 Cache: 21s/15MB
AV: 03:58:55 / 03:59:18 (100%) A-V:  0.044 Dropped: 221 Cache: 21s/15MB
AV: 03:58:55 / 03:59:18 (100%) A-V:  0.027 Dropped: 222 Cache: 21s/15MB
AV: 03:58:55 / 03:59:18 (100%) A-V:  0.011 Dropped: 223 Cache: 21s/15MB
AV: 03:58:55 / 03:59:18 (100%) A-V:  0.000 Dropped: 223 Cache: 21s/15MB
Audio device underrun detected.
AV: 03:58:55 / 03:59:18 (100%) A-V:  0.000 Dropped: 223 Cache: 21s/15MB
AV: 03:58:55 / 03:59:18 (100%) A-V:  0.239 Dropped: 223 Cache: 21s/15MB
AV: 03:58:56 / 03:59:18 (100%) A-V:  0.223 Dropped: 224 Cache: 21s/15MB
AV: 03:58:56 / 03:59:18 (100%) A-V:  0.206 Dropped: 225 Cache: 21s/15MB
AV: 03:58:56 / 03:59:18 (100%) A-V:  0.189 Dropped: 226 Cache: 21s/15MB
AV: 03:58:56 / 03:59:18 (100%) A-V:  0.173 Dropped: 227 Cache: 21s/15MB
AV: 03:58:56 / 03:59:18 (100%) A-V:  0.156 Dropped: 228 Cache: 21s/15MB
AV: 03:58:56 / 03:59:18 (100%) A-V:  0.139 Dropped: 229 Cache: 21s/15MB
AV: 03:58:56 / 03:59:18 (100%) A-V:  0.123 Dropped: 230 Cache: 21s/15MB
AV: 03:58:56 / 03:59:18 (100%) A-V:  0.106 Dropped: 231 Cache: 21s/15MB
AV: 03:58:56 / 03:59:18 (100%) A-V:  0.089 Dropped: 232 Cache: 21s/15MB
AV: 03:58:56 / 03:59:18 (100%) A-V:  0.073 Dropped: 233 Cache: 21s/15MB
AV: 03:58:56 / 03:59:18 (100%) A-V:  0.056 Dropped: 234 Cache: 21s/15MB
AV: 03:58:56 / 03:59:18 (100%) A-V:  0.039 Dropped: 235 Cache: 21s/15MB
AV: 03:58:56 / 03:59:18 (100%) A-V:  0.023 Dropped: 236 Cache: 21s/15MB
AV: 03:58:56 / 03:59:18 (100%) A-V:  0.006 Dropped: 237 Cache: 21s/15MB
AV: 03:58:56 / 03:59:18 (100%) A-V: -0.000 Dropped: 237 Cache: 21s/15MB
AV: 03:58:56 / 03:59:18 (100%) A-V:  0.257 Dropped: 238 Cache: 21s/15MB
AV: 03:58:56 / 03:59:18 (100%) A-V:  0.240 Dropped: 239 Cache: 21s/15MB
AV: 03:58:56 / 03:59:18 (100%) A-V:  0.224 Dropped: 240 Cache: 21s/15MB
AV: 03:58:56 / 03:59:18 (100%) A-V:  0.207 Dropped: 241 Cache: 21s/15MB
AV: 03:58:56 / 03:59:18 (100%) A-V:  0.190 Dropped: 242 Cache: 21s/15MB
AV: 03:58:56 / 03:59:18 (100%) A-V:  0.174 Dropped: 243 Cache: 21s/15MB
AV: 03:58:56 / 03:59:18 (100%) A-V:  0.157 Dropped: 244 Cache: 21s/15MB
AV: 03:58:56 / 03:59:18 (100%) A-V:  0.140 Dropped: 245 Cache: 21s/15MB
AV: 03:58:56 / 03:59:18 (100%) A-V:  0.124 Dropped: 246 Cache: 21s/15MB
AV: 03:58:56 / 03:59:18 (100%) A-V:  0.108 Dropped: 247 Cache: 21s/15MB
AV: 03:58:56 / 03:59:18 (100%) A-V:  0.091 Dropped: 248 Cache: 21s/15MB
AV: 03:58:56 / 03:59:18 (100%) A-V:  0.075 Dropped: 249 Cache: 21s/15MB
AV: 03:58:56 / 03:59:18 (100%) A-V:  0.058 Dropped: 250 Cache: 21s/15MB
AV: 03:58:56 / 03:59:18 (100%) A-V:  0.041 Dropped: 251 Cache: 21s/15MB
AV: 03:58:56 / 03:59:18 (100%) A-V:  0.025 Dropped: 252 Cache: 21s/15MB
AV: 03:58:56 / 03:59:18 (100%) A-V:  0.008 Dropped: 253 Cache: 21s/15MB
AV: 03:58:56 / 03:59:18 (100%) A-V:  0.000 Dropped: 253 Cache: 21s/15MB
AV: 03:58:56 / 03:59:18 (100%) A-V:  0.008 Dropped: 254 Cache: 21s/15MB
AV: 03:58:56 / 03:59:18 (100%) A-V:  0.000 Dropped: 254 Cache: 21s/15MB
AV: 03:58:56 / 03:59:18 (100%) A-V:  0.000 Dropped: 254 Cache: 21s/14MB
AV: 03:58:56 / 03:59:18 (100%) A-V:  0.000 Dropped: 254 Cache: 20s/14MB
AV: 03:58:56 / 03:59:18 (100%) A-V:  0.243 Dropped: 255 Cache: 20s/14MB
AV: 03:58:56 / 03:59:18 (100%) A-V:  0.227 Dropped: 256 Cache: 20s/14MB
AV: 03:58:56 / 03:59:18 (100%) A-V:  0.210 Dropped: 257 Cache: 20s/14MB
AV: 03:58:56 / 03:59:18 (100%) A-V:  0.193 Dropped: 258 Cache: 20s/14MB
AV: 03:58:56 / 03:59:18 (100%) A-V:  0.178 Dropped: 259 Cache: 20s/14MB
AV: 03:58:56 / 03:59:18 (100%) A-V:  0.161 Dropped: 260 Cache: 20s/14MB
AV: 03:58:56 / 03:59:18 (100%) A-V:  0.144 Dropped: 261 Cache: 20s/14MB
AV: 03:58:56 / 03:59:18 (100%) A-V:  0.128 Dropped: 262 Cache: 20s/14MB
AV: 03:58:56 / 03:59:18 (100%) A-V:  0.111 Dropped: 263 Cache: 20s/14MB
AV: 03:58:56 / 03:59:18 (100%) A-V:  0.094 Dropped: 264 Cache: 20s/14MB
AV: 03:58:56 / 03:59:18 (100%) A-V:  0.078 Dropped: 265 Cache: 20s/14MB
AV: 03:58:56 / 03:59:18 (100%) A-V:  0.061 Dropped: 266 Cache: 20s/14MB
AV: 03:58:56 / 03:59:18 (100%) A-V:  0.044 Dropped: 267 Cache: 20s/14MB
AV: 03:58:56 / 03:59:18 (100%) A-V:  0.028 Dropped: 268 Cache: 20s/14MB
AV: 03:58:56 / 03:59:18 (100%) A-V:  0.011 Dropped: 269 Cache: 20s/14MB
AV: 03:58:56 / 03:59:18 (100%) A-V:  0.000 Dropped: 269 Cache: 20s/14MB
AV: 03:58:57 / 03:59:18 (100%) A-V:  0.000 Dropped: 269 Cache: 20s/14MB
AV: 03:58:57 / 03:59:18 (100%) A-V:  0.245 Dropped: 270 Cache: 20s/14MB
AV: 03:58:57 / 03:59:18 (100%) A-V:  0.228 Dropped: 271 Cache: 20s/14MB
AV: 03:58:57 / 03:59:18 (100%) A-V:  0.213 Dropped: 272 Cache: 20s/14MB
AV: 03:58:57 / 03:59:18 (100%) A-V:  0.196 Dropped: 273 Cache: 20s/14MB
AV: 03:58:57 / 03:59:18 (100%) A-V:  0.179 Dropped: 274 Cache: 20s/14MB
AV: 03:58:57 / 03:59:18 (100%) A-V:  0.163 Dropped: 275 Cache: 20s/14MB
AV: 03:58:57 / 03:59:18 (100%) A-V:  0.146 Dropped: 276 Cache: 20s/14MB
AV: 03:58:57 / 03:59:18 (100%) A-V:  0.130 Dropped: 277 Cache: 20s/14MB
AV: 03:58:57 / 03:59:18 (100%) A-V:  0.114 Dropped: 278 Cache: 20s/14MB
AV: 03:58:57 / 03:59:18 (100%) A-V:  0.097 Dropped: 279 Cache: 20s/14MB
AV: 03:58:57 / 03:59:18 (100%) A-V:  0.081 Dropped: 280 Cache: 20s/14MB
AV: 03:58:57 / 03:59:18 (100%) A-V:  0.067 Dropped: 281 Cache: 20s/14MB
AV: 03:58:57 / 03:59:18 (100%) A-V:  0.051 Dropped: 282 Cache: 20s/14MB
AV: 03:58:57 / 03:59:18 (100%) A-V:  0.034 Dropped: 283 Cache: 20s/14MB
AV: 03:58:57 / 03:59:18 (100%) A-V:  0.019 Dropped: 284 Cache: 20s/14MB
AV: 03:58:57 / 03:59:18 (100%) A-V:  0.002 Dropped: 285 Cache: 20s/14MB
AV: 03:58:57 / 03:59:18 (100%) A-V:  0.000 Dropped: 285 Cache: 20s/14MB
AV: 03:58:57 / 03:59:18 (100%) A-V:  0.348 Dropped: 286 Cache: 20s/14MB
AV: 03:58:57 / 03:59:18 (100%) A-V:  0.332 Dropped: 287 Cache: 20s/14MB
AV: 03:58:57 / 03:59:18 (100%) A-V:  0.315 Dropped: 288 Cache: 20s/14MB
AV: 03:58:57 / 03:59:18 (100%) A-V:  0.298 Dropped: 289 Cache: 20s/14MB
AV: 03:58:57 / 03:59:18 (100%) A-V:  0.283 Dropped: 290 Cache: 20s/14MB
AV: 03:58:57 / 03:59:18 (100%) A-V:  0.266 Dropped: 291 Cache: 20s/14MB
AV: 03:58:57 / 03:59:18 (100%) A-V:  0.249 Dropped: 292 Cache: 20s/14MB
AV: 03:58:57 / 03:59:18 (100%) A-V:  0.233 Dropped: 293 Cache: 20s/14MB
AV: 03:58:57 / 03:59:18 (100%) A-V:  0.216 Dropped: 294 Cache: 20s/14MB
AV: 03:58:57 / 03:59:18 (100%) A-V:  0.199 Dropped: 295 Cache: 20s/14MB
AV: 03:58:57 / 03:59:18 (100%) A-V:  0.183 Dropped: 296 Cache: 20s/14MB
AV: 03:58:57 / 03:59:18 (100%) A-V:  0.167 Dropped: 297 Cache: 20s/14MB
AV: 03:58:57 / 03:59:18 (100%) A-V:  0.150 Dropped: 298 Cache: 20s/14MB
AV: 03:58:57 / 03:59:18 (100%) A-V:  0.134 Dropped: 299 Cache: 20s/14MB
AV: 03:58:57 / 03:59:18 (100%) A-V:  0.117 Dropped: 300 Cache: 20s/14MB
AV: 03:58:57 / 03:59:18 (100%) A-V:  0.100 Dropped: 301 Cache: 20s/14MB
AV: 03:58:57 / 03:59:18 (100%) A-V:  0.088 Dropped: 302 Cache: 20s/14MB
AV: 03:58:57 / 03:59:18 (100%) A-V:  0.072 Dropped: 303 Cache: 20s/14MB
AV: 03:58:57 / 03:59:18 (100%) A-V:  0.055 Dropped: 304 Cache: 20s/14MB
AV: 03:58:57 / 03:59:18 (100%) A-V:  0.040 Dropped: 305 Cache: 20s/14MB
AV: 03:58:57 / 03:59:18 (100%) A-V:  0.023 Dropped: 306 Cache: 20s/14MB
AV: 03:58:57 / 03:59:18 (100%) A-V:  0.006 Dropped: 307 Cache: 20s/14MB
AV: 03:58:57 / 03:59:18 (100%) A-V:  0.000 Dropped: 307 Cache: 20s/14MB
AV: 03:58:57 / 03:59:18 (100%) A-V:  0.000 Dropped: 307 Cache: 19s/14MB
AV: 03:58:57 / 03:59:18 (100%) A-V:  0.007 Dropped: 308 Cache: 19s/14MB
AV: 03:58:57 / 03:59:18 (100%) A-V:  0.000 Dropped: 308 Cache: 19s/14MB
AV: 03:58:58 / 03:59:18 (100%) A-V:  0.000 Dropped: 308 Cache: 19s/14MB
AV: 03:58:58 / 03:59:18 (100%) A-V:  0.000 Dropped: 308 Cache: 19s/13MB
AV: 03:58:58 / 03:59:18 (100%) A-V:  0.000 Dropped: 308 Cache: 18s/13MB
AV: 03:58:59 / 03:59:18 (100%) A-V:  0.000 Dropped: 308 Cache: 18s/13MB
AV: 03:58:59 / 03:59:18 (100%) A-V:  0.000 Dropped: 308 Cache: 17s/13MB
AV: 03:58:59 / 03:59:18 (100%) A-V:  0.000 Dropped: 308 Cache: 17s/12MB
AV: 03:59:00 / 03:59:18 (100%) A-V:  0.000 Dropped: 308 Cache: 17s/12MB
AV: 03:59:00 / 03:59:22 (100%) A-V:  0.000 Dropped: 308 Cache: 21s/16MB
AV: 03:59:00 / 03:59:24 (100%) A-V:  0.000 Dropped: 308 Cache: 23s/16MB
AV: 03:59:00 / 03:59:24 (100%) A-V:  0.000 Dropped: 308 Cache: 22s/16MB
AV: 03:59:01 / 03:59:24 (100%) A-V:  0.000 Dropped: 308 Cache: 22s/16MB
AV: 03:59:01 / 03:59:24 (100%) A-V:  0.000 Dropped: 308 Cache: 21s/16MB
AV: 03:59:01 / 03:59:24 (100%) A-V:  0.000 Dropped: 308 Cache: 21s/15MB
AV: 03:59:02 / 03:59:24 (100%) A-V:  0.000 Dropped: 308 Cache: 21s/15MB
AV: 03:59:02 / 03:59:24 (100%) A-V:  0.000 Dropped: 308 Cache: 20s/15MB
AV: 03:59:03 / 03:59:24 (100%) A-V:  0.000 Dropped: 308 Cache: 20s/15MB
AV: 03:59:03 / 03:59:24 (100%) A-V:  0.000 Dropped: 308 Cache: 20s/14MB
AV: 03:59:03 / 03:59:24 (100%) A-V:  0.000 Dropped: 308 Cache: 19s/14MB
AV: 03:59:04 / 03:59:24 (100%) A-V:  0.000 Dropped: 308 Cache: 19s/14MB
AV: 03:59:04 / 03:59:24 (100%) A-V:  0.000 Dropped: 308 Cache: 19s/13MB
AV: 03:59:04 / 03:59:24 (100%) A-V:  0.000 Dropped: 308 Cache: 18s/13MB
AV: 03:59:05 / 03:59:24 (100%) A-V:  0.000 Dropped: 308 Cache: 18s/13MB
AV: 03:59:05 / 03:59:24 (100%) A-V:  0.000 Dropped: 308 Cache: 18s/12MB
AV: 03:59:05 / 03:59:24 (100%) A-V:  0.000 Dropped: 308 Cache: 17s/12MB
AV: 03:59:06 / 03:59:24 (100%) A-V:  0.000 Dropped: 308 Cache: 17s/12MB
AV: 03:59:06 / 03:59:30 (100%) A-V:  0.000 Dropped: 308 Cache: 23s/16MB
AV: 03:59:06 / 03:59:30 (100%) A-V:  0.000 Dropped: 308 Cache: 22s/16MB
AV: 03:59:07 / 03:59:30 (100%) A-V:  0.000 Dropped: 308 Cache: 22s/16MB
AV: 03:59:07 / 03:59:30 (100%) A-V:  0.000 Dropped: 308 Cache: 22s/15MB
AV: 03:59:07 / 03:59:30 (100%) A-V:  0.000 Dropped: 308 Cache: 21s/15MB
AV: 03:59:08 / 03:59:30 (100%) A-V:  0.000 Dropped: 308 Cache: 21s/15MB
AV: 03:59:08 / 03:59:30 (100%) A-V:  0.000 Dropped: 308 Cache: 20s/15MB
AV: 03:59:08 / 03:59:30 (100%) A-V:  0.000 Dropped: 308 Cache: 20s/14MB
AV: 03:59:09 / 03:59:30 (100%) A-V:  0.000 Dropped: 308 Cache: 20s/14MB
AV: 03:59:09 / 03:59:30 (100%) A-V:  0.000 Dropped: 308 Cache: 19s/14MB
AV: 03:59:10 / 03:59:30 (100%) A-V:  0.000 Dropped: 308 Cache: 19s/14MB
AV: 03:59:10 / 03:59:30 (100%) A-V:  0.000 Dropped: 308 Cache: 19s/13MB
AV: 03:59:10 / 03:59:30 (100%) A-V:  0.000 Dropped: 308 Cache: 18s/13MB
AV: 03:59:11 / 03:59:30 (100%) A-V:  0.000 Dropped: 308 Cache: 18s/13MB
AV: 03:59:11 / 03:59:30 (100%) A-V:  0.000 Dropped: 308 Cache: 17s/13MB
AV: 03:59:11 / 03:59:30 (100%) A-V:  0.000 Dropped: 308 Cache: 17s/12MB
AV: 03:59:12 / 03:59:30 (100%) A-V:  0.000 Dropped: 308 Cache: 17s/12MB
AV: 03:59:12 / 03:59:30 (100%) A-V:  0.000 Dropped: 308 Cache: 16s/12MB
AV: 03:59:12 / 03:59:30 (100%) A-V:  0.000 Dropped: 308 Cache: 17s/12MB
AV: 03:59:12 / 03:59:31 (100%) A-V:  0.000 Dropped: 308 Cache: 18s/13MB
AV: 03:59:12 / 03:59:36 (100%) A-V:  0.000 Dropped: 308 Cache: 22s/16MB
AV: 03:59:13 / 03:59:36 (100%) A-V:  0.000 Dropped: 308 Cache: 22s/16MB
AV: 03:59:13 / 03:59:36 (100%) A-V:  0.000 Dropped: 308 Cache: 22s/15MB
AV: 03:59:13 / 03:59:36 (100%) A-V:  0.000 Dropped: 308 Cache: 21s/15MB
AV: 03:59:14 / 03:59:36 (100%) A-V:  0.000 Dropped: 308 Cache: 21s/15MB
AV: 03:59:14 / 03:59:36 (100%) A-V:  0.000 Dropped: 308 Cache: 20s/15MB
AV: 03:59:15 / 03:59:36 (100%) A-V:  0.000 Dropped: 308 Cache: 20s/15MB
AV: 03:59:15 / 03:59:36 (100%) A-V:  0.000 Dropped: 308 Cache: 20s/14MB
AV: 03:59:15 / 03:59:36 (100%) A-V:  0.000 Dropped: 308 Cache: 19s/14MB
AV: 03:59:16 / 03:59:36 (100%) A-V:  0.000 Dropped: 308 Cache: 19s/14MB
AV: 03:59:16 / 03:59:36 (100%) A-V:  0.000 Dropped: 308 Cache: 19s/13MB
AV: 03:59:16 / 03:59:36 (100%) A-V:  0.000 Dropped: 308 Cache: 18s/13MB
AV: 03:59:17 / 03:59:36 (100%) A-V:  0.000 Dropped: 308 Cache: 18s/13MB
AV: 03:59:17 / 03:59:36 (100%) A-V:  0.000 Dropped: 308 Cache: 17s/13MB
AV: 03:59:17 / 03:59:36 (100%) A-V:  0.000 Dropped: 308 Cache: 17s/12MB
AV: 03:59:18 / 03:59:36 (100%) A-V:  0.000 Dropped: 308 Cache: 17s/12MB
AV: 03:59:18 / 03:59:36 (100%) A-V:  0.000 Dropped: 308 Cache: 16s/12MB
AV: 03:59:18 / 03:59:42 (100%) A-V:  0.000 Dropped: 308 Cache: 22s/16MB
AV: 03:59:19 / 03:59:42 (100%) A-V:  0.000 Dropped: 308 Cache: 22s/16MB
AV: 03:59:19 / 03:59:42 (100%) A-V:  0.000 Dropped: 308 Cache: 22s/15MB
AV: 03:59:19 / 03:59:42 (100%) A-V:  0.000 Dropped: 308 Cache: 21s/15MB
AV: 03:59:20 / 03:59:42 (100%) A-V:  0.000 Dropped: 308 Cache: 21s/15MB
AV: 03:59:20 / 03:59:42 (100%) A-V:  0.000 Dropped: 308 Cache: 20s/15MB
AV: 03:59:20 / 03:59:42 (100%) A-V:  0.000 Dropped: 308 Cache: 20s/14MB
AV: 03:59:21 / 03:59:42 (100%) A-V:  0.000 Dropped: 308 Cache: 20s/14MB
AV: 03:59:21 / 03:59:42 (100%) A-V:  0.000 Dropped: 308 Cache: 19s/14MB
AV: 03:59:22 / 03:59:42 (100%) A-V:  0.000 Dropped: 308 Cache: 19s/14MB
AV: 03:59:22 / 03:59:42 (100%) A-V:  0.000 Dropped: 308 Cache: 19s/13MB
AV: 03:59:22 / 03:59:42 (100%) A-V:  0.000 Dropped: 308 Cache: 18s/13MB
AV: 03:59:23 / 03:59:42 (100%) A-V:  0.000 Dropped: 308 Cache: 18s/13MB
AV: 03:59:23 / 03:59:42 (100%) A-V:  0.000 Dropped: 308 Cache: 17s/13MB
AV: 03:59:23 / 03:59:42 (100%) A-V:  0.000 Dropped: 308 Cache: 17s/12MB
AV: 03:59:24 / 03:59:42 (100%) A-V:  0.000 Dropped: 308 Cache: 17s/12MB
AV: 03:59:24 / 03:59:42 (100%) A-V:  0.000 Dropped: 308 Cache: 16s/12MB
AV: 03:59:25 / 03:59:42 (100%) A-V:  0.000 Dropped: 308 Cache: 16s/12MB
AV: 03:59:25 / 03:59:48 (100%) A-V:  0.000 Dropped: 308 Cache: 22s/16MB
AV: 03:59:25 / 03:59:54 (100%) A-V:  0.000 Dropped: 308 Cache: 28s/20MB
AV: 03:59:25 / 03:59:54 (100%) A-V:  0.000 Dropped: 308 Cache: 28s/19MB
AV: 03:59:25 / 03:59:54 (100%) A-V:  0.000 Dropped: 308 Cache: 27s/19MB
AV: 03:59:26 / 03:59:54 (100%) A-V:  0.000 Dropped: 308 Cache: 27s/19MB
AV: 03:59:26 / 03:59:54 (100%) A-V:  0.000 Dropped: 308 Cache: 26s/19MB
AV: 03:59:26 / 03:59:54 (100%) A-V:  0.000 Dropped: 308 Cache: 26s/18MB
AV: 03:59:27 / 03:59:54 (100%) A-V:  0.000 Dropped: 308 Cache: 26s/18MB
AV: 03:59:27 / 03:59:54 (100%) A-V:  0.000 Dropped: 308 Cache: 25s/18MB
AV: 03:59:28 / 03:59:54 (100%) A-V:  0.000 Dropped: 308 Cache: 25s/18MB
AV: 03:59:28 / 03:59:54 (100%) A-V:  0.000 Dropped: 308 Cache: 25s/17MB
AV: 03:59:28 / 03:59:54 (100%) A-V:  0.000 Dropped: 308 Cache: 24s/17MB
AV: 03:59:29 / 03:59:54 (100%) A-V:  0.000 Dropped: 308 Cache: 24s/17MB
AV: 03:59:29 / 03:59:54 (100%) A-V:  0.000 Dropped: 308 Cache: 24s/16MB
AV: 03:59:29 / 03:59:54 (100%) A-V:  0.000 Dropped: 308 Cache: 23s/16MB
AV: 03:59:30 / 03:59:54 (100%) A-V:  0.000 Dropped: 308 Cache: 23s/16MB
AV: 03:59:30 / 03:59:54 (100%) A-V:  0.000 Dropped: 308 Cache: 22s/16MB
AV: 03:59:30 / 03:59:54 (100%) A-V:  0.000 Dropped: 308 Cache: 22s/15MB
AV: 03:59:31 / 03:59:54 (100%) A-V:  0.000 Dropped: 308 Cache: 22s/15MB
AV: 03:59:31 / 03:59:54 (100%) A-V:  0.000 Dropped: 308 Cache: 21s/15MB
AV: 03:59:32 / 03:59:54 (100%) A-V:  0.000 Dropped: 308 Cache: 21s/15MB
AV: 03:59:32 / 03:59:54 (100%) A-V:  0.000 Dropped: 308 Cache: 21s/14MB
AV: 03:59:32 / 03:59:54 (100%) A-V:  0.000 Dropped: 308 Cache: 20s/14MB
AV: 03:59:33 / 03:59:54 (100%) A-V:  0.000 Dropped: 308 Cache: 20s/14MB
AV: 03:59:33 / 03:59:54 (100%) A-V:  0.000 Dropped: 308 Cache: 19s/14MB
AV: 03:59:33 / 03:59:54 (100%) A-V:  0.000 Dropped: 308 Cache: 19s/13MB
AV: 03:59:34 / 03:59:54 (100%) A-V:  0.000 Dropped: 308 Cache: 19s/13MB
AV: 03:59:34 / 04:00:00 (100%) A-V:  0.000 Dropped: 308 Cache: 25s/18MB
AV: 03:59:34 / 04:00:00 (100%) A-V:  0.000 Dropped: 308 Cache: 24s/18MB
AV: 03:59:34 / 04:00:00 (100%) A-V:  0.000 Dropped: 308 Cache: 24s/17MB
AV: 03:59:35 / 04:00:00 (100%) A-V:  0.000 Dropped: 308 Cache: 24s/17MB
AV: 03:59:35 / 04:00:00 (100%) A-V:  0.000 Dropped: 308 Cache: 23s/17MB
AV: 03:59:36 / 04:00:00 (100%) A-V:  0.000 Dropped: 308 Cache: 23s/17MB
AV: 03:59:36 / 04:00:00 (100%) A-V:  0.000 Dropped: 308 Cache: 23s/16MB
AV: 03:59:36 / 04:00:00 (100%) A-V:  0.000 Dropped: 308 Cache: 22s/16MB
AV: 03:59:37 / 04:00:00 (100%) A-V:  0.000 Dropped: 308 Cache: 22s/16MB
AV: 03:59:37 / 04:00:00 (100%) A-V:  0.000 Dropped: 308 Cache: 21s/16MB
AV: 03:59:37 / 04:00:00 (100%) A-V:  0.000 Dropped: 308 Cache: 21s/15MB
AV: 03:59:38 / 04:00:00 (100%) A-V:  0.000 Dropped: 308 Cache: 21s/15MB
AV: 03:59:38 / 04:00:00 (100%) A-V:  0.000 Dropped: 308 Cache: 20s/15MB
AV: 03:59:39 / 04:00:00 (100%) A-V:  0.000 Dropped: 308 Cache: 20s/15MB
AV: 03:59:39 / 04:00:00 (100%) A-V:  0.000 Dropped: 308 Cache: 20s/14MB
AV: 03:59:39 / 04:00:00 (100%) A-V:  0.000 Dropped: 308 Cache: 19s/14MB
AV: 03:59:40 / 04:00:00 (100%) A-V:  0.000 Dropped: 308 Cache: 19s/14MB
AV: 03:59:40 / 04:00:00 (100%) A-V:  0.000 Dropped: 308 Cache: 19s/13MB
AV: 03:59:40 / 04:00:06 (100%) A-V:  0.000 Dropped: 308 Cache: 25s/18MB
AV: 03:59:40 / 04:00:06 (100%) A-V:  0.000 Dropped: 308 Cache: 25s/17MB
AV: 03:59:40 / 04:00:06 (100%) A-V:  0.000 Dropped: 308 Cache: 24s/17MB
AV: 03:59:41 / 04:00:06 (100%) A-V:  0.000 Dropped: 308 Cache: 24s/17MB
AV: 03:59:41 / 04:00:06 (100%) A-V:  0.000 Dropped: 308 Cache: 23s/17MB
AV: 03:59:42 / 04:00:06 (100%) A-V:  0.000 Dropped: 308 Cache: 23s/17MB
AV: 03:59:42 / 04:00:06 (100%) A-V:  0.000 Dropped: 308 Cache: 23s/16MB
AV: 03:59:42 / 04:00:06 (100%) A-V:  0.000 Dropped: 308 Cache: 22s/16MB
AV: 03:59:43 / 04:00:06 (100%) A-V:  0.000 Dropped: 308 Cache: 22s/16MB
AV: 03:59:43 / 04:00:06 (100%) A-V:  0.000 Dropped: 308 Cache: 22s/15MB
AV: 03:59:43 / 04:00:06 (100%) A-V:  0.000 Dropped: 308 Cache: 21s/15MB
AV: 03:59:44 / 04:00:06 (100%) A-V:  0.000 Dropped: 308 Cache: 21s/15MB
AV: 03:59:44 / 04:00:06 (100%) A-V:  0.000 Dropped: 308 Cache: 21s/14MB
AV: 03:59:44 / 04:00:06 (100%) A-V:  0.000 Dropped: 308 Cache: 20s/14MB
AV: 03:59:45 / 04:00:06 (100%) A-V:  0.000 Dropped: 308 Cache: 20s/14MB
AV: 03:59:45 / 04:00:06 (100%) A-V:  0.000 Dropped: 308 Cache: 19s/14MB
AV: 03:59:45 / 04:00:06 (100%) A-V:  0.000 Dropped: 308 Cache: 19s/13MB
AV: 03:59:46 / 04:00:06 (100%) A-V:  0.000 Dropped: 308 Cache: 19s/13MB
AV: 03:59:46 / 04:00:12 (100%) A-V:  0.000 Dropped: 308 Cache: 25s/17MB
AV: 03:59:46 / 04:00:12 (100%) A-V:  0.000 Dropped: 308 Cache: 24s/17MB
AV: 03:59:47 / 04:00:12 (100%) A-V:  0.000 Dropped: 308 Cache: 24s/17MB
AV: 03:59:47 / 04:00:12 (100%) A-V:  0.000 Dropped: 308 Cache: 23s/17MB
AV: 03:59:48 / 04:00:12 (100%) A-V:  0.000 Dropped: 308 Cache: 23s/16MB
AV: 03:59:48 / 04:00:12 (100%) A-V:  0.000 Dropped: 308 Cache: 22s/16MB
AV: 03:59:49 / 04:00:12 (100%) A-V:  0.000 Dropped: 308 Cache: 22s/16MB
AV: 03:59:49 / 04:00:12 (100%) A-V:  0.000 Dropped: 308 Cache: 22s/15MB
AV: 03:59:49 / 04:00:12 (100%) A-V:  0.000 Dropped: 308 Cache: 21s/15MB
AV: 03:59:50 / 04:00:12 (100%) A-V:  0.000 Dropped: 308 Cache: 21s/15MB
AV: 03:59:50 / 04:00:12 (100%) A-V:  0.000 Dropped: 308 Cache: 20s/15MB
AV: 03:59:51 / 04:00:12 (100%) A-V:  0.000 Dropped: 308 Cache: 20s/15MB
AV: 03:59:51 / 04:00:12 (100%) A-V:  0.000 Dropped: 308 Cache: 20s/14MB
AV: 03:59:51 / 04:00:12 (100%) A-V:  0.000 Dropped: 308 Cache: 19s/14MB
AV: 03:59:52 / 04:00:12 (100%) A-V:  0.000 Dropped: 308 Cache: 19s/14MB
AV: 03:59:52 / 04:00:12 (100%) A-V:  0.000 Dropped: 308 Cache: 19s/13MB
AV: 03:59:52 / 04:00:12 (100%) A-V:  0.000 Dropped: 308 Cache: 18s/13MB
AV: 03:59:52 / 04:00:18 (100%) A-V:  0.000 Dropped: 308 Cache: 24s/18MB
AV: 03:59:53 / 04:00:18 (100%) A-V:  0.000 Dropped: 308 Cache: 24s/18MB
AV: 03:59:53 / 04:00:18 (100%) A-V:  0.000 Dropped: 308 Cache: 24s/17MB
AV: 03:59:53 / 04:00:18 (100%) A-V:  0.000 Dropped: 308 Cache: 23s/17MB
AV: 03:59:54 / 04:00:18 (100%) A-V:  0.000 Dropped: 308 Cache: 23s/17MB
AV: 03:59:54 / 04:00:18 (100%) A-V:  0.000 Dropped: 308 Cache: 23s/16MB
AV: 03:59:54 / 04:00:18 (100%) A-V:  0.000 Dropped: 308 Cache: 22s/16MB
AV: 03:59:55 / 04:00:18 (100%) A-V:  0.000 Dropped: 308 Cache: 22s/16MB
AV: 03:59:55 / 04:00:18 (100%) A-V:  0.000 Dropped: 308 Cache: 22s/15MB
AV: 03:59:55 / 04:00:18 (100%) A-V:  0.000 Dropped: 308 Cache: 21s/15MB
AV: 03:59:56 / 04:00:18 (100%) A-V:  0.000 Dropped: 308 Cache: 21s/15MB
AV: 03:59:56 / 04:00:18 (100%) A-V:  0.000 Dropped: 308 Cache: 20s/15MB
AV: 03:59:57 / 04:00:18 (100%) A-V:  0.000 Dropped: 308 Cache: 20s/15MB
AV: 03:59:57 / 04:00:18 (100%) A-V:  0.000 Dropped: 308 Cache: 20s/14MB
AV: 03:59:57 / 04:00:18 (100%) A-V:  0.000 Dropped: 308 Cache: 19s/14MB
AV: 03:59:58 / 04:00:18 (100%) A-V:  0.000 Dropped: 308 Cache: 19s/14MB
AV: 03:59:58 / 04:00:18 (100%) A-V:  0.000 Dropped: 308 Cache: 19s/13MB
AV: 03:59:58 / 04:00:18 (100%) A-V:  0.000 Dropped: 308 Cache: 18s/13MB
AV: 03:59:59 / 04:00:18 (100%) A-V:  0.000 Dropped: 308 Cache: 18s/13MB
AV: 03:59:59 / 04:00:24 (100%) A-V:  0.000 Dropped: 308 Cache: 24s/17MB
AV: 03:59:59 / 04:00:24 (100%) A-V:  0.000 Dropped: 308 Cache: 23s/17MB
AV: 03:59:59 / 04:00:24 (100%) A-V:  0.000 Dropped: 308 Cache: 23s/16MB
AV: 04:00:00 / 04:00:24 (100%) A-V:  0.000 Dropped: 308 Cache: 23s/16MB
AV: 04:00:00 / 04:00:24 (100%) A-V:  0.000 Dropped: 308 Cache: 22s/16MB
AV: 04:00:01 / 04:00:24 (100%) A-V:  0.000 Dropped: 308 Cache: 22s/16MB
AV: 04:00:01 / 04:00:24 (100%) A-V:  0.000 Dropped: 308 Cache: 21s/16MB
AV: 04:00:01 / 04:00:24 (100%) A-V:  0.000 Dropped: 308 Cache: 21s/15MB
AV: 04:00:02 / 04:00:24 (100%) A-V:  0.000 Dropped: 308 Cache: 21s/15MB
AV: 04:00:02 / 04:00:24 (100%) A-V:  0.000 Dropped: 308 Cache: 20s/15MB
AV: 04:00:02 / 04:00:24 (100%) A-V:  0.000 Dropped: 308 Cache: 20s/14MB
AV: 04:00:03 / 04:00:24 (100%) A-V:  0.000 Dropped: 308 Cache: 20s/14MB
AV: 04:00:03 / 04:00:24 (100%) A-V:  0.000 Dropped: 308 Cache: 19s/14MB
AV: 04:00:04 / 04:00:24 (100%) A-V:  0.000 Dropped: 308 Cache: 19s/14MB
AV: 04:00:04 / 04:00:24 (100%) A-V:  0.000 Dropped: 308 Cache: 19s/13MB
AV: 04:00:04 / 04:00:24 (100%) A-V:  0.000 Dropped: 308 Cache: 18s/13MB
AV: 04:00:05 / 04:00:24 (100%) A-V:  0.000 Dropped: 308 Cache: 18s/13MB
AV: 04:00:05 / 04:00:30 (100%) A-V:  0.000 Dropped: 308 Cache: 24s/18MB
AV: 04:00:05 / 04:00:30 (100%) A-V:  0.000 Dropped: 308 Cache: 24s/17MB
AV: 04:00:05 / 04:00:30 (100%) A-V:  0.000 Dropped: 308 Cache: 23s/17MB
AV: 04:00:06 / 04:00:30 (100%) A-V:  0.000 Dropped: 308 Cache: 23s/17MB
AV: 04:00:06 / 04:00:30 (100%) A-V:  0.000 Dropped: 308 Cache: 23s/16MB
AV: 04:00:06 / 04:00:30 (100%) A-V:  0.000 Dropped: 308 Cache: 22s/16MB
AV: 04:00:07 / 04:00:30 (100%) A-V:  0.000 Dropped: 308 Cache: 22s/16MB
AV: 04:00:07 / 04:00:30 (100%) A-V:  0.000 Dropped: 308 Cache: 21s/16MB
AV: 04:00:07 / 04:00:30 (100%) A-V:  0.000 Dropped: 308 Cache: 21s/15MB
AV: 04:00:08 / 04:00:30 (100%) A-V:  0.000 Dropped: 308 Cache: 21s/15MB
AV: 04:00:08 / 04:00:30 (100%) A-V:  0.000 Dropped: 308 Cache: 20s/15MB
AV: 04:00:09 / 04:00:30 (100%) A-V:  0.000 Dropped: 308 Cache: 20s/15MB
AV: 04:00:09 / 04:00:30 (100%) A-V:  0.000 Dropped: 308 Cache: 20s/14MB
AV: 04:00:09 / 04:00:30 (100%) A-V:  0.000 Dropped: 308 Cache: 19s/14MB
AV: 04:00:10 / 04:00:30 (100%) A-V:  0.000 Dropped: 308 Cache: 19s/14MB
AV: 04:00:10 / 04:00:30 (100%) A-V:  0.000 Dropped: 308 Cache: 19s/13MB
AV: 04:00:10 / 04:00:30 (100%) A-V:  0.000 Dropped: 308 Cache: 18s/13MB
AV: 04:00:11 / 04:00:30 (100%) A-V:  0.000 Dropped: 308 Cache: 18s/13MB
AV: 04:00:11 / 04:00:36 (100%) A-V:  0.000 Dropped: 308 Cache: 24s/17MB
AV: 04:00:11 / 04:00:41 (100%) A-V:  0.000 Dropped: 308 Cache: 29s/21MB
AV: 04:00:11 / 04:00:41 (100%) A-V:  0.000 Dropped: 308 Cache: 28s/21MB
AV: 04:00:11 / 04:00:41 (100%) A-V:  0.000 Dropped: 308 Cache: 28s/20MB
AV: 04:00:12 / 04:00:41 (100%) A-V:  0.000 Dropped: 308 Cache: 28s/20MB
AV: 04:00:12 / 04:00:41 (100%) A-V:  0.000 Dropped: 308 Cache: 27s/20MB
AV: 04:00:13 / 04:00:41 (100%) A-V:  0.000 Dropped: 308 Cache: 27s/20MB
AV: 04:00:13 / 04:00:41 (100%) A-V:  0.000 Dropped: 308 Cache: 27s/19MB
AV: 04:00:13 / 04:00:41 (100%) A-V:  0.000 Dropped: 308 Cache: 26s/19MB
AV: 04:00:14 / 04:00:41 (100%) A-V:  0.000 Dropped: 308 Cache: 26s/19MB
AV: 04:00:14 / 04:00:41 (100%) A-V:  0.000 Dropped: 308 Cache: 26s/18MB
AV: 04:00:14 / 04:00:41 (100%) A-V:  0.000 Dropped: 308 Cache: 25s/18MB
AV: 04:00:15 / 04:00:41 (100%) A-V:  0.000 Dropped: 308 Cache: 25s/18MB
AV: 04:00:15 / 04:00:41 (100%) A-V:  0.000 Dropped: 308 Cache: 24s/18MB
AV: 04:00:16 / 04:00:41 (100%) A-V:  0.000 Dropped: 308 Cache: 24s/18MB
AV: 04:00:16 / 04:00:41 (100%) A-V:  0.000 Dropped: 308 Cache: 24s/17MB
AV: 04:00:16 / 04:00:41 (100%) A-V:  0.000 Dropped: 308 Cache: 23s/17MB
AV: 04:00:17 / 04:00:41 (100%) A-V:  0.000 Dropped: 308 Cache: 23s/17MB
AV: 04:00:17 / 04:00:41 (100%) A-V:  0.000 Dropped: 308 Cache: 23s/16MB
AV: 04:00:17 / 04:00:41 (100%) A-V:  0.000 Dropped: 308 Cache: 22s/16MB
AV: 04:00:18 / 04:00:41 (100%) A-V:  0.000 Dropped: 308 Cache: 22s/16MB
AV: 04:00:18 / 04:00:41 (100%) A-V:  0.000 Dropped: 308 Cache: 21s/16MB
AV: 04:00:18 / 04:00:41 (100%) A-V:  0.000 Dropped: 308 Cache: 21s/15MB
AV: 04:00:19 / 04:00:41 (100%) A-V:  0.000 Dropped: 308 Cache: 21s/15MB
AV: 04:00:19 / 04:00:41 (100%) A-V:  0.000 Dropped: 308 Cache: 20s/15MB
AV: 04:00:19 / 04:00:41 (100%) A-V:  0.000 Dropped: 308 Cache: 20s/14MB
AV: 04:00:20 / 04:00:41 (100%) A-V:  0.000 Dropped: 308 Cache: 20s/14MB
AV: 04:00:20 / 04:00:41 (100%) A-V:  0.000 Dropped: 308 Cache: 19s/14MB
AV: 04:00:21 / 04:00:41 (100%) A-V:  0.000 Dropped: 308 Cache: 19s/14MB
AV: 04:00:21 / 04:00:41 (100%) A-V:  0.000 Dropped: 308 Cache: 19s/13MB
AV: 04:00:21 / 04:00:41 (100%) A-V:  0.000 Dropped: 308 Cache: 18s/13MB
AV: 04:00:22 / 04:00:41 (100%) A-V:  0.000 Dropped: 308 Cache: 18s/13MB
AV: 04:00:22 / 04:00:41 (100%) A-V:  0.000 Dropped: 308 Cache: 17s/13MB
AV: 04:00:22 / 04:00:43 (100%) A-V:  0.000 Dropped: 308 Cache: 20s/14MB
AV: 04:00:22 / 04:00:48 (100%) A-V:  0.000 Dropped: 308 Cache: 24s/18MB
AV: 04:00:23 / 04:00:48 (100%) A-V:  0.000 Dropped: 308 Cache: 24s/18MB
AV: 04:00:23 / 04:00:48 (100%) A-V:  0.000 Dropped: 308 Cache: 24s/17MB
AV: 04:00:23 / 04:00:48 (100%) A-V:  0.000 Dropped: 308 Cache: 23s/17MB
AV: 04:00:24 / 04:00:48 (100%) A-V:  0.000 Dropped: 308 Cache: 23s/17MB
AV: 04:00:24 / 04:00:48 (100%) A-V:  0.000 Dropped: 308 Cache: 23s/16MB
AV: 04:00:24 / 04:00:48 (100%) A-V:  0.000 Dropped: 308 Cache: 22s/16MB
AV: 04:00:25 / 04:00:48 (100%) A-V:  0.000 Dropped: 308 Cache: 22s/16MB
AV: 04:00:25 / 04:00:48 (100%) A-V:  0.000 Dropped: 308 Cache: 21s/16MB
AV: 04:00:25 / 04:00:48 (100%) A-V:  0.000 Dropped: 308 Cache: 21s/15MB
AV: 04:00:26 / 04:00:48 (100%) A-V:  0.000 Dropped: 308 Cache: 21s/15MB
AV: 04:00:26 / 04:00:48 (100%) A-V:  0.000 Dropped: 308 Cache: 20s/15MB
AV: 04:00:27 / 04:00:48 (100%) A-V:  0.000 Dropped: 308 Cache: 20s/15MB
AV: 04:00:27 / 04:00:48 (100%) A-V:  0.000 Dropped: 308 Cache: 20s/14MB
AV: 04:00:27 / 04:00:48 (100%) A-V:  0.000 Dropped: 308 Cache: 19s/14MB
AV: 04:00:28 / 04:00:48 (100%) A-V:  0.000 Dropped: 308 Cache: 19s/14MB
AV: 04:00:28 / 04:00:48 (100%) A-V:  0.000 Dropped: 308 Cache: 19s/13MB
AV: 04:00:28 / 04:00:48 (100%) A-V:  0.000 Dropped: 308 Cache: 18s/13MB
AV: 04:00:29 / 04:00:48 (100%) A-V:  0.000 Dropped: 308 Cache: 18s/13MB
AV: 04:00:29 / 04:00:48 (100%) A-V:  0.000 Dropped: 308 Cache: 17s/13MB
AV: 04:00:29 / 04:00:48 (100%) A-V:  0.000 Dropped: 308 Cache: 17s/12MB
AV: 04:00:30 / 04:00:48 (100%) A-V:  0.000 Dropped: 308 Cache: 17s/12MB
AV: 04:00:30 / 04:00:54 (100%) A-V:  0.000 Dropped: 308 Cache: 23s/17MB
AV: 04:00:30 / 04:00:54 (100%) A-V:  0.000 Dropped: 308 Cache: 23s/16MB
AV: 04:00:30 / 04:00:54 (100%) A-V:  0.000 Dropped: 308 Cache: 22s/16MB
AV: 04:00:31 / 04:00:54 (100%) A-V:  0.000 Dropped: 308 Cache: 22s/16MB
AV: 04:00:31 / 04:00:54 (100%) A-V:  0.000 Dropped: 308 Cache: 22s/15MB
AV: 04:00:31 / 04:00:54 (100%) A-V:  0.000 Dropped: 308 Cache: 21s/15MB
AV: 04:00:32 / 04:00:54 (100%) A-V:  0.000 Dropped: 308 Cache: 21s/15MB
AV: 04:00:32 / 04:00:54 (100%) A-V:  0.000 Dropped: 308 Cache: 21s/14MB
AV: 04:00:32 / 04:00:54 (100%) A-V:  0.000 Dropped: 308 Cache: 20s/14MB
AV: 04:00:33 / 04:00:54 (100%) A-V:  0.000 Dropped: 308 Cache: 20s/14MB
AV: 04:00:33 / 04:00:54 (100%) A-V:  0.000 Dropped: 308 Cache: 19s/14MB
AV: 04:00:34 / 04:00:54 (100%) A-V:  0.000 Dropped: 308 Cache: 19s/14MB
AV: 04:00:34 / 04:00:54 (100%) A-V:  0.000 Dropped: 308 Cache: 19s/13MB
AV: 04:00:34 / 04:00:54 (100%) A-V:  0.000 Dropped: 308 Cache: 18s/13MB
AV: 04:00:35 / 04:00:54 (100%) A-V:  0.000 Dropped: 308 Cache: 18s/13MB
AV: 04:00:35 / 04:00:54 (100%) A-V:  0.000 Dropped: 308 Cache: 17s/13MB
AV: 04:00:35 / 04:00:54 (100%) A-V:  0.000 Dropped: 308 Cache: 17s/12MB
AV: 04:00:36 / 04:00:54 (100%) A-V:  0.000 Dropped: 308 Cache: 17s/12MB
AV: 04:00:36 / 04:01:00 (100%) A-V:  0.000 Dropped: 308 Cache: 23s/16MB
AV: 04:00:36 / 04:01:00 (100%) A-V:  0.000 Dropped: 308 Cache: 22s/16MB
AV: 04:00:37 / 04:01:00 (100%) A-V:  0.000 Dropped: 308 Cache: 22s/16MB
AV: 04:00:37 / 04:01:00 (100%) A-V:  0.000 Dropped: 308 Cache: 22s/15MB
AV: 04:00:37 / 04:01:00 (100%) A-V:  0.000 Dropped: 308 Cache: 21s/15MB
AV: 04:00:38 / 04:01:00 (100%) A-V:  0.000 Dropped: 308 Cache: 21s/15MB
AV: 04:00:38 / 04:01:00 (100%) A-V:  0.000 Dropped: 308 Cache: 20s/14MB
AV: 04:00:39 / 04:01:00 (100%) A-V:  0.000 Dropped: 308 Cache: 20s/14MB
AV: 04:00:39 / 04:01:00 (100%) A-V:  0.000 Dropped: 308 Cache: 19s/14MB
AV: 04:00:40 / 04:01:00 (100%) A-V:  0.000 Dropped: 308 Cache: 19s/13MB
AV: 04:00:40 / 04:01:00 (100%) A-V:  0.000 Dropped: 308 Cache: 18s/13MB
AV: 04:00:41 / 04:01:00 (100%) A-V:  0.000 Dropped: 308 Cache: 18s/13MB
AV: 04:00:41 / 04:01:00 (100%) A-V:  0.000 Dropped: 308 Cache: 18s/12MB
AV: 04:00:41 / 04:01:00 (100%) A-V:  0.000 Dropped: 308 Cache: 17s/12MB
AV: 04:00:42 / 04:01:00 (100%) A-V:  0.000 Dropped: 308 Cache: 17s/12MB
AV: 04:00:42 / 04:01:06 (100%) A-V:  0.000 Dropped: 308 Cache: 23s/16MB
AV: 04:00:42 / 04:01:06 (100%) A-V:  0.000 Dropped: 308 Cache: 22s/16MB
AV: 04:00:43 / 04:01:06 (100%) A-V:  0.000 Dropped: 308 Cache: 22s/16MB
AV: 04:00:43 / 04:01:06 (100%) A-V:  0.000 Dropped: 308 Cache: 22s/15MB
AV: 04:00:43 / 04:01:06 (100%) A-V:  0.000 Dropped: 308 Cache: 21s/15MB
AV: 04:00:44 / 04:01:06 (100%) A-V:  0.000 Dropped: 308 Cache: 21s/15MB
AV: 04:00:44 / 04:01:06 (100%) A-V:  0.000 Dropped: 308 Cache: 20s/15MB
AV: 04:00:44 / 04:01:06 (100%) A-V:  0.000 Dropped: 308 Cache: 20s/14MB
AV: 04:00:45 / 04:01:06 (100%) A-V:  0.000 Dropped: 308 Cache: 20s/14MB
AV: 04:00:45 / 04:01:06 (100%) A-V:  0.000 Dropped: 308 Cache: 19s/14MB
AV: 04:00:46 / 04:01:06 (100%) A-V:  0.000 Dropped: 308 Cache: 19s/14MB
AV: 04:00:46 / 04:01:06 (100%) A-V:  0.000 Dropped: 308 Cache: 19s/13MB
AV: 04:00:46 / 04:01:06 (100%) A-V:  0.000 Dropped: 308 Cache: 18s/13MB
AV: 04:00:47 / 04:01:06 (100%) A-V:  0.000 Dropped: 308 Cache: 18s/13MB
AV: 04:00:47 / 04:01:06 (100%) A-V:  0.000 Dropped: 308 Cache: 18s/12MB
AV: 04:00:47 / 04:01:06 (100%) A-V:  0.000 Dropped: 308 Cache: 17s/12MB
AV: 04:00:48 / 04:01:06 (100%) A-V:  0.000 Dropped: 308 Cache: 17s/12MB
AV: 04:00:48 / 04:01:10 (100%) A-V:  0.000 Dropped: 308 Cache: 21s/15MB
AV: 04:00:48 / 04:01:12 (100%) A-V:  0.000 Dropped: 308 Cache: 23s/16MB
AV: 04:00:48 / 04:01:12 (100%) A-V:  0.000 Dropped: 308 Cache: 22s/16MB
AV: 04:00:49 / 04:01:12 (100%) A-V:  0.000 Dropped: 308 Cache: 22s/16MB
AV: 04:00:49 / 04:01:12 (100%) A-V:  0.000 Dropped: 308 Cache: 22s/15MB
AV: 04:00:49 / 04:01:12 (100%) A-V:  0.000 Dropped: 308 Cache: 21s/15MB
AV: 04:00:50 / 04:01:12 (100%) A-V:  0.000 Dropped: 308 Cache: 21s/15MB
AV: 04:00:50 / 04:01:12 (100%) A-V:  0.000 Dropped: 308 Cache: 20s/15MB
AV: 04:00:50 / 04:01:12 (100%) A-V:  0.000 Dropped: 308 Cache: 20s/14MB
AV: 04:00:51 / 04:01:12 (100%) A-V:  0.000 Dropped: 308 Cache: 20s/14MB
AV: 04:00:51 / 04:01:12 (100%) A-V:  0.000 Dropped: 308 Cache: 19s/14MB
AV: 04:00:52 / 04:01:12 (100%) A-V:  0.000 Dropped: 308 Cache: 19s/14MB
AV: 04:00:52 / 04:01:12 (100%) A-V:  0.000 Dropped: 308 Cache: 19s/13MB
AV: 04:00:52 / 04:01:12 (100%) A-V:  0.000 Dropped: 308 Cache: 18s/13MB
AV: 04:00:53 / 04:01:12 (100%) A-V:  0.000 Dropped: 308 Cache: 18s/13MB
AV: 04:00:53 / 04:01:12 (100%) A-V:  0.000 Dropped: 308 Cache: 18s/12MB
AV: 04:00:53 / 04:01:12 (100%) A-V:  0.000 Dropped: 308 Cache: 17s/12MB
AV: 04:00:54 / 04:01:12 (100%) A-V:  0.000 Dropped: 308 Cache: 17s/12MB
AV: 04:00:54 / 04:01:12 (100%) A-V:  0.000 Dropped: 308 Cache: 16s/12MB
AV: 04:00:54 / 04:01:12 (100%) A-V:  0.000 Dropped: 308 Cache: 16s/11MB
AV: 04:00:54 / 04:01:18 (100%) A-V:  0.000 Dropped: 308 Cache: 22s/16MB
AV: 04:00:55 / 04:01:18 (100%) A-V:  0.000 Dropped: 308 Cache: 22s/16MB
AV: 04:00:55 / 04:01:18 (100%) A-V:  0.000 Dropped: 308 Cache: 22s/15MB
AV: 04:00:55 / 04:01:18 (100%) A-V:  0.000 Dropped: 308 Cache: 21s/15MB
AV: 04:00:56 / 04:01:18 (100%) A-V:  0.000 Dropped: 308 Cache: 21s/15MB
AV: 04:00:56 / 04:01:18 (100%) A-V:  0.000 Dropped: 308 Cache: 20s/15MB
AV: 04:00:57 / 04:01:18 (100%) A-V:  0.000 Dropped: 308 Cache: 20s/15MB
AV: 04:00:57 / 04:01:18 (100%) A-V:  0.000 Dropped: 308 Cache: 20s/14MB
AV: 04:00:57 / 04:01:18 (100%) A-V:  0.000 Dropped: 308 Cache: 19s/14MB
AV: 04:00:58 / 04:01:18 (100%) A-V:  0.000 Dropped: 308 Cache: 19s/14MB
AV: 04:00:58 / 04:01:18 (100%) A-V:  0.000 Dropped: 308 Cache: 19s/13MB
AV: 04:00:58 / 04:01:18 (100%) A-V:  0.000 Dropped: 308 Cache: 18s/13MB
AV: 04:00:59 / 04:01:18 (100%) A-V:  0.000 Dropped: 308 Cache: 18s/13MB
AV: 04:00:59 / 04:01:18 (100%) A-V:  0.000 Dropped: 308 Cache: 17s/13MB
AV: 04:00:59 / 04:01:18 (100%) A-V:  0.000 Dropped: 308 Cache: 17s/12MB
AV: 04:01:00 / 04:01:18 (100%) A-V:  0.000 Dropped: 308 Cache: 17s/12MB
AV: 04:01:00 / 04:01:18 (100%) A-V:  0.000 Dropped: 308 Cache: 16s/12MB
AV: 04:01:00 / 04:01:18 (100%) A-V:  0.000 Dropped: 308 Cache: 17s/12MB
AV: 04:01:00 / 04:01:24 (100%) A-V:  0.000 Dropped: 308 Cache: 22s/16MB
AV: 04:01:01 / 04:01:24 (100%) A-V:  0.000 Dropped: 308 Cache: 22s/16MB
AV: 04:01:01 / 04:01:24 (100%) A-V:  0.000 Dropped: 308 Cache: 21s/16MB
AV: 04:01:01 / 04:01:24 (100%) A-V:  0.000 Dropped: 308 Cache: 21s/15MB
AV: 04:01:02 / 04:01:24 (100%) A-V:  0.000 Dropped: 308 Cache: 21s/15MB
AV: 04:01:02 / 04:01:24 (100%) A-V:  0.000 Dropped: 308 Cache: 20s/15MB
AV: 04:01:03 / 04:01:24 (100%) A-V:  0.000 Dropped: 308 Cache: 20s/15MB
AV: 04:01:03 / 04:01:24 (100%) A-V:  0.000 Dropped: 308 Cache: 20s/14MB
AV: 04:01:03 / 04:01:24 (100%) A-V:  0.000 Dropped: 308 Cache: 19s/14MB
AV: 04:01:04 / 04:01:24 (100%) A-V:  0.000 Dropped: 308 Cache: 19s/14MB
AV: 04:01:04 / 04:01:24 (100%) A-V:  0.000 Dropped: 308 Cache: 19s/13MB
AV: 04:01:04 / 04:01:24 (100%) A-V:  0.000 Dropped: 308 Cache: 18s/13MB
AV: 04:01:05 / 04:01:24 (100%) A-V:  0.000 Dropped: 308 Cache: 18s/13MB
AV: 04:01:05 / 04:01:24 (100%) A-V:  0.000 Dropped: 308 Cache: 17s/13MB
AV: 04:01:05 / 04:01:24 (100%) A-V:  0.000 Dropped: 308 Cache: 17s/12MB
AV: 04:01:06 / 04:01:24 (100%) A-V:  0.000 Dropped: 308 Cache: 17s/12MB
AV: 04:01:06 / 04:01:24 (100%) A-V:  0.000 Dropped: 308 Cache: 16s/12MB
AV: 04:01:07 / 04:01:24 (100%) A-V:  0.000 Dropped: 308 Cache: 16s/12MB
AV: 04:01:07 / 04:01:30 (100%) A-V:  0.000 Dropped: 308 Cache: 22s/16MB
AV: 04:01:07 / 04:01:30 (100%) A-V:  0.000 Dropped: 308 Cache: 22s/15MB
AV: 04:01:07 / 04:01:30 (100%) A-V:  0.000 Dropped: 308 Cache: 21s/15MB
AV: 04:01:08 / 04:01:30 (100%) A-V:  0.000 Dropped: 308 Cache: 21s/15MB
AV: 04:01:08 / 04:01:30 (100%) A-V:  0.000 Dropped: 308 Cache: 20s/15MB
AV: 04:01:09 / 04:01:30 (100%) A-V:  0.000 Dropped: 308 Cache: 20s/15MB
AV: 04:01:09 / 04:01:30 (100%) A-V:  0.000 Dropped: 308 Cache: 20s/14MB
AV: 04:01:09 / 04:01:30 (100%) A-V:  0.000 Dropped: 308 Cache: 19s/14MB
AV: 04:01:10 / 04:01:30 (100%) A-V:  0.000 Dropped: 308 Cache: 19s/14MB
AV: 04:01:10 / 04:01:30 (100%) A-V:  0.000 Dropped: 308 Cache: 19s/13MB
AV: 04:01:10 / 04:01:30 (100%) A-V:  0.000 Dropped: 308 Cache: 18s/13MB
AV: 04:01:11 / 04:01:30 (100%) A-V:  0.000 Dropped: 308 Cache: 18s/13MB
AV: 04:01:11 / 04:01:30 (100%) A-V:  0.000 Dropped: 308 Cache: 17s/13MB
AV: 04:01:11 / 04:01:30 (100%) A-V:  0.000 Dropped: 308 Cache: 17s/12MB
AV: 04:01:12 / 04:01:30 (100%) A-V:  0.000 Dropped: 308 Cache: 17s/12MB
AV: 04:01:12 / 04:01:30 (100%) A-V:  0.000 Dropped: 308 Cache: 16s/12MB
AV: 04:01:13 / 04:01:30 (100%) A-V:  0.000 Dropped: 308 Cache: 16s/12MB
AV: 04:01:13 / 04:01:36 (100%) A-V:  0.000 Dropped: 308 Cache: 22s/16MB
AV: 04:01:13 / 04:01:39 (100%) A-V:  0.000 Dropped: 308 Cache: 25s/18MB
AV: 04:01:13 / 04:01:42 (100%) A-V:  0.000 Dropped: 308 Cache: 28s/20MB
AV: 04:01:13 / 04:01:42 (100%) A-V:  0.000 Dropped: 308 Cache: 27s/20MB
AV: 04:01:14 / 04:01:42 (100%) A-V:  0.000 Dropped: 308 Cache: 27s/20MB
AV: 04:01:14 / 04:01:42 (100%) A-V:  0.000 Dropped: 308 Cache: 27s/19MB
AV: 04:01:14 / 04:01:42 (100%) A-V:  0.000 Dropped: 308 Cache: 26s/19MB
AV: 04:01:15 / 04:01:42 (100%) A-V:  0.000 Dropped: 308 Cache: 26s/19MB
AV: 04:01:15 / 04:01:42 (100%) A-V:  0.000 Dropped: 308 Cache: 26s/18MB
AV: 04:01:15 / 04:01:42 (100%) A-V:  0.000 Dropped: 308 Cache: 25s/18MB
AV: 04:01:16 / 04:01:42 (100%) A-V:  0.000 Dropped: 308 Cache: 25s/18MB
AV: 04:01:16 / 04:01:42 (100%) A-V:  0.000 Dropped: 308 Cache: 25s/17MB
AV: 04:01:16 / 04:01:42 (100%) A-V:  0.000 Dropped: 308 Cache: 24s/17MB
AV: 04:01:17 / 04:01:42 (100%) A-V:  0.000 Dropped: 308 Cache: 24s/17MB
AV: 04:01:17 / 04:01:42 (100%) A-V:  0.000 Dropped: 308 Cache: 23s/17MB
AV: 04:01:18 / 04:01:42 (100%) A-V:  0.000 Dropped: 308 Cache: 23s/17MB
AV: 04:01:18 / 04:01:42 (100%) A-V:  0.000 Dropped: 308 Cache: 23s/16MB
AV: 04:01:18 / 04:01:42 (100%) A-V:  0.000 Dropped: 308 Cache: 22s/16MB
AV: 04:01:19 / 04:01:42 (100%) A-V:  0.000 Dropped: 308 Cache: 22s/16MB
AV: 04:01:19 / 04:01:42 (100%) A-V:  0.000 Dropped: 308 Cache: 22s/15MB
AV: 04:01:19 / 04:01:42 (100%) A-V:  0.000 Dropped: 308 Cache: 21s/15MB
AV: 04:01:20 / 04:01:42 (100%) A-V:  0.000 Dropped: 308 Cache: 21s/15MB
AV: 04:01:20 / 04:01:42 (100%) A-V:  0.000 Dropped: 308 Cache: 20s/15MB
AV: 04:01:21 / 04:01:42 (100%) A-V:  0.000 Dropped: 308 Cache: 20s/14MB
AV: 04:01:21 / 04:01:42 (100%) A-V:  0.000 Dropped: 308 Cache: 19s/14MB
AV: 04:01:22 / 04:01:42 (100%) A-V:  0.000 Dropped: 308 Cache: 19s/14MB
AV: 04:01:22 / 04:01:42 (100%) A-V:  0.000 Dropped: 308 Cache: 19s/13MB
AV: 04:01:22 / 04:01:44 (100%) A-V:  0.000 Dropped: 308 Cache: 21s/16MB
AV: 04:01:22 / 04:01:48 (100%) A-V:  0.000 Dropped: 308 Cache: 25s/18MB
AV: 04:01:22 / 04:01:48 (100%) A-V:  0.000 Dropped: 308 Cache: 24s/18MB
AV: 04:01:22 / 04:01:48 (100%) A-V:  0.000 Dropped: 308 Cache: 24s/17MB
AV: 04:01:23 / 04:01:48 (100%) A-V:  0.000 Dropped: 308 Cache: 24s/17MB
AV: 04:01:23 / 04:01:48 (100%) A-V:  0.000 Dropped: 308 Cache: 23s/17MB
AV: 04:01:24 / 04:01:48 (100%) A-V:  0.000 Dropped: 308 Cache: 23s/17MB
AV: 04:01:24 / 04:01:48 (100%) A-V:  0.000 Dropped: 308 Cache: 23s/16MB
AV: 04:01:24 / 04:01:48 (100%) A-V:  0.000 Dropped: 308 Cache: 22s/16MB
AV: 04:01:25 / 04:01:48 (100%) A-V:  0.000 Dropped: 308 Cache: 22s/16MB
AV: 04:01:25 / 04:01:48 (100%) A-V:  0.000 Dropped: 308 Cache: 22s/15MB
AV: 04:01:25 / 04:01:48 (100%) A-V:  0.000 Dropped: 308 Cache: 21s/15MB
AV: 04:01:26 / 04:01:48 (100%) A-V:  0.000 Dropped: 308 Cache: 21s/15MB
AV: 04:01:26 / 04:01:48 (100%) A-V:  0.000 Dropped: 308 Cache: 20s/15MB
AV: 04:01:26 / 04:01:48 (100%) A-V:  0.000 Dropped: 308 Cache: 20s/14MB
AV: 04:01:27 / 04:01:48 (100%) A-V:  0.000 Dropped: 308 Cache: 20s/14MB
AV: 04:01:27 / 04:01:48 (100%) A-V:  0.000 Dropped: 308 Cache: 19s/14MB
AV: 04:01:28 / 04:01:48 (100%) A-V:  0.000 Dropped: 308 Cache: 19s/14MB
AV: 04:01:28 / 04:01:48 (100%) A-V:  0.000 Dropped: 308 Cache: 19s/13MB
AV: 04:01:28 / 04:01:48 (100%) A-V:  0.000 Dropped: 308 Cache: 18s/13MB
AV: 04:01:28 / 04:01:54 (100%) A-V:  0.000 Dropped: 308 Cache: 24s/17MB
AV: 04:01:29 / 04:01:54 (100%) A-V:  0.000 Dropped: 308 Cache: 24s/17MB
AV: 04:01:29 / 04:01:54 (100%) A-V:  0.000 Dropped: 308 Cache: 23s/17MB
AV: 04:01:30 / 04:01:54 (100%) A-V:  0.000 Dropped: 308 Cache: 23s/17MB
AV: 04:01:30 / 04:01:54 (100%) A-V:  0.000 Dropped: 308 Cache: 23s/16MB
AV: 04:01:30 / 04:01:54 (100%) A-V:  0.000 Dropped: 308 Cache: 22s/16MB
AV: 04:01:31 / 04:01:54 (100%) A-V:  0.000 Dropped: 308 Cache: 22s/16MB
AV: 04:01:31 / 04:01:54 (100%) A-V:  0.000 Dropped: 308 Cache: 22s/15MB
AV: 04:01:31 / 04:01:54 (100%) A-V:  0.000 Dropped: 308 Cache: 21s/15MB
AV: 04:01:32 / 04:01:54 (100%) A-V:  0.000 Dropped: 308 Cache: 21s/15MB
AV: 04:01:32 / 04:01:54 (100%) A-V:  0.000 Dropped: 308 Cache: 21s/14MB
AV: 04:01:32 / 04:01:54 (100%) A-V:  0.000 Dropped: 308 Cache: 20s/14MB
AV: 04:01:33 / 04:01:54 (100%) A-V:  0.000 Dropped: 308 Cache: 20s/14MB
AV: 04:01:33 / 04:01:54 (100%) A-V:  0.000 Dropped: 308 Cache: 19s/14MB
AV: 04:01:33 / 04:01:54 (100%) A-V:  0.000 Dropped: 308 Cache: 19s/13MB
AV: 04:01:34 / 04:01:54 (100%) A-V:  0.000 Dropped: 308 Cache: 19s/13MB
AV: 04:01:34 / 04:01:54 (100%) A-V:  0.000 Dropped: 308 Cache: 18s/13MB
AV: 04:01:35 / 04:01:54 (100%) A-V:  0.000 Dropped: 308 Cache: 18s/13MB
AV: 04:01:35 / 04:02:00 (100%) A-V:  0.000 Dropped: 308 Cache: 24s/17MB
AV: 04:01:35 / 04:02:00 (100%) A-V:  0.000 Dropped: 308 Cache: 23s/17MB
AV: 04:01:35 / 04:02:00 (100%) A-V:  0.000 Dropped: 308 Cache: 23s/16MB
AV: 04:01:36 / 04:02:00 (100%) A-V:  0.000 Dropped: 308 Cache: 23s/16MB
AV: 04:01:36 / 04:02:00 (100%) A-V:  0.000 Dropped: 308 Cache: 22s/16MB
AV: 04:01:37 / 04:02:00 (100%) A-V:  0.000 Dropped: 308 Cache: 22s/16MB
AV: 04:01:37 / 04:02:00 (100%) A-V:  0.000 Dropped: 308 Cache: 22s/15MB
AV: 04:01:37 / 04:02:00 (100%) A-V:  0.000 Dropped: 308 Cache: 21s/15MB
AV: 04:01:38 / 04:02:00 (100%) A-V:  0.000 Dropped: 308 Cache: 21s/15MB
AV: 04:01:38 / 04:02:00 (100%) A-V:  0.000 Dropped: 308 Cache: 20s/15MB
AV: 04:01:39 / 04:02:00 (100%) A-V:  0.000 Dropped: 308 Cache: 20s/14MB
AV: 04:01:39 / 04:02:00 (100%) A-V:  0.000 Dropped: 308 Cache: 19s/14MB
AV: 04:01:40 / 04:02:00 (100%) A-V:  0.000 Dropped: 308 Cache: 19s/14MB
AV: 04:01:40 / 04:02:00 (100%) A-V:  0.000 Dropped: 308 Cache: 19s/13MB
AV: 04:01:40 / 04:02:00 (100%) A-V:  0.000 Dropped: 308 Cache: 18s/13MB
AV: 04:01:41 / 04:02:00 (100%) A-V:  0.000 Dropped: 308 Cache: 18s/13MB
AV: 04:01:41 / 04:02:05 (100%) A-V:  0.000 Dropped: 308 Cache: 24s/17MB
AV: 04:01:41 / 04:02:05 (100%) A-V:  0.000 Dropped: 308 Cache: 23s/17MB
AV: 04:01:41 / 04:02:05 (100%) A-V:  0.000 Dropped: 308 Cache: 23s/16MB
AV: 04:01:42 / 04:02:05 (100%) A-V:  0.000 Dropped: 308 Cache: 23s/16MB
AV: 04:01:42 / 04:02:05 (100%) A-V:  0.000 Dropped: 308 Cache: 22s/16MB
AV: 04:01:42 / 04:02:05 (100%) A-V:  0.000 Dropped: 308 Cache: 22s/15MB
AV: 04:01:43 / 04:02:05 (100%) A-V:  0.000 Dropped: 308 Cache: 22s/15MB
AV: 04:01:43 / 04:02:05 (100%) A-V:  0.000 Dropped: 308 Cache: 21s/15MB
AV: 04:01:44 / 04:02:05 (100%) A-V:  0.000 Dropped: 308 Cache: 21s/15MB
AV: 04:01:44 / 04:02:05 (100%) A-V:  0.000 Dropped: 308 Cache: 21s/14MB
AV: 04:01:44 / 04:02:05 (100%) A-V:  0.000 Dropped: 308 Cache: 20s/14MB
AV: 04:01:45 / 04:02:05 (100%) A-V:  0.000 Dropped: 308 Cache: 20s/14MB
AV: 04:01:45 / 04:02:05 (100%) A-V:  0.000 Dropped: 308 Cache: 19s/14MB
AV: 04:01:45 / 04:02:05 (100%) A-V:  0.000 Dropped: 308 Cache: 19s/13MB
AV: 04:01:46 / 04:02:05 (100%) A-V:  0.000 Dropped: 308 Cache: 19s/13MB
AV: 04:01:46 / 04:02:05 (100%) A-V:  0.000 Dropped: 308 Cache: 18s/13MB
AV: 04:01:46 / 04:02:05 (100%) A-V:  0.000 Dropped: 308 Cache: 18s/12MB
AV: 04:01:46 / 04:02:12 (100%) A-V:  0.000 Dropped: 308 Cache: 24s/17MB
AV: 04:01:47 / 04:02:12 (100%) A-V:  0.000 Dropped: 308 Cache: 24s/17MB
AV: 04:01:47 / 04:02:12 (100%) A-V:  0.000 Dropped: 308 Cache: 23s/17MB
AV: 04:01:47 / 04:02:12 (100%) A-V:  0.000 Dropped: 308 Cache: 23s/16MB
AV: 04:01:48 / 04:02:12 (100%) A-V:  0.000 Dropped: 308 Cache: 23s/16MB
AV: 04:01:48 / 04:02:12 (100%) A-V:  0.000 Dropped: 308 Cache: 22s/16MB
AV: 04:01:49 / 04:02:12 (100%) A-V:  0.000 Dropped: 308 Cache: 22s/16MB
AV: 04:01:49 / 04:02:12 (100%) A-V:  0.000 Dropped: 308 Cache: 22s/15MB
AV: 04:01:49 / 04:02:12 (100%) A-V:  0.000 Dropped: 308 Cache: 21s/15MB
AV: 04:01:50 / 04:02:12 (100%) A-V:  0.000 Dropped: 308 Cache: 21s/15MB
AV: 04:01:50 / 04:02:12 (100%) A-V:  0.000 Dropped: 308 Cache: 20s/15MB
AV: 04:01:50 / 04:02:12 (100%) A-V:  0.000 Dropped: 308 Cache: 20s/14MB
AV: 04:01:51 / 04:02:12 (100%) A-V:  0.000 Dropped: 308 Cache: 20s/14MB
AV: 04:01:51 / 04:02:12 (100%) A-V:  0.000 Dropped: 308 Cache: 19s/14MB
AV: 04:01:52 / 04:02:12 (100%) A-V:  0.000 Dropped: 308 Cache: 19s/14MB
AV: 04:01:52 / 04:02:12 (100%) A-V:  0.000 Dropped: 308 Cache: 19s/13MB
AV: 04:01:52 / 04:02:12 (100%) A-V:  0.000 Dropped: 308 Cache: 18s/13MB
AV: 04:01:53 / 04:02:12 (100%) A-V:  0.000 Dropped: 308 Cache: 18s/13MB
AV: 04:01:53 / 04:02:18 (100%) A-V:  0.000 Dropped: 308 Cache: 24s/17MB
AV: 04:01:53 / 04:02:18 (100%) A-V:  0.000 Dropped: 308 Cache: 23s/17MB
AV: 04:01:54 / 04:02:18 (100%) A-V:  0.000 Dropped: 308 Cache: 23s/17MB
AV: 04:01:54 / 04:02:18 (100%) A-V:  0.000 Dropped: 308 Cache: 23s/16MB
AV: 04:01:54 / 04:02:18 (100%) A-V:  0.000 Dropped: 308 Cache: 22s/16MB
AV: 04:01:55 / 04:02:18 (100%) A-V:  0.000 Dropped: 308 Cache: 22s/16MB
AV: 04:01:55 / 04:02:18 (100%) A-V:  0.000 Dropped: 308 Cache: 22s/15MB
AV: 04:01:55 / 04:02:18 (100%) A-V:  0.000 Dropped: 308 Cache: 21s/15MB
AV: 04:01:56 / 04:02:18 (100%) A-V:  0.000 Dropped: 308 Cache: 21s/15MB
AV: 04:01:56 / 04:02:18 (100%) A-V:  0.000 Dropped: 308 Cache: 20s/15MB
AV: 04:01:56 / 04:02:18 (100%) A-V:  0.000 Dropped: 308 Cache: 20s/14MB
AV: 04:01:57 / 04:02:18 (100%) A-V:  0.000 Dropped: 308 Cache: 20s/14MB
AV: 04:01:57 / 04:02:18 (100%) A-V:  0.000 Dropped: 308 Cache: 19s/14MB
AV: 04:01:58 / 04:02:18 (100%) A-V:  0.000 Dropped: 308 Cache: 19s/14MB
AV: 04:01:58 / 04:02:18 (100%) A-V:  0.000 Dropped: 308 Cache: 19s/13MB
AV: 04:01:58 / 04:02:18 (100%) A-V:  0.000 Dropped: 308 Cache: 18s/13MB
AV: 04:01:59 / 04:02:18 (100%) A-V:  0.000 Dropped: 308 Cache: 18s/13MB
AV: 04:01:59 / 04:02:18 (100%) A-V:  0.000 Dropped: 308 Cache: 17s/13MB
AV: 04:01:59 / 04:02:23 (100%) A-V:  0.000 Dropped: 308 Cache: 23s/17MB
AV: 04:01:59 / 04:02:24 (100%) A-V:  0.000 Dropped: 308 Cache: 23s/17MB
AV: 04:02:00 / 04:02:24 (100%) A-V:  0.000 Dropped: 308 Cache: 23s/17MB
AV: 04:02:00 / 04:02:24 (100%) A-V:  0.000 Dropped: 308 Cache: 23s/16MB
AV: 04:02:00 / 04:02:24 (100%) A-V:  0.000 Dropped: 308 Cache: 22s/16MB
AV: 04:02:01 / 04:02:24 (100%) A-V:  0.000 Dropped: 308 Cache: 22s/16MB
AV: 04:02:01 / 04:02:24 (100%) A-V:  0.000 Dropped: 308 Cache: 21s/16MB
AV: 04:02:02 / 04:02:24 (100%) A-V:  0.000 Dropped: 308 Cache: 21s/16MB
AV: 04:02:02 / 04:02:24 (100%) A-V:  0.000 Dropped: 308 Cache: 21s/15MB
AV: 04:02:02 / 04:02:24 (100%) A-V:  0.000 Dropped: 308 Cache: 20s/15MB
AV: 04:02:03 / 04:02:24 (100%) A-V:  0.000 Dropped: 308 Cache: 20s/15MB
AV: 04:02:03 / 04:02:24 (100%) A-V:  0.000 Dropped: 308 Cache: 20s/14MB
AV: 04:02:03 / 04:02:24 (100%) A-V:  0.000 Dropped: 308 Cache: 19s/14MB
AV: 04:02:04 / 04:02:24 (100%) A-V:  0.000 Dropped: 308 Cache: 19s/14MB
AV: 04:02:04 / 04:02:24 (100%) A-V:  0.000 Dropped: 308 Cache: 18s/14MB
AV: 04:02:04 / 04:02:24 (100%) A-V:  0.000 Dropped: 308 Cache: 18s/13MB
AV: 04:02:05 / 04:02:24 (100%) A-V:  0.000 Dropped: 308 Cache: 18s/13MB
AV: 04:02:05 / 04:02:24 (100%) A-V:  0.000 Dropped: 308 Cache: 17s/13MB
AV: 04:02:05 / 04:02:30 (100%) A-V:  0.000 Dropped: 308 Cache: 23s/17MB
AV: 04:02:06 / 04:02:30 (100%) A-V:  0.000 Dropped: 308 Cache: 23s/17MB
AV: 04:02:06 / 04:02:30 (100%) A-V:  0.000 Dropped: 308 Cache: 23s/16MB
AV: 04:02:06 / 04:02:30 (100%) A-V:  0.000 Dropped: 308 Cache: 22s/16MB
AV: 04:02:07 / 04:02:30 (100%) A-V:  0.000 Dropped: 308 Cache: 22s/16MB
AV: 04:02:07 / 04:02:30 (100%) A-V:  0.000 Dropped: 308 Cache: 22s/15MB
AV: 04:02:07 / 04:02:30 (100%) A-V:  0.000 Dropped: 308 Cache: 21s/15MB
AV: 04:02:08 / 04:02:30 (100%) A-V:  0.000 Dropped: 308 Cache: 21s/15MB
AV: 04:02:08 / 04:02:30 (100%) A-V:  0.000 Dropped: 308 Cache: 21s/14MB
AV: 04:02:08 / 04:02:30 (100%) A-V:  0.000 Dropped: 308 Cache: 20s/14MB
AV: 04:02:09 / 04:02:30 (100%) A-V:  0.000 Dropped: 308 Cache: 20s/14MB
AV: 04:02:09 / 04:02:30 (100%) A-V:  0.000 Dropped: 308 Cache: 19s/14MB
AV: 04:02:09 / 04:02:30 (100%) A-V:  0.000 Dropped: 308 Cache: 19s/13MB
AV: 04:02:10 / 04:02:30 (100%) A-V:  0.000 Dropped: 308 Cache: 19s/13MB
AV: 04:02:10 / 04:02:30 (100%) A-V:  0.000 Dropped: 308 Cache: 18s/13MB
AV: 04:02:11 / 04:02:30 (100%) A-V:  0.000 Dropped: 308 Cache: 18s/13MB
AV: 04:02:11 / 04:02:30 (100%) A-V:  0.000 Dropped: 308 Cache: 18s/12MB
AV: 04:02:11 / 04:02:30 (100%) A-V:  0.000 Dropped: 308 Cache: 17s/12MB
AV: 04:02:12 / 04:02:30 (100%) A-V:  0.000 Dropped: 308 Cache: 17s/12MB
AV: 04:02:12 / 04:02:35 (100%) A-V:  0.000 Dropped: 308 Cache: 23s/17MB
AV: 04:02:12 / 04:02:36 (100%) A-V:  0.000 Dropped: 308 Cache: 23s/17MB
AV: 04:02:12 / 04:02:36 (100%) A-V:  0.000 Dropped: 308 Cache: 23s/16MB
AV: 04:02:12 / 04:02:36 (100%) A-V:  0.000 Dropped: 308 Cache: 22s/16MB
AV: 04:02:13 / 04:02:36 (100%) A-V:  0.000 Dropped: 308 Cache: 22s/16MB
AV: 04:02:13 / 04:02:36 (100%) A-V:  0.000 Dropped: 308 Cache: 22s/15MB
AV: 04:02:13 / 04:02:36 (100%) A-V:  0.000 Dropped: 308 Cache: 21s/15MB
AV: 04:02:14 / 04:02:36 (100%) A-V:  0.000 Dropped: 308 Cache: 21s/15MB
AV: 04:02:14 / 04:02:36 (100%) A-V:  0.000 Dropped: 308 Cache: 20s/15MB
AV: 04:02:15 / 04:02:36 (100%) A-V:  0.000 Dropped: 308 Cache: 20s/15MB
AV: 04:02:15 / 04:02:36 (100%) A-V:  0.000 Dropped: 308 Cache: 20s/14MB
AV: 04:02:15 / 04:02:36 (100%) A-V:  0.000 Dropped: 308 Cache: 19s/14MB
AV: 04:02:16 / 04:02:36 (100%) A-V:  0.000 Dropped: 308 Cache: 19s/14MB
AV: 04:02:16 / 04:02:36 (100%) A-V:  0.000 Dropped: 308 Cache: 19s/13MB
AV: 04:02:16 / 04:02:36 (100%) A-V:  0.000 Dropped: 308 Cache: 18s/13MB
AV: 04:02:17 / 04:02:36 (100%) A-V:  0.000 Dropped: 308 Cache: 18s/13MB
AV: 04:02:17 / 04:02:36 (100%) A-V:  0.000 Dropped: 308 Cache: 18s/12MB
AV: 04:02:17 / 04:02:36 (100%) A-V:  0.000 Dropped: 308 Cache: 17s/12MB
AV: 04:02:18 / 04:02:36 (100%) A-V:  0.000 Dropped: 308 Cache: 17s/12MB
AV: 04:02:18 / 04:02:42 (100%) A-V:  0.000 Dropped: 308 Cache: 23s/17MB
AV: 04:02:18 / 04:02:42 (100%) A-V:  0.000 Dropped: 308 Cache: 22s/17MB
AV: 04:02:19 / 04:02:42 (100%) A-V:  0.000 Dropped: 308 Cache: 22s/17MB
AV: 04:02:19 / 04:02:42 (100%) A-V:  0.000 Dropped: 308 Cache: 22s/16MB
AV: 04:02:19 / 04:02:42 (100%) A-V:  0.000 Dropped: 308 Cache: 21s/16MB
AV: 04:02:20 / 04:02:42 (100%) A-V:  0.000 Dropped: 308 Cache: 21s/16MB
AV: 04:02:20 / 04:02:42 (100%) A-V:  0.000 Dropped: 308 Cache: 21s/15MB
AV: 04:02:20 / 04:02:42 (100%) A-V:  0.000 Dropped: 308 Cache: 20s/15MB
AV: 04:02:21 / 04:02:42 (100%) A-V:  0.000 Dropped: 308 Cache: 20s/15MB
AV: 04:02:21 / 04:02:42 (100%) A-V:  0.000 Dropped: 308 Cache: 20s/14MB
AV: 04:02:21 / 04:02:42 (100%) A-V:  0.000 Dropped: 308 Cache: 19s/14MB
AV: 04:02:22 / 04:02:42 (100%) A-V:  0.000 Dropped: 308 Cache: 19s/14MB
AV: 04:02:22 / 04:02:42 (100%) A-V:  0.000 Dropped: 308 Cache: 19s/13MB
AV: 04:02:22 / 04:02:42 (100%) A-V:  0.000 Dropped: 308 Cache: 18s/13MB
AV: 04:02:23 / 04:02:42 (100%) A-V:  0.000 Dropped: 308 Cache: 18s/13MB
AV: 04:02:23 / 04:02:42 (100%) A-V:  0.000 Dropped: 308 Cache: 17s/13MB
AV: 04:02:23 / 04:02:42 (100%) A-V:  0.000 Dropped: 308 Cache: 17s/12MB
AV: 04:02:24 / 04:02:42 (100%) A-V:  0.000 Dropped: 308 Cache: 17s/12MB
AV: 04:02:24 / 04:02:48 (100%) A-V:  0.000 Dropped: 308 Cache: 23s/16MB
AV: 04:02:24 / 04:02:48 (100%) A-V:  0.000 Dropped: 308 Cache: 22s/16MB
AV: 04:02:25 / 04:02:48 (100%) A-V:  0.000 Dropped: 308 Cache: 22s/16MB
AV: 04:02:25 / 04:02:48 (100%) A-V:  0.000 Dropped: 308 Cache: 22s/15MB
AV: 04:02:25 / 04:02:48 (100%) A-V:  0.000 Dropped: 308 Cache: 21s/15MB
AV: 04:02:26 / 04:02:48 (100%) A-V:  0.000 Dropped: 308 Cache: 21s/15MB
AV: 04:02:26 / 04:02:48 (100%) A-V:  0.000 Dropped: 308 Cache: 20s/15MB
AV: 04:02:27 / 04:02:48 (100%) A-V:  0.000 Dropped: 308 Cache: 20s/15MB
AV: 04:02:27 / 04:02:48 (100%) A-V:  0.000 Dropped: 308 Cache: 20s/14MB
AV: 04:02:27 / 04:02:48 (100%) A-V:  0.000 Dropped: 308 Cache: 19s/14MB
AV: 04:02:28 / 04:02:48 (100%) A-V:  0.000 Dropped: 308 Cache: 19s/14MB
AV: 04:02:28 / 04:02:48 (100%) A-V:  0.000 Dropped: 308 Cache: 19s/13MB
AV: 04:02:28 / 04:02:48 (100%) A-V:  0.000 Dropped: 308 Cache: 18s/13MB
AV: 04:02:29 / 04:02:48 (100%) A-V:  0.000 Dropped: 308 Cache: 18s/13MB
AV: 04:02:29 / 04:02:48 (100%) A-V:  0.000 Dropped: 308 Cache: 17s/13MB
AV: 04:02:29 / 04:02:48 (100%) A-V:  0.000 Dropped: 308 Cache: 17s/12MB
AV: 04:02:30 / 04:02:48 (100%) A-V:  0.000 Dropped: 308 Cache: 17s/12MB
AV: 04:02:30 / 04:02:54 (100%) A-V:  0.000 Dropped: 308 Cache: 23s/16MB
AV: 04:02:30 / 04:02:54 (100%) A-V:  0.000 Dropped: 308 Cache: 22s/16MB
AV: 04:02:31 / 04:02:54 (100%) A-V:  0.000 Dropped: 308 Cache: 22s/16MB
AV: 04:02:31 / 04:02:54 (100%) A-V:  0.000 Dropped: 308 Cache: 22s/15MB
AV: 04:02:31 / 04:02:54 (100%) A-V:  0.000 Dropped: 308 Cache: 21s/15MB
AV: 04:02:32 / 04:02:54 (100%) A-V:  0.000 Dropped: 308 Cache: 21s/15MB
AV: 04:02:32 / 04:02:54 (100%) A-V:  0.000 Dropped: 308 Cache: 20s/15MB
AV: 04:02:33 / 04:02:54 (100%) A-V:  0.000 Dropped: 308 Cache: 20s/15MB
AV: 04:02:33 / 04:02:54 (100%) A-V:  0.000 Dropped: 308 Cache: 20s/14MB
AV: 04:02:33 / 04:02:54 (100%) A-V:  0.000 Dropped: 308 Cache: 19s/14MB
AV: 04:02:34 / 04:02:54 (100%) A-V:  0.000 Dropped: 308 Cache: 19s/14MB
AV: 04:02:34 / 04:02:54 (100%) A-V:  0.000 Dropped: 308 Cache: 19s/13MB
AV: 04:02:34 / 04:02:54 (100%) A-V:  0.000 Dropped: 308 Cache: 18s/13MB
AV: 04:02:35 / 04:02:54 (100%) A-V:  0.000 Dropped: 308 Cache: 18s/13MB
AV: 04:02:35 / 04:02:54 (100%) A-V:  0.000 Dropped: 308 Cache: 17s/13MB
AV: 04:02:35 / 04:02:54 (100%) A-V:  0.000 Dropped: 308 Cache: 17s/12MB
AV: 04:02:36 / 04:02:54 (100%) A-V:  0.000 Dropped: 308 Cache: 17s/12MB
AV: 04:02:36 / 04:02:54 (100%) A-V:  0.000 Dropped: 308 Cache: 16s/12MB
AV: 04:02:36 / 04:02:54 (100%) A-V:  0.000 Dropped: 308 Cache: 17s/12MB
AV: 04:02:36 / 04:03:00 (100%) A-V:  0.000 Dropped: 308 Cache: 22s/16MB
AV: 04:02:37 / 04:03:00 (100%) A-V:  0.000 Dropped: 308 Cache: 22s/16MB
AV: 04:02:37 / 04:03:00 (100%) A-V:  0.000 Dropped: 308 Cache: 22s/15MB
AV: 04:02:37 / 04:03:00 (100%) A-V:  0.000 Dropped: 308 Cache: 21s/15MB
AV: 04:02:38 / 04:03:00 (100%) A-V:  0.000 Dropped: 308 Cache: 21s/15MB
AV: 04:02:38 / 04:03:00 (100%) A-V:  0.000 Dropped: 308 Cache: 21s/14MB
AV: 04:02:38 / 04:03:00 (100%) A-V:  0.000 Dropped: 308 Cache: 20s/14MB
AV: 04:02:39 / 04:03:00 (100%) A-V:  0.000 Dropped: 308 Cache: 20s/14MB
AV: 04:02:39 / 04:03:00 (100%) A-V:  0.000 Dropped: 308 Cache: 19s/14MB
AV: 04:02:39 / 04:03:00 (100%) A-V:  0.000 Dropped: 308 Cache: 19s/13MB
AV: 04:02:40 / 04:03:00 (100%) A-V:  0.000 Dropped: 308 Cache: 19s/13MB
AV: 04:02:40 / 04:03:00 (100%) A-V:  0.000 Dropped: 308 Cache: 18s/13MB
AV: 04:02:41 / 04:03:00 (100%) A-V:  0.000 Dropped: 308 Cache: 18s/13MB
AV: 04:02:41 / 04:03:00 (100%) A-V:  0.000 Dropped: 308 Cache: 18s/12MB
AV: 04:02:41 / 04:03:00 (100%) A-V:  0.000 Dropped: 308 Cache: 17s/12MB
AV: 04:02:42 / 04:03:00 (100%) A-V:  0.000 Dropped: 308 Cache: 17s/12MB
AV: 04:02:42 / 04:03:00 (100%) A-V:  0.000 Dropped: 308 Cache: 17s/11MB
AV: 04:02:42 / 04:03:00 (100%) A-V:  0.000 Dropped: 308 Cache: 16s/11MB
AV: 04:02:42 / 04:03:05 (100%) A-V:  0.000 Dropped: 308 Cache: 21s/15MB
AV: 04:02:43 / 04:03:05 (100%) A-V:  0.000 Dropped: 308 Cache: 21s/15MB
AV: 04:02:43 / 04:03:05 (100%) A-V:  0.000 Dropped: 308 Cache: 20s/15MB
AV: 04:02:43 / 04:03:05 (100%) A-V:  0.000 Dropped: 308 Cache: 20s/14MB
AV: 04:02:44 / 04:03:05 (100%) A-V:  0.000 Dropped: 308 Cache: 20s/14MB
AV: 04:02:44 / 04:03:05 (100%) A-V:  0.000 Dropped: 308 Cache: 19s/14MB
AV: 04:02:45 / 04:03:05 (100%) A-V:  0.000 Dropped: 308 Cache: 19s/14MB
AV: 04:02:45 / 04:03:05 (100%) A-V:  0.000 Dropped: 308 Cache: 19s/13MB
AV: 04:02:45 / 04:03:05 (100%) A-V:  0.000 Dropped: 308 Cache: 18s/13MB
AV: 04:02:46 / 04:03:05 (100%) A-V:  0.000 Dropped: 308 Cache: 18s/13MB
AV: 04:02:46 / 04:03:05 (100%) A-V:  0.000 Dropped: 308 Cache: 17s/13MB
AV: 04:02:47 / 04:03:05 (100%) A-V:  0.000 Dropped: 308 Cache: 17s/13MB
AV: 04:02:47 / 04:03:05 (100%) A-V:  0.000 Dropped: 308 Cache: 17s/12MB
AV: 04:02:47 / 04:03:05 (100%) A-V:  0.000 Dropped: 308 Cache: 16s/12MB
AV: 04:02:48 / 04:03:05 (100%) A-V:  0.000 Dropped: 308 Cache: 16s/12MB
AV: 04:02:48 / 04:03:05 (100%) A-V:  0.000 Dropped: 308 Cache: 16s/11MB
AV: 04:02:48 / 04:03:11 (100%) A-V:  0.000 Dropped: 308 Cache: 23s/16MB
AV: 04:02:48 / 04:03:11 (100%) A-V:  0.000 Dropped: 308 Cache: 22s/16MB
AV: 04:02:49 / 04:03:11 (100%) A-V:  0.000 Dropped: 308 Cache: 22s/16MB
AV: 04:02:49 / 04:03:11 (100%) A-V:  0.000 Dropped: 308 Cache: 21s/16MB
AV: 04:02:49 / 04:03:11 (100%) A-V:  0.000 Dropped: 308 Cache: 21s/15MB
AV: 04:02:50 / 04:03:11 (100%) A-V:  0.000 Dropped: 308 Cache: 21s/15MB
AV: 04:02:50 / 04:03:11 (100%) A-V:  0.000 Dropped: 308 Cache: 20s/15MB
AV: 04:02:50 / 04:03:11 (100%) A-V:  0.000 Dropped: 308 Cache: 20s/14MB
AV: 04:02:51 / 04:03:11 (100%) A-V:  0.000 Dropped: 308 Cache: 20s/14MB
AV: 04:02:51 / 04:03:11 (100%) A-V:  0.000 Dropped: 308 Cache: 19s/14MB
AV: 04:02:52 / 04:03:11 (100%) A-V:  0.000 Dropped: 308 Cache: 19s/14MB
AV: 04:02:52 / 04:03:11 (100%) A-V:  0.000 Dropped: 308 Cache: 19s/13MB
AV: 04:02:52 / 04:03:11 (100%) A-V:  0.000 Dropped: 308 Cache: 18s/13MB
AV: 04:02:53 / 04:03:11 (100%) A-V:  0.000 Dropped: 308 Cache: 18s/13MB
AV: 04:02:53 / 04:03:11 (100%) A-V:  0.000 Dropped: 308 Cache: 17s/13MB
AV: 04:02:53 / 04:03:11 (100%) A-V:  0.000 Dropped: 308 Cache: 17s/12MB
AV: 04:02:54 / 04:03:11 (100%) A-V:  0.000 Dropped: 308 Cache: 17s/12MB
AV: 04:02:54 / 04:03:11 (100%) A-V:  0.000 Dropped: 308 Cache: 16s/12MB
AV: 04:02:54 / 04:03:11 (100%) A-V:  0.000 Dropped: 308 Cache: 16s/11MB
AV: 04:02:55 / 04:03:13 (100%) A-V:  0.000 Dropped: 308 Cache: 18s/13MB
AV: 04:02:55 / 04:03:18 (100%) A-V:  0.000 Dropped: 308 Cache: 22s/16MB
AV: 04:02:55 / 04:03:18 (100%) A-V:  0.000 Dropped: 308 Cache: 22s/15MB
AV: 04:02:55 / 04:03:18 (100%) A-V:  0.000 Dropped: 308 Cache: 21s/15MB
AV: 04:02:56 / 04:03:18 (100%) A-V:  0.000 Dropped: 308 Cache: 21s/15MB
AV: 04:02:56 / 04:03:18 (100%) A-V:  0.000 Dropped: 308 Cache: 20s/15MB
AV: 04:02:57 / 04:03:18 (100%) A-V:  0.000 Dropped: 308 Cache: 20s/15MB
AV: 04:02:57 / 04:03:18 (100%) A-V:  0.000 Dropped: 308 Cache: 20s/14MB
AV: 04:02:57 / 04:03:18 (100%) A-V:  0.000 Dropped: 308 Cache: 19s/14MB
AV: 04:02:58 / 04:03:18 (100%) A-V:  0.000 Dropped: 308 Cache: 19s/14MB
AV: 04:02:58 / 04:03:18 (100%) A-V:  0.000 Dropped: 308 Cache: 19s/13MB
AV: 04:02:58 / 04:03:18 (100%) A-V:  0.000 Dropped: 308 Cache: 18s/13MB
AV: 04:02:59 / 04:03:18 (100%) A-V:  0.000 Dropped: 308 Cache: 18s/13MB
AV: 04:02:59 / 04:03:18 (100%) A-V:  0.000 Dropped: 308 Cache: 17s/13MB
AV: 04:02:59 / 04:03:18 (100%) A-V:  0.000 Dropped: 308 Cache: 17s/12MB
AV: 04:03:00 / 04:03:18 (100%) A-V:  0.000 Dropped: 308 Cache: 17s/12MB
AV: 04:03:00 / 04:03:18 (100%) A-V:  0.000 Dropped: 308 Cache: 16s/12MB
AV: 04:03:01 / 04:03:18 (100%) A-V:  0.000 Dropped: 308 Cache: 16s/12MB
AV: 04:03:01 / 04:03:18 (100%) A-V:  0.000 Dropped: 308 Cache: 16s/11MB
AV: 04:03:01 / 04:03:24 (100%) A-V:  0.000 Dropped: 308 Cache: 22s/16MB
AV: 04:03:01 / 04:03:24 (100%) A-V:  0.000 Dropped: 308 Cache: 21s/16MB
AV: 04:03:01 / 04:03:24 (100%) A-V:  0.000 Dropped: 308 Cache: 21s/15MB
AV: 04:03:02 / 04:03:24 (100%) A-V:  0.000 Dropped: 308 Cache: 21s/15MB
AV: 04:03:02 / 04:03:24 (100%) A-V:  0.000 Dropped: 308 Cache: 20s/15MB
AV: 04:03:03 / 04:03:24 (100%) A-V:  0.000 Dropped: 308 Cache: 20s/15MB
AV: 04:03:03 / 04:03:24 (100%) A-V:  0.000 Dropped: 308 Cache: 20s/14MB
AV: 04:03:03 / 04:03:24 (100%) A-V:  0.000 Dropped: 308 Cache: 19s/14MB
AV: 04:03:04 / 04:03:24 (100%) A-V:  0.000 Dropped: 308 Cache: 19s/14MB
AV: 04:03:04 / 04:03:24 (100%) A-V:  0.000 Dropped: 308 Cache: 19s/13MB
AV: 04:03:04 / 04:03:24 (100%) A-V:  0.000 Dropped: 308 Cache: 18s/13MB
AV: 04:03:05 / 04:03:24 (100%) A-V:  0.000 Dropped: 308 Cache: 18s/13MB
AV: 04:03:05 / 04:03:24 (100%) A-V:  0.000 Dropped: 308 Cache: 17s/13MB
AV: 04:03:05 / 04:03:24 (100%) A-V:  0.000 Dropped: 308 Cache: 17s/12MB
AV: 04:03:06 / 04:03:24 (100%) A-V:  0.000 Dropped: 308 Cache: 17s/12MB
AV: 04:03:06 / 04:03:24 (100%) A-V:  0.000 Dropped: 308 Cache: 16s/12MB
AV: 04:03:07 / 04:03:24 (100%) A-V:  0.000 Dropped: 308 Cache: 16s/12MB
AV: 04:03:07 / 04:03:24 (100%) A-V:  0.000 Dropped: 308 Cache: 16s/11MB
AV: 04:03:07 / 04:03:30 (100%) A-V:  0.000 Dropped: 308 Cache: 22s/16MB
AV: 04:03:07 / 04:03:30 (100%) A-V:  0.000 Dropped: 308 Cache: 21s/16MB
AV: 04:03:08 / 04:03:30 (100%) A-V:  0.000 Dropped: 308 Cache: 21s/16MB
AV: 04:03:08 / 04:03:30 (100%) A-V:  0.000 Dropped: 308 Cache: 21s/15MB
AV: 04:03:08 / 04:03:30 (100%) A-V:  0.000 Dropped: 308 Cache: 20s/15MB
AV: 04:03:09 / 04:03:30 (100%) A-V:  0.000 Dropped: 308 Cache: 20s/15MB
AV: 04:03:09 / 04:03:30 (100%) A-V:  0.000 Dropped: 308 Cache: 20s/14MB
AV: 04:03:09 / 04:03:30 (100%) A-V:  0.000 Dropped: 308 Cache: 19s/14MB
AV: 04:03:10 / 04:03:30 (100%) A-V:  0.000 Dropped: 308 Cache: 19s/14MB
AV: 04:03:10 / 04:03:30 (100%) A-V:  0.000 Dropped: 308 Cache: 18s/14MB
AV: 04:03:10 / 04:03:30 (100%) A-V:  0.000 Dropped: 308 Cache: 18s/13MB
AV: 04:03:11 / 04:03:30 (100%) A-V:  0.000 Dropped: 308 Cache: 18s/13MB
AV: 04:03:11 / 04:03:30 (100%) A-V:  0.000 Dropped: 308 Cache: 17s/13MB
AV: 04:03:12 / 04:03:30 (100%) A-V:  0.000 Dropped: 308 Cache: 17s/13MB
AV: 04:03:12 / 04:03:30 (100%) A-V:  0.000 Dropped: 308 Cache: 17s/12MB
AV: 04:03:12 / 04:03:30 (100%) A-V:  0.000 Dropped: 308 Cache: 16s/12MB
AV: 04:03:13 / 04:03:30 (100%) A-V:  0.000 Dropped: 308 Cache: 16s/12MB
AV: 04:03:13 / 04:03:30 (100%) A-V:  0.000 Dropped: 308 Cache: 15s/12MB
AV: 04:03:13 / 04:03:30 (100%) A-V:  0.000 Dropped: 308 Cache: 15s/11MB
AV: 04:03:14 / 04:03:30 (100%) A-V:  0.000 Dropped: 308 Cache: 15s/11MB
AV: 04:03:14 / 04:03:30 (100%) A-V:  0.000 Dropped: 308 Cache: 14s/11MB
AV: 04:03:15 / 04:03:30 (100%) A-V:  0.000 Dropped: 308 Cache: 14s/11MB
AV: 04:03:15 / 04:03:30 (100%) A-V:  0.000 Dropped: 308 Cache: 14s/10MB
AV: 04:03:15 / 04:03:31 (100%) A-V:  0.000 Dropped: 308 Cache: 15s/11MB
AV: 04:03:15 / 04:03:36 (100%) A-V:  0.000 Dropped: 308 Cache: 20s/15MB
AV: 04:03:15 / 04:03:36 (100%) A-V:  0.000 Dropped: 308 Cache: 20s/14MB
AV: 04:03:15 / 04:03:42 (100%) A-V:  0.000 Dropped: 308 Cache: 26s/19MB
AV: 04:03:15 / 04:03:42 (100%) A-V:  0.000 Dropped: 308 Cache: 26s/18MB
AV: 04:03:15 / 04:03:42 (100%) A-V:  0.000 Dropped: 308 Cache: 25s/18MB
AV: 04:03:16 / 04:03:42 (100%) A-V:  0.000 Dropped: 308 Cache: 25s/18MB
AV: 04:03:16 / 04:03:42 (100%) A-V:  0.000 Dropped: 308 Cache: 24s/18MB
AV: 04:03:16 / 04:03:42 (100%) A-V:  0.000 Dropped: 308 Cache: 24s/17MB
AV: 04:03:17 / 04:03:42 (100%) A-V:  0.000 Dropped: 308 Cache: 24s/17MB
AV: 04:03:17 / 04:03:42 (100%) A-V:  0.000 Dropped: 308 Cache: 23s/17MB
AV: 04:03:18 / 04:03:42 (100%) A-V:  0.000 Dropped: 308 Cache: 23s/17MB
AV: 04:03:18 / 04:03:42 (100%) A-V:  0.000 Dropped: 308 Cache: 23s/16MB
AV: 04:03:18 / 04:03:42 (100%) A-V:  0.000 Dropped: 308 Cache: 22s/16MB
AV: 04:03:19 / 04:03:42 (100%) A-V:  0.000 Dropped: 308 Cache: 22s/16MB
AV: 04:03:19 / 04:03:42 (100%) A-V:  0.000 Dropped: 308 Cache: 22s/15MB
AV: 04:03:19 / 04:03:42 (100%) A-V:  0.000 Dropped: 308 Cache: 21s/15MB
AV: 04:03:20 / 04:03:42 (100%) A-V:  0.000 Dropped: 308 Cache: 21s/15MB
AV: 04:03:20 / 04:03:42 (100%) A-V:  0.000 Dropped: 308 Cache: 20s/15MB
AV: 04:03:21 / 04:03:42 (100%) A-V:  0.000 Dropped: 308 Cache: 20s/14MB
AV: 04:03:21 / 04:03:42 (100%) A-V:  0.000 Dropped: 308 Cache: 19s/14MB
AV: 04:03:22 / 04:03:42 (100%) A-V:  0.000 Dropped: 308 Cache: 19s/14MB
AV: 04:03:22 / 04:03:42 (100%) A-V:  0.000 Dropped: 308 Cache: 19s/13MB
AV: 04:03:22 / 04:03:42 (100%) A-V:  0.000 Dropped: 308 Cache: 18s/13MB
AV: 04:03:23 / 04:03:42 (100%) A-V:  0.000 Dropped: 308 Cache: 18s/13MB
AV: 04:03:23 / 04:03:47 (100%) A-V:  0.000 Dropped: 308 Cache: 23s/17MB
AV: 04:03:23 / 04:03:47 (100%) A-V:  0.000 Dropped: 308 Cache: 23s/16MB
AV: 04:03:24 / 04:03:47 (100%) A-V:  0.000 Dropped: 308 Cache: 23s/16MB
AV: 04:03:24 / 04:03:47 (100%) A-V:  0.000 Dropped: 308 Cache: 22s/16MB
AV: 04:03:25 / 04:03:47 (100%) A-V:  0.000 Dropped: 308 Cache: 22s/16MB
AV: 04:03:25 / 04:03:47 (100%) A-V:  0.000 Dropped: 308 Cache: 22s/15MB
AV: 04:03:25 / 04:03:47 (100%) A-V:  0.000 Dropped: 308 Cache: 21s/15MB
AV: 04:03:26 / 04:03:47 (100%) A-V:  0.000 Dropped: 308 Cache: 21s/15MB
AV: 04:03:26 / 04:03:47 (100%) A-V:  0.000 Dropped: 308 Cache: 20s/15MB
AV: 04:03:26 / 04:03:47 (100%) A-V:  0.000 Dropped: 308 Cache: 20s/14MB
AV: 04:03:27 / 04:03:47 (100%) A-V:  0.000 Dropped: 308 Cache: 20s/14MB
AV: 04:03:27 / 04:03:47 (100%) A-V:  0.000 Dropped: 308 Cache: 19s/14MB
AV: 04:03:27 / 04:03:47 (100%) A-V:  0.000 Dropped: 308 Cache: 19s/13MB
AV: 04:03:28 / 04:03:47 (100%) A-V:  0.000 Dropped: 308 Cache: 19s/13MB
AV: 04:03:28 / 04:03:47 (100%) A-V:  0.000 Dropped: 308 Cache: 18s/13MB
AV: 04:03:28 / 04:03:47 (100%) A-V:  0.000 Dropped: 308 Cache: 18s/12MB
AV: 04:03:29 / 04:03:47 (100%) A-V:  0.000 Dropped: 308 Cache: 18s/12MB
AV: 04:03:29 / 04:03:47 (100%) A-V:  0.000 Dropped: 308 Cache: 17s/12MB
AV: 04:03:30 / 04:03:47 (100%) A-V:  0.000 Dropped: 308 Cache: 17s/12MB
AV: 04:03:30 / 04:03:47 (100%) A-V:  0.000 Dropped: 308 Cache: 16s/12MB
AV: 04:03:30 / 04:03:47 (100%) A-V:  0.000 Dropped: 308 Cache: 16s/11MB
AV: 04:03:31 / 04:03:47 (100%) A-V:  0.000 Dropped: 308 Cache: 16s/11MB
AV: 04:03:31 / 04:03:47 (100%) A-V:  0.000 Dropped: 308 Cache: 15s/11MB
AV: 04:03:31 / 04:03:47 (100%) A-V:  0.000 Dropped: 308 Cache: 15s/10MB
AV: 04:03:32 / 04:03:47 (100%) A-V:  0.000 Dropped: 308 Cache: 15s/10MB
AV: 04:03:32 / 04:03:47 (100%) A-V:  0.000 Dropped: 308 Cache: 14s/10MB
AV: 04:03:32 / 04:03:54 (100%) A-V:  0.000 Dropped: 308 Cache: 21s/15MB
AV: 04:03:32 / 04:04:00 (100%) A-V:  0.000 Dropped: 308 Cache: 26s/19MB
AV: 04:03:33 / 04:04:00 (100%) A-V:  0.000 Dropped: 308 Cache: 26s/19MB
AV: 04:03:33 / 04:04:00 (100%) A-V:  0.000 Dropped: 308 Cache: 26s/18MB
AV: 04:03:33 / 04:04:00 (100%) A-V:  0.000 Dropped: 308 Cache: 25s/18MB
AV: 04:03:34 / 04:04:00 (100%) A-V:  0.000 Dropped: 308 Cache: 25s/18MB
AV: 04:03:34 / 04:04:00 (100%) A-V:  0.000 Dropped: 308 Cache: 24s/18MB
AV: 04:03:34 / 04:04:00 (100%) A-V:  0.000 Dropped: 308 Cache: 24s/17MB
AV: 04:03:35 / 04:04:00 (100%) A-V:  0.000 Dropped: 308 Cache: 24s/17MB
AV: 04:03:35 / 04:04:00 (100%) A-V:  0.000 Dropped: 308 Cache: 23s/17MB
AV: 04:03:36 / 04:04:00 (100%) A-V:  0.000 Dropped: 308 Cache: 23s/16MB
AV: 04:03:36 / 04:04:00 (100%) A-V:  0.000 Dropped: 308 Cache: 22s/16MB
AV: 04:03:37 / 04:04:00 (100%) A-V:  0.000 Dropped: 308 Cache: 22s/16MB
AV: 04:03:37 / 04:04:00 (100%) A-V:  0.000 Dropped: 308 Cache: 22s/15MB
AV: 04:03:37 / 04:04:00 (100%) A-V:  0.000 Dropped: 308 Cache: 21s/15MB
AV: 04:03:38 / 04:04:00 (100%) A-V:  0.000 Dropped: 308 Cache: 21s/15MB
AV: 04:03:38 / 04:04:00 (100%) A-V:  0.000 Dropped: 308 Cache: 20s/15MB
AV: 04:03:39 / 04:04:00 (100%) A-V:  0.000 Dropped: 308 Cache: 20s/15MB
AV: 04:03:39 / 04:04:00 (100%) A-V:  0.000 Dropped: 308 Cache: 20s/14MB
AV: 04:03:39 / 04:04:00 (100%) A-V:  0.000 Dropped: 308 Cache: 19s/14MB
AV: 04:03:40 / 04:04:00 (100%) A-V:  0.000 Dropped: 308 Cache: 19s/14MB
AV: 04:03:40 / 04:04:00 (100%) A-V:  0.000 Dropped: 308 Cache: 19s/13MB
AV: 04:03:40 / 04:04:00 (100%) A-V:  0.000 Dropped: 308 Cache: 18s/13MB
AV: 04:03:41 / 04:04:00 (100%) A-V:  0.000 Dropped: 308 Cache: 18s/13MB
AV: 04:03:41 / 04:04:06 (100%) A-V:  0.000 Dropped: 308 Cache: 23s/17MB
AV: 04:03:42 / 04:04:06 (100%) A-V:  0.000 Dropped: 308 Cache: 23s/17MB
AV: 04:03:42 / 04:04:06 (100%) A-V:  0.000 Dropped: 308 Cache: 23s/16MB
AV: 04:03:42 / 04:04:06 (100%) A-V:  0.000 Dropped: 308 Cache: 22s/16MB
AV: 04:03:43 / 04:04:06 (100%) A-V:  0.000 Dropped: 308 Cache: 22s/16MB
AV: 04:03:43 / 04:04:06 (100%) A-V:  0.000 Dropped: 308 Cache: 22s/15MB
AV: 04:03:43 / 04:04:06 (100%) A-V:  0.000 Dropped: 308 Cache: 21s/15MB
AV: 04:03:44 / 04:04:06 (100%) A-V:  0.000 Dropped: 308 Cache: 21s/15MB
AV: 04:03:44 / 04:04:06 (100%) A-V:  0.000 Dropped: 308 Cache: 20s/15MB
AV: 04:03:44 / 04:04:06 (100%) A-V:  0.000 Dropped: 308 Cache: 20s/14MB
AV: 04:03:45 / 04:04:06 (100%) A-V:  0.000 Dropped: 308 Cache: 20s/14MB
AV: 04:03:45 / 04:04:06 (100%) A-V:  0.000 Dropped: 308 Cache: 19s/14MB
AV: 04:03:46 / 04:04:06 (100%) A-V:  0.000 Dropped: 308 Cache: 19s/14MB
AV: 04:03:46 / 04:04:06 (100%) A-V:  0.000 Dropped: 308 Cache: 19s/13MB
AV: 04:03:46 / 04:04:06 (100%) A-V:  0.000 Dropped: 308 Cache: 18s/13MB
AV: 04:03:47 / 04:04:06 (100%) A-V:  0.000 Dropped: 308 Cache: 18s/13MB
AV: 04:03:47 / 04:04:06 (100%) A-V:  0.000 Dropped: 308 Cache: 17s/13MB
AV: 04:03:47 / 04:04:06 (100%) A-V:  0.000 Dropped: 308 Cache: 17s/12MB
AV: 04:03:47 / 04:04:12 (100%) A-V:  0.000 Dropped: 308 Cache: 23s/16MB
AV: 04:03:48 / 04:04:12 (100%) A-V:  0.000 Dropped: 308 Cache: 23s/16MB
AV: 04:03:48 / 04:04:12 (100%) A-V:  0.000 Dropped: 308 Cache: 22s/16MB
AV: 04:03:49 / 04:04:12 (100%) A-V:  0.000 Dropped: 308 Cache: 22s/16MB
AV: 04:03:49 / 04:04:12 (100%) A-V:  0.000 Dropped: 308 Cache: 22s/15MB
AV: 04:03:49 / 04:04:12 (100%) A-V:  0.000 Dropped: 308 Cache: 21s/15MB
AV: 04:03:50 / 04:04:12 (100%) A-V:  0.000 Dropped: 308 Cache: 21s/15MB
AV: 04:03:50 / 04:04:12 (100%) A-V:  0.000 Dropped: 308 Cache: 21s/14MB
AV: 04:03:50 / 04:04:12 (100%) A-V:  0.000 Dropped: 308 Cache: 20s/14MB
AV: 04:03:51 / 04:04:12 (100%) A-V:  0.000 Dropped: 308 Cache: 20s/14MB
AV: 04:03:51 / 04:04:12 (100%) A-V:  0.000 Dropped: 308 Cache: 19s/14MB
AV: 04:03:51 / 04:04:12 (100%) A-V:  0.000 Dropped: 308 Cache: 19s/13MB
AV: 04:03:52 / 04:04:12 (100%) A-V:  0.000 Dropped: 308 Cache: 19s/13MB
AV: 04:03:52 / 04:04:12 (100%) A-V:  0.000 Dropped: 308 Cache: 18s/13MB
AV: 04:03:53 / 04:04:12 (100%) A-V:  0.000 Dropped: 308 Cache: 18s/13MB
AV: 04:03:53 / 04:04:12 (100%) A-V:  0.000 Dropped: 308 Cache: 18s/12MB
AV: 04:03:53 / 04:04:12 (100%) A-V:  0.000 Dropped: 308 Cache: 17s/12MB
AV: 04:03:54 / 04:04:12 (100%) A-V:  0.000 Dropped: 308 Cache: 17s/12MB
AV: 04:03:54 / 04:04:18 (100%) A-V:  0.000 Dropped: 308 Cache: 23s/16MB
AV: 04:03:54 / 04:04:18 (100%) A-V:  0.000 Dropped: 308 Cache: 22s/16MB
AV: 04:03:55 / 04:04:18 (100%) A-V:  0.000 Dropped: 308 Cache: 22s/16MB
AV: 04:03:55 / 04:04:18 (100%) A-V:  0.000 Dropped: 308 Cache: 22s/15MB
AV: 04:03:55 / 04:04:18 (100%) A-V:  0.000 Dropped: 308 Cache: 21s/15MB
AV: 04:03:56 / 04:04:18 (100%) A-V:  0.000 Dropped: 308 Cache: 21s/15MB
AV: 04:03:56 / 04:04:18 (100%) A-V:  0.000 Dropped: 308 Cache: 20s/15MB
AV: 04:03:56 / 04:04:18 (100%) A-V:  0.000 Dropped: 308 Cache: 20s/14MB
AV: 04:03:57 / 04:04:18 (100%) A-V:  0.000 Dropped: 308 Cache: 20s/14MB
AV: 04:03:57 / 04:04:18 (100%) A-V:  0.000 Dropped: 308 Cache: 19s/14MB
AV: 04:03:58 / 04:04:18 (100%) A-V:  0.000 Dropped: 308 Cache: 19s/14MB
AV: 04:03:58 / 04:04:18 (100%) A-V:  0.000 Dropped: 308 Cache: 19s/13MB
AV: 04:03:58 / 04:04:18 (100%) A-V:  0.000 Dropped: 308 Cache: 18s/13MB
AV: 04:03:59 / 04:04:18 (100%) A-V:  0.000 Dropped: 308 Cache: 18s/13MB
AV: 04:03:59 / 04:04:18 (100%) A-V:  0.000 Dropped: 308 Cache: 18s/12MB
AV: 04:03:59 / 04:04:18 (100%) A-V:  0.000 Dropped: 308 Cache: 17s/12MB
AV: 04:04:00 / 04:04:18 (100%) A-V:  0.000 Dropped: 308 Cache: 17s/12MB
AV: 04:04:00 / 04:04:24 (100%) A-V:  0.000 Dropped: 308 Cache: 23s/16MB
AV: 04:04:00 / 04:04:24 (100%) A-V:  0.000 Dropped: 308 Cache: 22s/16MB
AV: 04:04:01 / 04:04:24 (100%) A-V:  0.000 Dropped: 308 Cache: 22s/16MB
AV: 04:04:01 / 04:04:24 (100%) A-V:  0.000 Dropped: 308 Cache: 22s/15MB
AV: 04:04:01 / 04:04:24 (100%) A-V:  0.000 Dropped: 308 Cache: 21s/15MB
AV: 04:04:02 / 04:04:24 (100%) A-V:  0.000 Dropped: 308 Cache: 21s/15MB
AV: 04:04:02 / 04:04:24 (100%) A-V:  0.000 Dropped: 308 Cache: 20s/15MB
AV: 04:04:02 / 04:04:24 (100%) A-V:  0.000 Dropped: 308 Cache: 20s/14MB
AV: 04:04:03 / 04:04:24 (100%) A-V:  0.000 Dropped: 308 Cache: 20s/14MB
AV: 04:04:03 / 04:04:24 (100%) A-V:  0.000 Dropped: 308 Cache: 19s/14MB
AV: 04:04:04 / 04:04:24 (100%) A-V:  0.000 Dropped: 308 Cache: 19s/13MB
AV: 04:04:04 / 04:04:24 (100%) A-V:  0.000 Dropped: 308 Cache: 18s/13MB
AV: 04:04:05 / 04:04:24 (100%) A-V:  0.000 Dropped: 308 Cache: 18s/13MB
AV: 04:04:05 / 04:04:24 (100%) A-V:  0.000 Dropped: 308 Cache: 18s/12MB
AV: 04:04:05 / 04:04:24 (100%) A-V:  0.000 Dropped: 308 Cache: 17s/12MB
AV: 04:04:06 / 04:04:24 (100%) A-V:  0.000 Dropped: 308 Cache: 17s/12MB
AV: 04:04:06 / 04:04:30 (100%) A-V:  0.000 Dropped: 308 Cache: 23s/16MB
AV: 04:04:06 / 04:04:30 (100%) A-V:  0.000 Dropped: 308 Cache: 22s/16MB
AV: 04:04:07 / 04:04:30 (100%) A-V:  0.000 Dropped: 308 Cache: 22s/16MB
AV: 04:04:07 / 04:04:30 (100%) A-V:  0.000 Dropped: 308 Cache: 22s/15MB
AV: 04:04:07 / 04:04:30 (100%) A-V:  0.000 Dropped: 308 Cache: 21s/15MB
AV: 04:04:08 / 04:04:30 (100%) A-V:  0.000 Dropped: 308 Cache: 21s/15MB
AV: 04:04:08 / 04:04:30 (100%) A-V:  0.000 Dropped: 308 Cache: 20s/15MB
AV: 04:04:08 / 04:04:30 (100%) A-V:  0.000 Dropped: 308 Cache: 20s/14MB
AV: 04:04:09 / 04:04:30 (100%) A-V:  0.000 Dropped: 308 Cache: 20s/14MB
AV: 04:04:09 / 04:04:30 (100%) A-V:  0.000 Dropped: 308 Cache: 19s/14MB
AV: 04:04:10 / 04:04:30 (100%) A-V:  0.000 Dropped: 308 Cache: 19s/14MB
AV: 04:04:10 / 04:04:30 (100%) A-V:  0.000 Dropped: 308 Cache: 19s/13MB
AV: 04:04:10 / 04:04:30 (100%) A-V:  0.000 Dropped: 308 Cache: 18s/13MB
AV: 04:04:11 / 04:04:30 (100%) A-V:  0.000 Dropped: 308 Cache: 18s/13MB
AV: 04:04:11 / 04:04:30 (100%) A-V:  0.000 Dropped: 308 Cache: 17s/13MB
AV: 04:04:11 / 04:04:30 (100%) A-V:  0.000 Dropped: 308 Cache: 17s/12MB
AV: 04:04:12 / 04:04:30 (100%) A-V:  0.000 Dropped: 308 Cache: 17s/12MB
AV: 04:04:12 / 04:04:36 (100%) A-V:  0.000 Dropped: 308 Cache: 22s/16MB
AV: 04:04:13 / 04:04:36 (100%) A-V:  0.000 Dropped: 308 Cache: 22s/16MB
AV: 04:04:13 / 04:04:36 (100%) A-V:  0.000 Dropped: 308 Cache: 21s/16MB
AV: 04:04:13 / 04:04:36 (100%) A-V:  0.000 Dropped: 308 Cache: 21s/15MB
AV: 04:04:14 / 04:04:36 (100%) A-V:  0.000 Dropped: 308 Cache: 21s/15MB
AV: 04:04:14 / 04:04:36 (100%) A-V:  0.000 Dropped: 308 Cache: 20s/15MB
AV: 04:04:15 / 04:04:36 (100%) A-V:  0.000 Dropped: 308 Cache: 20s/15MB
AV: 04:04:15 / 04:04:36 (100%) A-V:  0.000 Dropped: 308 Cache: 20s/14MB
AV: 04:04:15 / 04:04:36 (100%) A-V:  0.000 Dropped: 308 Cache: 19s/14MB
AV: 04:04:16 / 04:04:36 (100%) A-V:  0.000 Dropped: 308 Cache: 19s/14MB
AV: 04:04:16 / 04:04:36 (100%) A-V:  0.000 Dropped: 308 Cache: 19s/13MB
AV: 04:04:16 / 04:04:36 (100%) A-V:  0.000 Dropped: 308 Cache: 18s/13MB
AV: 04:04:17 / 04:04:36 (100%) A-V:  0.000 Dropped: 308 Cache: 18s/13MB
AV: 04:04:17 / 04:04:36 (100%) A-V:  0.000 Dropped: 308 Cache: 17s/13MB
AV: 04:04:17 / 04:04:36 (100%) A-V:  0.000 Dropped: 308 Cache: 17s/12MB
AV: 04:04:18 / 04:04:36 (100%) A-V:  0.000 Dropped: 308 Cache: 17s/12MB
AV: 04:04:18 / 04:04:36 (100%) A-V:  0.000 Dropped: 308 Cache: 16s/12MB
AV: 04:04:18 / 04:04:42 (100%) A-V:  0.000 Dropped: 308 Cache: 22s/16MB
AV: 04:04:19 / 04:04:42 (100%) A-V:  0.000 Dropped: 308 Cache: 22s/16MB
AV: 04:04:19 / 04:04:42 (100%) A-V:  0.000 Dropped: 308 Cache: 21s/16MB
AV: 04:04:19 / 04:04:42 (100%) A-V:  0.000 Dropped: 308 Cache: 21s/15MB
AV: 04:04:20 / 04:04:42 (100%) A-V:  0.000 Dropped: 308 Cache: 21s/15MB
AV: 04:04:20 / 04:04:42 (100%) A-V:  0.000 Dropped: 308 Cache: 20s/15MB
AV: 04:04:20 / 04:04:42 (100%) A-V:  0.000 Dropped: 308 Cache: 20s/14MB
AV: 04:04:21 / 04:04:42 (100%) A-V:  0.000 Dropped: 308 Cache: 20s/14MB
AV: 04:04:21 / 04:04:42 (100%) A-V:  0.000 Dropped: 308 Cache: 19s/14MB
AV: 04:04:22 / 04:04:42 (100%) A-V:  0.000 Dropped: 308 Cache: 19s/14MB
AV: 04:04:22 / 04:04:42 (100%) A-V:  0.000 Dropped: 308 Cache: 19s/13MB
AV: 04:04:22 / 04:04:42 (100%) A-V:  0.000 Dropped: 308 Cache: 18s/13MB
AV: 04:04:23 / 04:04:42 (100%) A-V:  0.000 Dropped: 308 Cache: 18s/13MB
AV: 04:04:23 / 04:04:42 (100%) A-V:  0.000 Dropped: 308 Cache: 17s/13MB
AV: 04:04:23 / 04:04:42 (100%) A-V:  0.000 Dropped: 308 Cache: 17s/12MB
AV: 04:04:24 / 04:04:42 (100%) A-V:  0.000 Dropped: 308 Cache: 17s/12MB
AV: 04:04:24 / 04:04:42 (100%) A-V:  0.000 Dropped: 308 Cache: 16s/12MB
AV: 04:04:25 / 04:04:42 (100%) A-V:  0.000 Dropped: 308 Cache: 16s/12MB
AV: 04:04:25 / 04:04:48 (100%) A-V:  0.000 Dropped: 308 Cache: 22s/16MB
AV: 04:04:25 / 04:04:54 (100%) A-V:  0.000 Dropped: 308 Cache: 28s/20MB
AV: 04:04:25 / 04:04:54 (100%) A-V:  0.000 Dropped: 308 Cache: 27s/20MB
AV: 04:04:26 / 04:04:54 (100%) A-V:  0.000 Dropped: 308 Cache: 27s/20MB
AV: 04:04:26 / 04:04:54 (100%) A-V:  0.000 Dropped: 308 Cache: 27s/19MB
AV: 04:04:26 / 04:04:54 (100%) A-V:  0.000 Dropped: 308 Cache: 26s/19MB
AV: 04:04:27 / 04:04:54 (100%) A-V:  0.000 Dropped: 308 Cache: 26s/19MB
AV: 04:04:27 / 04:04:54 (100%) A-V:  0.000 Dropped: 308 Cache: 26s/18MB
AV: 04:04:27 / 04:04:54 (100%) A-V:  0.000 Dropped: 308 Cache: 25s/18MB
AV: 04:04:28 / 04:04:54 (100%) A-V:  0.000 Dropped: 308 Cache: 25s/18MB
AV: 04:04:28 / 04:04:54 (100%) A-V:  0.000 Dropped: 308 Cache: 24s/18MB
AV: 04:04:28 / 04:04:54 (100%) A-V:  0.000 Dropped: 308 Cache: 24s/17MB
AV: 04:04:29 / 04:04:54 (100%) A-V:  0.000 Dropped: 308 Cache: 24s/17MB
AV: 04:04:29 / 04:04:54 (100%) A-V:  0.000 Dropped: 308 Cache: 23s/17MB
AV: 04:04:30 / 04:04:54 (100%) A-V:  0.000 Dropped: 308 Cache: 23s/17MB
AV: 04:04:30 / 04:04:54 (100%) A-V:  0.000 Dropped: 308 Cache: 23s/16MB
AV: 04:04:30 / 04:04:54 (100%) A-V:  0.000 Dropped: 308 Cache: 22s/16MB
AV: 04:04:31 / 04:04:54 (100%) A-V:  0.000 Dropped: 308 Cache: 22s/16MB
AV: 04:04:31 / 04:04:54 (100%) A-V:  0.000 Dropped: 308 Cache: 21s/16MB
AV: 04:04:31 / 04:04:54 (100%) A-V:  0.000 Dropped: 308 Cache: 21s/15MB
AV: 04:04:32 / 04:04:54 (100%) A-V:  0.000 Dropped: 308 Cache: 21s/15MB
AV: 04:04:32 / 04:04:54 (100%) A-V:  0.000 Dropped: 308 Cache: 20s/15MB
AV: 04:04:33 / 04:04:54 (100%) A-V:  0.000 Dropped: 308 Cache: 20s/15MB
AV: 04:04:33 / 04:04:54 (100%) A-V:  0.000 Dropped: 308 Cache: 20s/14MB
AV: 04:04:33 / 04:04:54 (100%) A-V:  0.000 Dropped: 308 Cache: 19s/14MB
AV: 04:04:34 / 04:04:54 (100%) A-V:  0.000 Dropped: 308 Cache: 19s/14MB
AV: 04:04:34 / 04:04:54 (100%) A-V:  0.000 Dropped: 308 Cache: 19s/13MB
AV: 04:04:34 / 04:05:00 (100%) A-V:  0.000 Dropped: 308 Cache: 25s/18MB
AV: 04:04:34 / 04:05:00 (100%) A-V:  0.000 Dropped: 308 Cache: 24s/18MB
AV: 04:04:34 / 04:05:00 (100%) A-V:  0.000 Dropped: 308 Cache: 24s/17MB
AV: 04:04:35 / 04:05:00 (100%) A-V:  0.000 Dropped: 308 Cache: 24s/17MB
AV: 04:04:35 / 04:05:00 (100%) A-V:  0.000 Dropped: 308 Cache: 23s/17MB
AV: 04:04:36 / 04:05:00 (100%) A-V:  0.000 Dropped: 308 Cache: 23s/17MB
AV: 04:04:36 / 04:05:00 (100%) A-V:  0.000 Dropped: 308 Cache: 23s/16MB
AV: 04:04:36 / 04:05:00 (100%) A-V:  0.000 Dropped: 308 Cache: 22s/16MB
AV: 04:04:37 / 04:05:00 (100%) A-V:  0.000 Dropped: 308 Cache: 22s/16MB
AV: 04:04:37 / 04:05:00 (100%) A-V:  0.000 Dropped: 308 Cache: 22s/15MB
AV: 04:04:37 / 04:05:00 (100%) A-V:  0.000 Dropped: 308 Cache: 21s/15MB
AV: 04:04:38 / 04:05:00 (100%) A-V:  0.000 Dropped: 308 Cache: 21s/15MB
AV: 04:04:38 / 04:05:00 (100%) A-V:  0.000 Dropped: 308 Cache: 20s/15MB
AV: 04:04:38 / 04:05:00 (100%) A-V:  0.000 Dropped: 308 Cache: 20s/14MB
AV: 04:04:39 / 04:05:00 (100%) A-V:  0.000 Dropped: 308 Cache: 20s/14MB
AV: 04:04:39 / 04:05:00 (100%) A-V:  0.000 Dropped: 308 Cache: 19s/14MB
AV: 04:04:40 / 04:05:00 (100%) A-V:  0.000 Dropped: 308 Cache: 19s/14MB
AV: 04:04:40 / 04:05:00 (100%) A-V:  0.000 Dropped: 308 Cache: 19s/13MB
AV: 04:04:40 / 04:05:06 (100%) A-V:  0.000 Dropped: 308 Cache: 25s/18MB
AV: 04:04:40 / 04:05:06 (100%) A-V:  0.000 Dropped: 308 Cache: 24s/18MB
AV: 04:04:40 / 04:05:06 (100%) A-V:  0.000 Dropped: 308 Cache: 24s/17MB
AV: 04:04:41 / 04:05:06 (100%) A-V:  0.000 Dropped: 308 Cache: 24s/17MB
AV: 04:04:41 / 04:05:06 (100%) A-V:  0.000 Dropped: 308 Cache: 23s/17MB
AV: 04:04:42 / 04:05:06 (100%) A-V:  0.000 Dropped: 308 Cache: 23s/17MB
AV: 04:04:42 / 04:05:06 (100%) A-V:  0.000 Dropped: 308 Cache: 23s/16MB
AV: 04:04:42 / 04:05:06 (100%) A-V:  0.000 Dropped: 308 Cache: 22s/16MB
AV: 04:04:43 / 04:05:06 (100%) A-V:  0.000 Dropped: 308 Cache: 22s/16MB
AV: 04:04:43 / 04:05:06 (100%) A-V:  0.000 Dropped: 308 Cache: 21s/16MB
AV: 04:04:43 / 04:05:06 (100%) A-V:  0.000 Dropped: 308 Cache: 21s/15MB
AV: 04:04:44 / 04:05:06 (100%) A-V:  0.000 Dropped: 308 Cache: 21s/15MB
AV: 04:04:44 / 04:05:06 (100%) A-V:  0.000 Dropped: 308 Cache: 21s/14MB
AV: 04:04:44 / 04:05:06 (100%) A-V:  0.000 Dropped: 308 Cache: 20s/14MB
AV: 04:04:45 / 04:05:06 (100%) A-V:  0.000 Dropped: 308 Cache: 20s/14MB
AV: 04:04:45 / 04:05:06 (100%) A-V:  0.000 Dropped: 308 Cache: 19s/14MB
AV: 04:04:46 / 04:05:06 (100%) A-V:  0.000 Dropped: 308 Cache: 19s/14MB
AV: 04:04:46 / 04:05:06 (100%) A-V:  0.000 Dropped: 308 Cache: 19s/13MB
AV: 04:04:46 / 04:05:06 (100%) A-V:  0.000 Dropped: 308 Cache: 18s/13MB
AV: 04:04:46 / 04:05:12 (100%) A-V:  0.000 Dropped: 308 Cache: 24s/18MB
AV: 04:04:46 / 04:05:12 (100%) A-V:  0.000 Dropped: 308 Cache: 24s/17MB
AV: 04:04:47 / 04:05:12 (100%) A-V:  0.000 Dropped: 308 Cache: 24s/17MB
AV: 04:04:47 / 04:05:12 (100%) A-V:  0.000 Dropped: 308 Cache: 23s/17MB
AV: 04:04:48 / 04:05:12 (100%) A-V:  0.000 Dropped: 308 Cache: 23s/17MB
AV: 04:04:48 / 04:05:12 (100%) A-V:  0.000 Dropped: 308 Cache: 23s/16MB
AV: 04:04:48 / 04:05:12 (100%) A-V:  0.000 Dropped: 308 Cache: 22s/16MB
AV: 04:04:49 / 04:05:12 (100%) A-V:  0.000 Dropped: 308 Cache: 22s/16MB
AV: 04:04:49 / 04:05:12 (100%) A-V:  0.000 Dropped: 308 Cache: 21s/16MB
AV: 04:04:49 / 04:05:12 (100%) A-V:  0.000 Dropped: 308 Cache: 21s/15MB
AV: 04:04:50 / 04:05:12 (100%) A-V:  0.000 Dropped: 308 Cache: 21s/15MB
AV: 04:04:50 / 04:05:12 (100%) A-V:  0.000 Dropped: 308 Cache: 20s/15MB
AV: 04:04:50 / 04:05:12 (100%) A-V:  0.000 Dropped: 308 Cache: 20s/14MB
AV: 04:04:51 / 04:05:12 (100%) A-V:  0.000 Dropped: 308 Cache: 20s/14MB
AV: 04:04:51 / 04:05:12 (100%) A-V:  0.000 Dropped: 308 Cache: 19s/14MB
AV: 04:04:52 / 04:05:12 (100%) A-V:  0.000 Dropped: 308 Cache: 19s/14MB
AV: 04:04:52 / 04:05:12 (100%) A-V:  0.000 Dropped: 308 Cache: 19s/13MB
AV: 04:04:52 / 04:05:12 (100%) A-V:  0.000 Dropped: 308 Cache: 18s/13MB
AV: 04:04:52 / 04:05:18 (100%) A-V:  0.000 Dropped: 308 Cache: 24s/18MB
AV: 04:04:53 / 04:05:18 (100%) A-V:  0.000 Dropped: 308 Cache: 24s/18MB
AV: 04:04:53 / 04:05:18 (100%) A-V:  0.000 Dropped: 308 Cache: 24s/17MB
AV: 04:04:53 / 04:05:18 (100%) A-V:  0.000 Dropped: 308 Cache: 23s/17MB
AV: 04:04:54 / 04:05:18 (100%) A-V:  0.000 Dropped: 308 Cache: 23s/17MB
AV: 04:04:54 / 04:05:18 (100%) A-V:  0.000 Dropped: 308 Cache: 23s/16MB
AV: 04:04:54 / 04:05:18 (100%) A-V:  0.000 Dropped: 308 Cache: 22s/16MB
AV: 04:04:55 / 04:05:18 (100%) A-V:  0.000 Dropped: 308 Cache: 22s/16MB
AV: 04:04:55 / 04:05:18 (100%) A-V:  0.000 Dropped: 308 Cache: 21s/16MB
AV: 04:04:55 / 04:05:18 (100%) A-V:  0.000 Dropped: 308 Cache: 21s/15MB
AV: 04:04:56 / 04:05:18 (100%) A-V:  0.000 Dropped: 308 Cache: 21s/15MB
AV: 04:04:56 / 04:05:18 (100%) A-V:  0.000 Dropped: 308 Cache: 20s/15MB
AV: 04:04:56 / 04:05:18 (100%) A-V:  0.000 Dropped: 308 Cache: 20s/14MB
AV: 04:04:57 / 04:05:18 (100%) A-V:  0.000 Dropped: 308 Cache: 20s/14MB
AV: 04:04:57 / 04:05:18 (100%) A-V:  0.000 Dropped: 308 Cache: 19s/14MB
AV: 04:04:58 / 04:05:18 (100%) A-V:  0.000 Dropped: 308 Cache: 19s/14MB
AV: 04:04:58 / 04:05:18 (100%) A-V:  0.000 Dropped: 308 Cache: 19s/13MB
AV: 04:04:58 / 04:05:18 (100%) A-V:  0.000 Dropped: 308 Cache: 18s/13MB
AV: 04:04:59 / 04:05:18 (100%) A-V:  0.000 Dropped: 308 Cache: 18s/13MB
AV: 04:04:59 / 04:05:24 (100%) A-V:  0.000 Dropped: 308 Cache: 24s/17MB
AV: 04:04:59 / 04:05:24 (100%) A-V:  0.000 Dropped: 308 Cache: 24s/16MB
AV: 04:04:59 / 04:05:24 (100%) A-V:  0.000 Dropped: 308 Cache: 23s/16MB
AV: 04:05:00 / 04:05:24 (100%) A-V:  0.000 Dropped: 308 Cache: 23s/16MB
AV: 04:05:00 / 04:05:24 (100%) A-V:  0.000 Dropped: 308 Cache: 23s/15MB
AV: 04:05:00 / 04:05:24 (100%) A-V:  0.000 Dropped: 308 Cache: 22s/15MB
AV: 04:05:01 / 04:05:24 (100%) A-V:  0.000 Dropped: 308 Cache: 22s/15MB
AV: 04:05:01 / 04:05:24 (100%) A-V:  0.000 Dropped: 308 Cache: 21s/15MB
AV: 04:05:01 / 04:05:24 (100%) A-V:  0.000 Dropped: 308 Cache: 21s/14MB
AV: 04:05:02 / 04:05:24 (100%) A-V:  0.000 Dropped: 308 Cache: 21s/14MB
AV: 04:05:02 / 04:05:24 (100%) A-V:  0.000 Dropped: 308 Cache: 20s/14MB
AV: 04:05:03 / 04:05:24 (100%) A-V:  0.000 Dropped: 308 Cache: 20s/14MB
AV: 04:05:03 / 04:05:24 (100%) A-V:  0.000 Dropped: 308 Cache: 20s/13MB
AV: 04:05:03 / 04:05:24 (100%) A-V:  0.000 Dropped: 308 Cache: 19s/13MB
AV: 04:05:04 / 04:05:24 (100%) A-V:  0.000 Dropped: 308 Cache: 19s/13MB
AV: 04:05:04 / 04:05:24 (100%) A-V:  0.000 Dropped: 308 Cache: 18s/13MB
AV: 04:05:05 / 04:05:24 (100%) A-V:  0.000 Dropped: 308 Cache: 18s/12MB
AV: 04:05:05 / 04:05:29 (100%) A-V:  0.000 Dropped: 308 Cache: 24s/17MB
AV: 04:05:05 / 04:05:29 (100%) A-V:  0.000 Dropped: 308 Cache: 23s/17MB
AV: 04:05:05 / 04:05:29 (100%) A-V:  0.000 Dropped: 308 Cache: 23s/16MB
AV: 04:05:06 / 04:05:29 (100%) A-V:  0.000 Dropped: 308 Cache: 23s/16MB
AV: 04:05:06 / 04:05:29 (100%) A-V:  0.000 Dropped: 308 Cache: 22s/16MB
AV: 04:05:07 / 04:05:29 (100%) A-V:  0.000 Dropped: 308 Cache: 22s/16MB
AV: 04:05:07 / 04:05:29 (100%) A-V:  0.000 Dropped: 308 Cache: 22s/15MB
AV: 04:05:07 / 04:05:29 (100%) A-V:  0.000 Dropped: 308 Cache: 21s/15MB
AV: 04:05:08 / 04:05:29 (100%) A-V:  0.000 Dropped: 308 Cache: 21s/15MB
AV: 04:05:08 / 04:05:29 (100%) A-V:  0.000 Dropped: 308 Cache: 21s/14MB
AV: 04:05:08 / 04:05:29 (100%) A-V:  0.000 Dropped: 308 Cache: 20s/14MB
AV: 04:05:09 / 04:05:29 (100%) A-V:  0.000 Dropped: 308 Cache: 20s/14MB
AV: 04:05:09 / 04:05:29 (100%) A-V:  0.000 Dropped: 308 Cache: 19s/14MB
AV: 04:05:09 / 04:05:29 (100%) A-V:  0.000 Dropped: 308 Cache: 19s/13MB
AV: 04:05:10 / 04:05:29 (100%) A-V:  0.000 Dropped: 308 Cache: 19s/13MB
AV: 04:05:10 / 04:05:29 (100%) A-V:  0.000 Dropped: 308 Cache: 18s/13MB
AV: 04:05:10 / 04:05:29 (100%) A-V:  0.000 Dropped: 308 Cache: 18s/12MB
AV: 04:05:11 / 04:05:29 (100%) A-V:  0.000 Dropped: 308 Cache: 18s/12MB
AV: 04:05:11 / 04:05:33 (100%) A-V:  0.000 Dropped: 308 Cache: 22s/15MB
AV: 04:05:11 / 04:05:34 (100%) A-V:  0.000 Dropped: 308 Cache: 23s/16MB
AV: 04:05:11 / 04:05:34 (100%) A-V:  0.000 Dropped: 308 Cache: 22s/16MB
AV: 04:05:11 / 04:05:34 (100%) A-V:  0.000 Dropped: 308 Cache: 22s/15MB
AV: 04:05:12 / 04:05:34 (100%) A-V:  0.000 Dropped: 308 Cache: 22s/15MB
AV: 04:05:12 / 04:05:34 (100%) A-V:  0.000 Dropped: 308 Cache: 21s/15MB
AV: 04:05:13 / 04:05:34 (100%) A-V:  0.000 Dropped: 308 Cache: 21s/15MB
AV: 04:05:13 / 04:05:34 (100%) A-V:  0.000 Dropped: 308 Cache: 21s/14MB
AV: 04:05:13 / 04:05:34 (100%) A-V:  0.000 Dropped: 308 Cache: 20s/14MB
AV: 04:05:14 / 04:05:34 (100%) A-V:  0.000 Dropped: 308 Cache: 20s/14MB
AV: 04:05:14 / 04:05:34 (100%) A-V:  0.000 Dropped: 308 Cache: 20s/13MB
AV: 04:05:14 / 04:05:34 (100%) A-V:  0.000 Dropped: 308 Cache: 19s/13MB
AV: 04:05:15 / 04:05:34 (100%) A-V:  0.000 Dropped: 308 Cache: 19s/13MB
AV: 04:05:15 / 04:05:34 (100%) A-V:  0.000 Dropped: 308 Cache: 18s/13MB
AV: 04:05:15 / 04:05:34 (100%) A-V:  0.000 Dropped: 308 Cache: 18s/12MB
AV: 04:05:16 / 04:05:34 (100%) A-V:  0.000 Dropped: 308 Cache: 18s/12MB
AV: 04:05:16 / 04:05:35 (100%) A-V:  0.000 Dropped: 308 Cache: 18s/13MB
AV: 04:05:16 / 04:05:38 (100%) A-V:  0.000 Dropped: 308 Cache: 22s/15MB
AV: 04:05:16 / 04:05:40 (100%) A-V:  0.000 Dropped: 308 Cache: 23s/16MB
AV: 04:05:16 / 04:05:40 (100%) A-V:  0.000 Dropped: 308 Cache: 22s/16MB
AV: 04:05:17 / 04:05:40 (100%) A-V:  0.000 Dropped: 308 Cache: 22s/16MB
AV: 04:05:17 / 04:05:40 (100%) A-V:  0.000 Dropped: 308 Cache: 22s/15MB
AV: 04:05:17 / 04:05:40 (100%) A-V:  0.000 Dropped: 308 Cache: 21s/15MB
AV: 04:05:18 / 04:05:40 (100%) A-V:  0.000 Dropped: 308 Cache: 21s/15MB
AV: 04:05:18 / 04:05:40 (100%) A-V:  0.000 Dropped: 308 Cache: 20s/15MB
AV: 04:05:19 / 04:05:40 (100%) A-V:  0.000 Dropped: 308 Cache: 20s/15MB
AV: 04:05:19 / 04:05:40 (100%) A-V:  0.000 Dropped: 308 Cache: 19s/15MB
AV: 04:05:19 / 04:05:40 (100%) A-V:  0.000 Dropped: 308 Cache: 19s/14MB
AV: 04:05:20 / 04:05:40 (100%) A-V:  0.000 Dropped: 308 Cache: 19s/14MB
AV: 04:05:20 / 04:05:40 (100%) A-V:  0.000 Dropped: 308 Cache: 18s/14MB
AV: 04:05:21 / 04:05:40 (100%) A-V:  0.000 Dropped: 308 Cache: 18s/14MB
AV: 04:05:21 / 04:05:40 (100%) A-V:  0.000 Dropped: 308 Cache: 18s/13MB
AV: 04:05:21 / 04:05:40 (100%) A-V:  0.000 Dropped: 308 Cache: 17s/13MB
AV: 04:05:21 / 04:05:45 (100%) A-V:  0.000 Dropped: 308 Cache: 23s/17MB
AV: 04:05:22 / 04:05:45 (100%) A-V:  0.000 Dropped: 308 Cache: 23s/17MB
AV: 04:05:22 / 04:05:45 (100%) A-V:  0.000 Dropped: 308 Cache: 22s/17MB
AV: 04:05:23 / 04:05:45 (100%) A-V:  0.000 Dropped: 308 Cache: 22s/17MB
AV: 04:05:23 / 04:05:45 (100%) A-V:  0.000 Dropped: 308 Cache: 22s/16MB
AV: 04:05:23 / 04:05:45 (100%) A-V:  0.000 Dropped: 308 Cache: 21s/16MB
AV: 04:05:24 / 04:05:45 (100%) A-V:  0.000 Dropped: 308 Cache: 21s/16MB
AV: 04:05:24 / 04:05:45 (100%) A-V:  0.000 Dropped: 308 Cache: 21s/15MB
AV: 04:05:24 / 04:05:45 (100%) A-V:  0.000 Dropped: 308 Cache: 20s/15MB
AV: 04:05:25 / 04:05:45 (100%) A-V:  0.000 Dropped: 308 Cache: 20s/15MB
AV: 04:05:25 / 04:05:45 (100%) A-V:  0.000 Dropped: 308 Cache: 20s/14MB
AV: 04:05:25 / 04:05:45 (100%) A-V:  0.000 Dropped: 308 Cache: 19s/14MB
AV: 04:05:26 / 04:05:45 (100%) A-V:  0.000 Dropped: 308 Cache: 19s/14MB
AV: 04:05:26 / 04:05:45 (100%) A-V:  0.000 Dropped: 308 Cache: 19s/13MB
AV: 04:05:26 / 04:05:45 (100%) A-V:  0.000 Dropped: 308 Cache: 18s/13MB
AV: 04:05:27 / 04:05:45 (100%) A-V:  0.000 Dropped: 308 Cache: 18s/13MB
AV: 04:05:27 / 04:05:45 (100%) A-V:  0.000 Dropped: 308 Cache: 17s/13MB
AV: 04:05:27 / 04:05:45 (100%) A-V:  0.000 Dropped: 308 Cache: 17s/12MB
AV: 04:05:28 / 04:05:45 (100%) A-V:  0.000 Dropped: 308 Cache: 17s/12MB
AV: 04:05:28 / 04:05:50 (100%) A-V:  0.000 Dropped: 308 Cache: 22s/16MB
AV: 04:05:28 / 04:05:52 (100%) A-V:  0.000 Dropped: 308 Cache: 23s/16MB
AV: 04:05:28 / 04:05:52 (100%) A-V:  0.000 Dropped: 308 Cache: 22s/16MB
AV: 04:05:29 / 04:05:52 (100%) A-V:  0.000 Dropped: 308 Cache: 22s/16MB
AV: 04:05:29 / 04:05:52 (100%) A-V:  0.000 Dropped: 308 Cache: 22s/15MB
AV: 04:05:29 / 04:05:52 (100%) A-V:  0.000 Dropped: 308 Cache: 21s/15MB
AV: 04:05:30 / 04:05:52 (100%) A-V:  0.000 Dropped: 308 Cache: 21s/15MB
AV: 04:05:30 / 04:05:52 (100%) A-V:  0.000 Dropped: 308 Cache: 21s/14MB
AV: 04:05:30 / 04:05:52 (100%) A-V:  0.000 Dropped: 308 Cache: 20s/14MB
AV: 04:05:31 / 04:05:52 (100%) A-V:  0.000 Dropped: 308 Cache: 20s/14MB
AV: 04:05:31 / 04:05:52 (100%) A-V:  0.000 Dropped: 308 Cache: 19s/14MB
AV: 04:05:31 / 04:05:52 (100%) A-V:  0.000 Dropped: 308 Cache: 19s/13MB
AV: 04:05:32 / 04:05:52 (100%) A-V:  0.000 Dropped: 308 Cache: 19s/13MB
AV: 04:05:32 / 04:05:52 (100%) A-V:  0.000 Dropped: 308 Cache: 18s/13MB
AV: 04:05:33 / 04:05:52 (100%) A-V:  0.000 Dropped: 308 Cache: 18s/13MB
AV: 04:05:33 / 04:05:52 (100%) A-V:  0.000 Dropped: 308 Cache: 18s/12MB
AV: 04:05:33 / 04:05:52 (100%) A-V:  0.000 Dropped: 308 Cache: 17s/12MB
AV: 04:05:34 / 04:05:52 (100%) A-V:  0.000 Dropped: 308 Cache: 17s/12MB
AV: 04:05:34 / 04:05:57 (100%) A-V:  0.000 Dropped: 308 Cache: 22s/16MB
AV: 04:05:35 / 04:05:57 (100%) A-V:  0.000 Dropped: 308 Cache: 22s/16MB
AV: 04:05:35 / 04:05:57 (100%) A-V:  0.000 Dropped: 308 Cache: 21s/16MB
AV: 04:05:35 / 04:05:57 (100%) A-V:  0.000 Dropped: 308 Cache: 21s/15MB
AV: 04:05:36 / 04:05:57 (100%) A-V:  0.000 Dropped: 308 Cache: 21s/15MB
AV: 04:05:36 / 04:05:57 (100%) A-V:  0.000 Dropped: 308 Cache: 20s/15MB
AV: 04:05:36 / 04:05:57 (100%) A-V:  0.000 Dropped: 308 Cache: 20s/14MB
AV: 04:05:37 / 04:05:57 (100%) A-V:  0.000 Dropped: 308 Cache: 20s/14MB
AV: 04:05:37 / 04:05:57 (100%) A-V:  0.000 Dropped: 308 Cache: 19s/14MB
AV: 04:05:37 / 04:05:57 (100%) A-V:  0.000 Dropped: 308 Cache: 19s/13MB
AV: 04:05:38 / 04:05:57 (100%) A-V:  0.000 Dropped: 308 Cache: 19s/13MB
AV: 04:05:38 / 04:05:57 (100%) A-V:  0.000 Dropped: 308 Cache: 18s/13MB
AV: 04:05:39 / 04:05:57 (100%) A-V:  0.000 Dropped: 308 Cache: 18s/13MB
AV: 04:05:39 / 04:05:57 (100%) A-V:  0.000 Dropped: 308 Cache: 18s/12MB
AV: 04:05:39 / 04:05:57 (100%) A-V:  0.000 Dropped: 308 Cache: 17s/12MB
AV: 04:05:40 / 04:05:57 (100%) A-V:  0.000 Dropped: 308 Cache: 17s/12MB
AV: 04:05:40 / 04:05:57 (100%) A-V:  0.000 Dropped: 308 Cache: 16s/12MB
AV: 04:05:40 / 04:05:57 (100%) A-V:  0.000 Dropped: 308 Cache: 16s/11MB
AV: 04:05:40 / 04:06:04 (100%) A-V:  0.000 Dropped: 308 Cache: 22s/16MB
AV: 04:05:41 / 04:06:04 (100%) A-V:  0.000 Dropped: 308 Cache: 22s/16MB
AV: 04:05:41 / 04:06:04 (100%) A-V:  0.000 Dropped: 308 Cache: 22s/15MB
AV: 04:05:41 / 04:06:04 (100%) A-V:  0.000 Dropped: 308 Cache: 21s/15MB
AV: 04:05:42 / 04:06:04 (100%) A-V:  0.000 Dropped: 308 Cache: 21s/15MB
AV: 04:05:42 / 04:06:04 (100%) A-V:  0.000 Dropped: 308 Cache: 21s/14MB
AV: 04:05:42 / 04:06:04 (100%) A-V:  0.000 Dropped: 308 Cache: 20s/14MB
AV: 04:05:43 / 04:06:04 (100%) A-V:  0.000 Dropped: 308 Cache: 20s/14MB
AV: 04:05:43 / 04:06:04 (100%) A-V:  0.000 Dropped: 308 Cache: 19s/14MB
AV: 04:05:44 / 04:06:04 (100%) A-V:  0.000 Dropped: 308 Cache: 19s/14MB
AV: 04:05:44 / 04:06:04 (100%) A-V:  0.000 Dropped: 308 Cache: 19s/13MB
AV: 04:05:44 / 04:06:04 (100%) A-V:  0.000 Dropped: 308 Cache: 18s/13MB
AV: 04:05:45 / 04:06:04 (100%) A-V:  0.000 Dropped: 308 Cache: 18s/13MB
AV: 04:05:45 / 04:06:04 (100%) A-V:  0.000 Dropped: 308 Cache: 18s/12MB
AV: 04:05:45 / 04:06:04 (100%) A-V:  0.000 Dropped: 308 Cache: 17s/12MB
AV: 04:05:46 / 04:06:04 (100%) A-V:  0.000 Dropped: 308 Cache: 17s/12MB
AV: 04:05:46 / 04:06:09 (100%) A-V:  0.000 Dropped: 308 Cache: 22s/15MB
AV: 04:05:46 / 04:06:09 (100%) A-V:  0.000 Dropped: 308 Cache: 21s/15MB
AV: 04:05:46 / 04:06:14 (100%) A-V:  0.000 Dropped: 308 Cache: 27s/19MB
AV: 04:05:47 / 04:06:14 (100%) A-V:  0.000 Dropped: 308 Cache: 27s/19MB
AV: 04:05:47 / 04:06:14 (100%) A-V:  0.000 Dropped: 308 Cache: 26s/19MB
AV: 04:05:47 / 04:06:14 (100%) A-V:  0.000 Dropped: 308 Cache: 26s/18MB
AV: 04:05:48 / 04:06:14 (100%) A-V:  0.000 Dropped: 308 Cache: 26s/18MB
AV: 04:05:48 / 04:06:14 (100%) A-V:  0.000 Dropped: 308 Cache: 25s/18MB
AV: 04:05:48 / 04:06:14 (100%) A-V:  0.000 Dropped: 308 Cache: 25s/17MB
AV: 04:05:49 / 04:06:14 (100%) A-V:  0.000 Dropped: 308 Cache: 25s/17MB
AV: 04:05:49 / 04:06:14 (100%) A-V:  0.000 Dropped: 308 Cache: 24s/17MB
AV: 04:05:50 / 04:06:14 (100%) A-V:  0.000 Dropped: 308 Cache: 24s/17MB
AV: 04:05:50 / 04:06:14 (100%) A-V:  0.000 Dropped: 308 Cache: 23s/17MB
AV: 04:05:50 / 04:06:14 (100%) A-V:  0.000 Dropped: 308 Cache: 23s/16MB
AV: 04:05:51 / 04:06:14 (100%) A-V:  0.000 Dropped: 308 Cache: 23s/16MB
AV: 04:05:51 / 04:06:14 (100%) A-V:  0.000 Dropped: 308 Cache: 22s/16MB
AV: 04:05:52 / 04:06:14 (100%) A-V:  0.000 Dropped: 308 Cache: 22s/16MB
AV: 04:05:52 / 04:06:14 (100%) A-V:  0.000 Dropped: 308 Cache: 21s/16MB
AV: 04:05:52 / 04:06:14 (100%) A-V:  0.000 Dropped: 308 Cache: 21s/15MB
AV: 04:05:53 / 04:06:14 (100%) A-V:  0.000 Dropped: 308 Cache: 21s/15MB
AV: 04:05:53 / 04:06:14 (100%) A-V:  0.000 Dropped: 308 Cache: 20s/15MB
AV: 04:05:53 / 04:06:14 (100%) A-V:  0.000 Dropped: 308 Cache: 20s/14MB
AV: 04:05:54 / 04:06:14 (100%) A-V:  0.000 Dropped: 308 Cache: 20s/14MB
AV: 04:05:54 / 04:06:14 (100%) A-V:  0.000 Dropped: 308 Cache: 19s/14MB
AV: 04:05:54 / 04:06:14 (100%) A-V:  0.000 Dropped: 308 Cache: 19s/13MB
AV: 04:05:55 / 04:06:14 (100%) A-V:  0.000 Dropped: 308 Cache: 19s/13MB
AV: 04:05:55 / 04:06:14 (100%) A-V:  0.000 Dropped: 308 Cache: 18s/13MB
AV: 04:05:55 / 04:06:18 (100%) A-V:  0.000 Dropped: 308 Cache: 22s/15MB
AV: 04:05:55 / 04:06:20 (100%) A-V:  0.000 Dropped: 308 Cache: 23s/15MB
AV: 04:05:56 / 04:06:20 (100%) A-V:  0.000 Dropped: 308 Cache: 23s/15MB
AV: 04:05:56 / 04:06:20 (100%) A-V:  0.000 Dropped: 308 Cache: 23s/14MB
AV: 04:05:56 / 04:06:20 (100%) A-V:  0.000 Dropped: 308 Cache: 22s/14MB
AV: 04:05:57 / 04:06:20 (100%) A-V:  0.000 Dropped: 308 Cache: 22s/14MB
AV: 04:05:57 / 04:06:20 (100%) A-V:  0.000 Dropped: 308 Cache: 21s/14MB
AV: 04:05:57 / 04:06:20 (100%) A-V:  0.000 Dropped: 308 Cache: 21s/13MB
AV: 04:05:58 / 04:06:20 (100%) A-V:  0.000 Dropped: 308 Cache: 21s/13MB
AV: 04:05:58 / 04:06:20 (100%) A-V:  0.000 Dropped: 308 Cache: 20s/13MB
AV: 04:05:59 / 04:06:20 (100%) A-V:  0.000 Dropped: 308 Cache: 20s/13MB
AV: 04:05:59 / 04:06:20 (100%) A-V:  0.000 Dropped: 308 Cache: 20s/12MB
AV: 04:05:59 / 04:06:20 (100%) A-V:  0.000 Dropped: 308 Cache: 19s/12MB
AV: 04:06:00 / 04:06:20 (100%) A-V:  0.000 Dropped: 308 Cache: 19s/12MB
AV: 04:06:00 / 04:06:20 (100%) A-V:  0.000 Dropped: 308 Cache: 18s/11MB
AV: 04:06:01 / 04:06:20 (100%) A-V:  0.000 Dropped: 308 Cache: 18s/11MB
AV: 04:06:01 / 04:06:26 (100%) A-V:  0.000 Dropped: 308 Cache: 24s/15MB
AV: 04:06:01 / 04:06:26 (100%) A-V:  0.000 Dropped: 308 Cache: 23s/15MB
AV: 04:06:02 / 04:06:26 (100%) A-V:  0.000 Dropped: 308 Cache: 23s/15MB
AV: 04:06:02 / 04:06:26 (100%) A-V:  0.000 Dropped: 308 Cache: 23s/14MB
AV: 04:06:02 / 04:06:26 (100%) A-V:  0.000 Dropped: 308 Cache: 22s/14MB
AV: 04:06:03 / 04:06:26 (100%) A-V:  0.000 Dropped: 308 Cache: 22s/14MB
AV: 04:06:03 / 04:06:26 (100%) A-V:  0.000 Dropped: 308 Cache: 21s/14MB
AV: 04:06:03 / 04:06:26 (100%) A-V:  0.000 Dropped: 308 Cache: 21s/13MB
AV: 04:06:04 / 04:06:26 (100%) A-V:  0.000 Dropped: 308 Cache: 21s/13MB
AV: 04:06:04 / 04:06:26 (100%) A-V:  0.000 Dropped: 308 Cache: 20s/13MB
AV: 04:06:05 / 04:06:26 (100%) A-V:  0.000 Dropped: 308 Cache: 20s/13MB
AV: 04:06:05 / 04:06:26 (100%) A-V:  0.000 Dropped: 308 Cache: 20s/12MB
AV: 04:06:05 / 04:06:26 (100%) A-V:  0.000 Dropped: 308 Cache: 19s/12MB
AV: 04:06:06 / 04:06:26 (100%) A-V:  0.000 Dropped: 308 Cache: 19s/12MB
AV: 04:06:06 / 04:06:26 (100%) A-V:  0.000 Dropped: 308 Cache: 19s/11MB
AV: 04:06:06 / 04:06:26 (100%) A-V:  0.000 Dropped: 308 Cache: 18s/11MB
AV: 04:06:07 / 04:06:26 (100%) A-V:  0.000 Dropped: 308 Cache: 18s/11MB
AV: 04:06:07 / 04:06:26 (100%) A-V:  0.000 Dropped: 308 Cache: 17s/11MB
AV: 04:06:07 / 04:06:26 (100%) A-V:  0.000 Dropped: 308 Cache: 17s/10MB
AV: 04:06:07 / 04:06:31 (100%) A-V:  0.000 Dropped: 308 Cache: 23s/14MB
AV: 04:06:08 / 04:06:31 (100%) A-V:  0.000 Dropped: 308 Cache: 23s/14MB
AV: 04:06:08 / 04:06:31 (100%) A-V:  0.000 Dropped: 308 Cache: 22s/14MB
AV: 04:06:09 / 04:06:31 (100%) A-V:  0.000 Dropped: 308 Cache: 22s/14MB
AV: 04:06:09 / 04:06:31 (100%) A-V:  0.000 Dropped: 308 Cache: 21s/14MB
AV: 04:06:09 / 04:06:31 (100%) A-V:  0.000 Dropped: 308 Cache: 21s/13MB
AV: 04:06:10 / 04:06:31 (100%) A-V:  0.000 Dropped: 308 Cache: 21s/13MB
AV: 04:06:10 / 04:06:31 (100%) A-V:  0.000 Dropped: 308 Cache: 20s/13MB
AV: 04:06:10 / 04:06:31 (100%) A-V:  0.000 Dropped: 308 Cache: 20s/12MB
AV: 04:06:11 / 04:06:31 (100%) A-V:  0.000 Dropped: 308 Cache: 20s/12MB
AV: 04:06:11 / 04:06:31 (100%) A-V:  0.000 Dropped: 308 Cache: 19s/12MB
AV: 04:06:11 / 04:06:31 (100%) A-V:  0.000 Dropped: 308 Cache: 19s/11MB
AV: 04:06:12 / 04:06:31 (100%) A-V:  0.000 Dropped: 308 Cache: 19s/11MB
AV: 04:06:12 / 04:06:31 (100%) A-V:  0.000 Dropped: 308 Cache: 18s/11MB
AV: 04:06:13 / 04:06:31 (100%) A-V:  0.000 Dropped: 308 Cache: 18s/11MB
AV: 04:06:13 / 04:06:31 (100%) A-V:  0.000 Dropped: 308 Cache: 17s/11MB
AV: 04:06:13 / 04:06:31 (100%) A-V:  0.000 Dropped: 308 Cache: 17s/10MB
AV: 04:06:13 / 04:06:37 (100%) A-V:  0.000 Dropped: 308 Cache: 24s/15MB
AV: 04:06:13 / 04:06:38 (100%) A-V:  0.000 Dropped: 308 Cache: 24s/15MB
AV: 04:06:13 / 04:06:38 (100%) A-V:  0.000 Dropped: 308 Cache: 23s/15MB
AV: 04:06:14 / 04:06:38 (100%) A-V:  0.000 Dropped: 308 Cache: 23s/15MB
AV: 04:06:14 / 04:06:38 (100%) A-V:  0.000 Dropped: 308 Cache: 23s/14MB
AV: 04:06:14 / 04:06:38 (100%) A-V:  0.000 Dropped: 308 Cache: 22s/14MB
AV: 04:06:15 / 04:06:38 (100%) A-V:  0.000 Dropped: 308 Cache: 22s/14MB
AV: 04:06:15 / 04:06:38 (100%) A-V:  0.000 Dropped: 308 Cache: 21s/14MB
AV: 04:06:15 / 04:06:38 (100%) A-V:  0.000 Dropped: 308 Cache: 21s/13MB
AV: 04:06:16 / 04:06:38 (100%) A-V:  0.000 Dropped: 308 Cache: 21s/13MB
AV: 04:06:16 / 04:06:38 (100%) A-V:  0.000 Dropped: 308 Cache: 20s/13MB
AV: 04:06:17 / 04:06:38 (100%) A-V:  0.000 Dropped: 308 Cache: 20s/13MB
AV: 04:06:17 / 04:06:38 (100%) A-V:  0.000 Dropped: 308 Cache: 19s/13MB
AV: 04:06:17 / 04:06:38 (100%) A-V:  0.000 Dropped: 308 Cache: 19s/12MB
AV: 04:06:18 / 04:06:38 (100%) A-V:  0.000 Dropped: 308 Cache: 19s/12MB
AV: 04:06:18 / 04:06:38 (100%) A-V:  0.000 Dropped: 308 Cache: 18s/12MB
AV: 04:06:19 / 04:06:38 (100%) A-V:  0.000 Dropped: 308 Cache: 18s/12MB
AV: 04:06:19 / 04:06:38 (100%) A-V:  0.000 Dropped: 308 Cache: 17s/12MB
AV: 04:06:20 / 04:06:38 (100%) A-V:  0.000 Dropped: 308 Cache: 17s/12MB
AV: 04:06:20 / 04:06:43 (100%) A-V:  0.000 Dropped: 308 Cache: 22s/16MB
AV: 04:06:20 / 04:06:43 (100%) A-V:  0.000 Dropped: 308 Cache: 21s/16MB
AV: 04:06:21 / 04:06:43 (100%) A-V:  0.000 Dropped: 308 Cache: 21s/16MB
AV: 04:06:21 / 04:06:43 (100%) A-V:  0.000 Dropped: 308 Cache: 21s/15MB
AV: 04:06:21 / 04:06:43 (100%) A-V:  0.000 Dropped: 308 Cache: 20s/15MB
AV: 04:06:22 / 04:06:43 (100%) A-V:  0.000 Dropped: 308 Cache: 20s/15MB
AV: 04:06:22 / 04:06:43 (100%) A-V:  0.000 Dropped: 308 Cache: 20s/14MB
AV: 04:06:22 / 04:06:43 (100%) A-V:  0.000 Dropped: 308 Cache: 19s/14MB
AV: 04:06:23 / 04:06:43 (100%) A-V:  0.000 Dropped: 308 Cache: 19s/14MB
AV: 04:06:23 / 04:06:43 (100%) A-V:  0.000 Dropped: 308 Cache: 19s/13MB
AV: 04:06:23 / 04:06:43 (100%) A-V:  0.000 Dropped: 308 Cache: 18s/13MB
AV: 04:06:24 / 04:06:43 (100%) A-V:  0.000 Dropped: 308 Cache: 18s/13MB
AV: 04:06:24 / 04:06:43 (100%) A-V:  0.000 Dropped: 308 Cache: 18s/12MB
AV: 04:06:24 / 04:06:43 (100%) A-V:  0.000 Dropped: 308 Cache: 17s/12MB
AV: 04:06:25 / 04:06:43 (100%) A-V:  0.000 Dropped: 308 Cache: 17s/12MB
AV: 04:06:25 / 04:06:48 (100%) A-V:  0.000 Dropped: 308 Cache: 22s/16MB
AV: 04:06:25 / 04:06:48 (100%) A-V:  0.000 Dropped: 308 Cache: 21s/16MB
AV: 04:06:25 / 04:06:48 (100%) A-V:  0.000 Dropped: 308 Cache: 21s/15MB
AV: 04:06:26 / 04:06:48 (100%) A-V:  0.000 Dropped: 308 Cache: 21s/15MB
AV: 04:06:26 / 04:06:48 (100%) A-V:  0.000 Dropped: 308 Cache: 20s/15MB
AV: 04:06:27 / 04:06:48 (100%) A-V:  0.000 Dropped: 308 Cache: 20s/15MB
AV: 04:06:27 / 04:06:48 (100%) A-V:  0.000 Dropped: 308 Cache: 20s/14MB
AV: 04:06:27 / 04:06:48 (100%) A-V:  0.000 Dropped: 308 Cache: 19s/14MB
AV: 04:06:28 / 04:06:48 (100%) A-V:  0.000 Dropped: 308 Cache: 19s/14MB
AV: 04:06:28 / 04:06:48 (100%) A-V:  0.000 Dropped: 308 Cache: 18s/14MB
AV: 04:06:28 / 04:06:48 (100%) A-V:  0.000 Dropped: 308 Cache: 18s/13MB
AV: 04:06:29 / 04:06:48 (100%) A-V:  0.000 Dropped: 308 Cache: 18s/13MB
AV: 04:06:29 / 04:06:48 (100%) A-V:  0.000 Dropped: 308 Cache: 17s/13MB
AV: 04:06:30 / 04:06:48 (100%) A-V:  0.000 Dropped: 308 Cache: 17s/13MB
AV: 04:06:30 / 04:06:48 (100%) A-V:  0.000 Dropped: 308 Cache: 17s/12MB
AV: 04:06:30 / 04:06:54 (100%) A-V:  0.000 Dropped: 308 Cache: 23s/15MB
AV: 04:06:30 / 04:06:54 (100%) A-V:  0.000 Dropped: 308 Cache: 22s/15MB
AV: 04:06:31 / 04:06:54 (100%) A-V:  0.000 Dropped: 308 Cache: 22s/15MB
AV: 04:06:31 / 04:06:54 (100%) A-V:  0.000 Dropped: 308 Cache: 22s/14MB
AV: 04:06:31 / 04:06:54 (100%) A-V:  0.000 Dropped: 308 Cache: 21s/14MB
AV: 04:06:32 / 04:06:54 (100%) A-V:  0.000 Dropped: 308 Cache: 21s/14MB
AV: 04:06:32 / 04:06:54 (100%) A-V:  0.000 Dropped: 308 Cache: 20s/14MB
AV: 04:06:33 / 04:06:54 (100%) A-V:  0.000 Dropped: 308 Cache: 20s/14MB
AV: 04:06:33 / 04:06:54 (100%) A-V:  0.000 Dropped: 308 Cache: 20s/13MB
AV: 04:06:33 / 04:06:54 (100%) A-V:  0.000 Dropped: 308 Cache: 19s/13MB
AV: 04:06:34 / 04:06:54 (100%) A-V:  0.000 Dropped: 308 Cache: 19s/13MB
AV: 04:06:34 / 04:06:54 (100%) A-V:  0.000 Dropped: 308 Cache: 19s/12MB
AV: 04:06:34 / 04:06:54 (100%) A-V:  0.000 Dropped: 308 Cache: 18s/12MB
AV: 04:06:35 / 04:06:54 (100%) A-V:  0.000 Dropped: 308 Cache: 18s/12MB
AV: 04:06:35 / 04:06:54 (100%) A-V:  0.000 Dropped: 308 Cache: 17s/11MB
AV: 04:06:36 / 04:06:54 (100%) A-V:  0.000 Dropped: 308 Cache: 17s/11MB
AV: 04:06:36 / 04:07:00 (100%) A-V:  0.000 Dropped: 308 Cache: 23s/15MB
AV: 04:06:36 / 04:07:00 (100%) A-V:  0.000 Dropped: 308 Cache: 22s/15MB
AV: 04:06:37 / 04:07:00 (100%) A-V:  0.000 Dropped: 308 Cache: 22s/15MB
AV: 04:06:37 / 04:07:05 (100%) A-V:  0.000 Dropped: 308 Cache: 27s/18MB
AV: 04:06:37 / 04:07:05 (100%) A-V:  0.000 Dropped: 308 Cache: 27s/17MB
AV: 04:06:37 / 04:07:05 (100%) A-V:  0.000 Dropped: 308 Cache: 26s/17MB
AV: 04:06:38 / 04:07:05 (100%) A-V:  0.000 Dropped: 308 Cache: 26s/17MB
AV: 04:06:38 / 04:07:05 (100%) A-V:  0.000 Dropped: 308 Cache: 25s/17MB
AV: 04:06:39 / 04:07:05 (100%) A-V:  0.000 Dropped: 308 Cache: 25s/17MB
AV: 04:06:39 / 04:07:05 (100%) A-V:  0.000 Dropped: 308 Cache: 25s/16MB
AV: 04:06:39 / 04:07:05 (100%) A-V:  0.000 Dropped: 308 Cache: 24s/16MB
AV: 04:06:40 / 04:07:05 (100%) A-V:  0.000 Dropped: 308 Cache: 24s/16MB
AV: 04:06:40 / 04:07:05 (100%) A-V:  0.000 Dropped: 308 Cache: 24s/15MB
AV: 04:06:40 / 04:07:05 (100%) A-V:  0.000 Dropped: 308 Cache: 23s/15MB
AV: 04:06:41 / 04:07:05 (100%) A-V:  0.000 Dropped: 308 Cache: 23s/15MB
AV: 04:06:41 / 04:07:05 (100%) A-V:  0.000 Dropped: 308 Cache: 22s/15MB
AV: 04:06:42 / 04:07:05 (100%) A-V:  0.000 Dropped: 308 Cache: 22s/15MB
AV: 04:06:42 / 04:07:05 (100%) A-V:  0.000 Dropped: 308 Cache: 22s/14MB
AV: 04:06:42 / 04:07:05 (100%) A-V:  0.000 Dropped: 308 Cache: 21s/14MB
AV: 04:06:43 / 04:07:05 (100%) A-V:  0.000 Dropped: 308 Cache: 21s/14MB
AV: 04:06:43 / 04:07:05 (100%) A-V:  0.000 Dropped: 308 Cache: 21s/13MB
AV: 04:06:43 / 04:07:05 (100%) A-V:  0.000 Dropped: 308 Cache: 20s/13MB
AV: 04:06:44 / 04:07:05 (100%) A-V:  0.000 Dropped: 308 Cache: 20s/13MB
AV: 04:06:44 / 04:07:05 (100%) A-V:  0.000 Dropped: 308 Cache: 20s/12MB
AV: 04:06:44 / 04:07:05 (100%) A-V:  0.000 Dropped: 308 Cache: 19s/12MB
AV: 04:06:45 / 04:07:05 (100%) A-V:  0.000 Dropped: 308 Cache: 19s/12MB
AV: 04:06:45 / 04:07:05 (100%) A-V:  0.000 Dropped: 308 Cache: 18s/12MB
AV: 04:06:45 / 04:07:05 (100%) A-V:  0.000 Dropped: 308 Cache: 18s/11MB
AV: 04:06:46 / 04:07:05 (100%) A-V:  0.000 Dropped: 308 Cache: 18s/11MB
AV: 04:06:46 / 04:07:05 (100%) A-V:  0.000 Dropped: 308 Cache: 17s/11MB
AV: 04:06:47 / 04:07:05 (100%) A-V:  0.000 Dropped: 308 Cache: 17s/11MB
AV: 04:06:47 / 04:07:05 (100%) A-V:  0.000 Dropped: 308 Cache: 17s/10MB
AV: 04:06:47 / 04:07:05 (100%) A-V:  0.000 Dropped: 308 Cache: 16s/10MB
AV: 04:06:48 / 04:07:05 (100%) A-V:  0.000 Dropped: 308 Cache: 16s/10MB
AV: 04:06:48 / 04:07:05 (100%) A-V:  0.000 Dropped: 308 Cache: 17s/10MB
AV: 04:06:48 / 04:07:12 (100%) A-V:  0.000 Dropped: 308 Cache: 23s/15MB
AV: 04:06:48 / 04:07:12 (100%) A-V:  0.000 Dropped: 308 Cache: 22s/15MB
AV: 04:06:49 / 04:07:12 (100%) A-V:  0.000 Dropped: 308 Cache: 22s/15MB
AV: 04:06:49 / 04:07:12 (100%) A-V:  0.000 Dropped: 308 Cache: 21s/15MB
AV: 04:06:50 / 04:07:12 (100%) A-V:  0.000 Dropped: 308 Cache: 21s/15MB
AV: 04:06:50 / 04:07:12 (100%) A-V:  0.000 Dropped: 308 Cache: 20s/15MB
AV: 04:06:51 / 04:07:12 (100%) A-V:  0.000 Dropped: 308 Cache: 20s/15MB
AV: 04:06:51 / 04:07:12 (100%) A-V:  0.000 Dropped: 308 Cache: 20s/14MB
AV: 04:06:51 / 04:07:12 (100%) A-V:  0.000 Dropped: 308 Cache: 19s/14MB
AV: 04:06:52 / 04:07:12 (100%) A-V:  0.000 Dropped: 308 Cache: 19s/14MB
AV: 04:06:52 / 04:07:12 (100%) A-V:  0.000 Dropped: 308 Cache: 19s/13MB
AV: 04:06:52 / 04:07:12 (100%) A-V:  0.000 Dropped: 308 Cache: 18s/13MB
AV: 04:06:53 / 04:07:12 (100%) A-V:  0.000 Dropped: 308 Cache: 18s/13MB
AV: 04:06:53 / 04:07:12 (100%) A-V:  0.000 Dropped: 308 Cache: 18s/12MB
AV: 04:06:53 / 04:07:12 (100%) A-V:  0.000 Dropped: 308 Cache: 17s/12MB
AV: 04:06:54 / 04:07:12 (100%) A-V:  0.000 Dropped: 308 Cache: 17s/12MB
AV: 04:06:54 / 04:07:12 (100%) A-V:  0.000 Dropped: 308 Cache: 17s/11MB
AV: 04:06:54 / 04:07:12 (100%) A-V:  0.000 Dropped: 308 Cache: 16s/11MB
AV: 04:06:55 / 04:07:12 (100%) A-V:  0.000 Dropped: 308 Cache: 16s/11MB
AV: 04:06:55 / 04:07:18 (100%) A-V:  0.000 Dropped: 308 Cache: 22s/15MB
AV: 04:06:55 / 04:07:22 (100%) A-V:  0.000 Dropped: 308 Cache: 26s/17MB
AV: 04:06:55 / 04:07:23 (100%) A-V:  0.000 Dropped: 308 Cache: 27s/18MB
AV: 04:06:55 / 04:07:23 (100%) A-V:  0.000 Dropped: 308 Cache: 27s/17MB
AV: 04:06:55 / 04:07:23 (100%) A-V:  0.000 Dropped: 308 Cache: 26s/17MB
AV: 04:06:56 / 04:07:23 (100%) A-V:  0.000 Dropped: 308 Cache: 26s/17MB
AV: 04:06:56 / 04:07:23 (100%) A-V:  0.000 Dropped: 308 Cache: 25s/17MB
AV: 04:06:57 / 04:07:23 (100%) A-V:  0.000 Dropped: 308 Cache: 25s/17MB
AV: 04:06:57 / 04:07:23 (100%) A-V:  0.000 Dropped: 308 Cache: 25s/16MB
AV: 04:06:57 / 04:07:23 (100%) A-V:  0.000 Dropped: 308 Cache: 24s/16MB
AV: 04:06:58 / 04:07:23 (100%) A-V:  0.000 Dropped: 308 Cache: 24s/16MB
AV: 04:06:58 / 04:07:23 (100%) A-V:  0.000 Dropped: 308 Cache: 24s/15MB
AV: 04:06:58 / 04:07:23 (100%) A-V:  0.000 Dropped: 308 Cache: 23s/15MB
AV: 04:06:59 / 04:07:23 (100%) A-V:  0.000 Dropped: 308 Cache: 23s/15MB
AV: 04:06:59 / 04:07:23 (100%) A-V:  0.000 Dropped: 308 Cache: 22s/15MB
AV: 04:06:59 / 04:07:23 (100%) A-V:  0.000 Dropped: 308 Cache: 22s/14MB
AV: 04:07:00 / 04:07:23 (100%) A-V:  0.000 Dropped: 308 Cache: 22s/14MB
AV: 04:07:00 / 04:07:23 (100%) A-V:  0.000 Dropped: 308 Cache: 21s/14MB
AV: 04:07:01 / 04:07:23 (100%) A-V:  0.000 Dropped: 308 Cache: 21s/14MB
AV: 04:07:01 / 04:07:23 (100%) A-V:  0.000 Dropped: 308 Cache: 21s/13MB
AV: 04:07:01 / 04:07:23 (100%) A-V:  0.000 Dropped: 308 Cache: 20s/13MB
AV: 04:07:02 / 04:07:23 (100%) A-V:  0.000 Dropped: 308 Cache: 20s/13MB
AV: 04:07:02 / 04:07:23 (100%) A-V:  0.000 Dropped: 308 Cache: 19s/13MB
AV: 04:07:02 / 04:07:23 (100%) A-V:  0.000 Dropped: 308 Cache: 19s/12MB
AV: 04:07:03 / 04:07:23 (100%) A-V:  0.000 Dropped: 308 Cache: 19s/12MB
AV: 04:07:03 / 04:07:23 (100%) A-V:  0.000 Dropped: 308 Cache: 18s/12MB
AV: 04:07:04 / 04:07:23 (100%) A-V:  0.000 Dropped: 308 Cache: 18s/12MB
AV: 04:07:04 / 04:07:30 (100%) A-V:  0.000 Dropped: 308 Cache: 25s/17MB
AV: 04:07:04 / 04:07:30 (100%) A-V:  0.000 Dropped: 308 Cache: 24s/17MB
AV: 04:07:04 / 04:07:30 (100%) A-V:  0.000 Dropped: 308 Cache: 24s/16MB
AV: 04:07:05 / 04:07:30 (100%) A-V:  0.000 Dropped: 308 Cache: 24s/16MB
AV: 04:07:05 / 04:07:30 (100%) A-V:  0.000 Dropped: 308 Cache: 23s/16MB
AV: 04:07:06 / 04:07:30 (100%) A-V:  0.000 Dropped: 308 Cache: 23s/16MB
AV: 04:07:06 / 04:07:30 (100%) A-V:  0.000 Dropped: 308 Cache: 22s/16MB
AV: 04:07:06 / 04:07:30 (100%) A-V:  0.000 Dropped: 308 Cache: 22s/15MB
AV: 04:07:07 / 04:07:30 (100%) A-V:  0.000 Dropped: 308 Cache: 22s/15MB
AV: 04:07:07 / 04:07:30 (100%) A-V:  0.000 Dropped: 308 Cache: 21s/15MB
AV: 04:07:07 / 04:07:30 (100%) A-V:  0.000 Dropped: 308 Cache: 21s/14MB
AV: 04:07:08 / 04:07:30 (100%) A-V:  0.000 Dropped: 308 Cache: 21s/14MB
AV: 04:07:08 / 04:07:30 (100%) A-V:  0.000 Dropped: 308 Cache: 20s/14MB
AV: 04:07:09 / 04:07:30 (100%) A-V:  0.000 Dropped: 308 Cache: 20s/14MB
AV: 04:07:09 / 04:07:30 (100%) A-V:  0.000 Dropped: 308 Cache: 20s/13MB
AV: 04:07:09 / 04:07:30 (100%) A-V:  0.000 Dropped: 308 Cache: 19s/13MB
AV: 04:07:10 / 04:07:30 (100%) A-V:  0.000 Dropped: 308 Cache: 19s/13MB
AV: 04:07:10 / 04:07:30 (100%) A-V:  0.000 Dropped: 308 Cache: 19s/12MB
AV: 04:07:10 / 04:07:30 (100%) A-V:  0.000 Dropped: 308 Cache: 18s/12MB
AV: 04:07:11 / 04:07:30 (100%) A-V:  0.000 Dropped: 308 Cache: 18s/12MB
AV: 04:07:11 / 04:07:33 (100%) A-V:  0.000 Dropped: 308 Cache: 22s/15MB
AV: 04:07:11 / 04:07:36 (100%) A-V:  0.000 Dropped: 308 Cache: 24s/16MB
AV: 04:07:11 / 04:07:36 (100%) A-V:  0.000 Dropped: 308 Cache: 23s/16MB
AV: 04:07:12 / 04:07:36 (100%) A-V:  0.000 Dropped: 308 Cache: 23s/16MB
AV: 04:07:12 / 04:07:36 (100%) A-V:  0.000 Dropped: 308 Cache: 23s/15MB
AV: 04:07:12 / 04:07:36 (100%) A-V:  0.000 Dropped: 308 Cache: 22s/15MB
AV: 04:07:13 / 04:07:36 (100%) A-V:  0.000 Dropped: 308 Cache: 22s/15MB
AV: 04:07:13 / 04:07:36 (100%) A-V:  0.000 Dropped: 308 Cache: 21s/15MB
AV: 04:07:13 / 04:07:36 (100%) A-V:  0.000 Dropped: 308 Cache: 21s/14MB
AV: 04:07:14 / 04:07:36 (100%) A-V:  0.000 Dropped: 308 Cache: 21s/14MB
AV: 04:07:14 / 04:07:36 (100%) A-V:  0.000 Dropped: 308 Cache: 20s/14MB
AV: 04:07:15 / 04:07:36 (100%) A-V:  0.000 Dropped: 308 Cache: 20s/14MB
AV: 04:07:15 / 04:07:36 (100%) A-V:  0.000 Dropped: 308 Cache: 20s/13MB
AV: 04:07:15 / 04:07:36 (100%) A-V:  0.000 Dropped: 308 Cache: 19s/13MB
AV: 04:07:16 / 04:07:36 (100%) A-V:  0.000 Dropped: 308 Cache: 19s/13MB
AV: 04:07:16 / 04:07:36 (100%) A-V:  0.000 Dropped: 308 Cache: 19s/12MB
AV: 04:07:16 / 04:07:36 (100%) A-V:  0.000 Dropped: 308 Cache: 18s/12MB
AV: 04:07:17 / 04:07:36 (100%) A-V:  0.000 Dropped: 308 Cache: 18s/12MB
AV: 04:07:17 / 04:07:39 (100%) A-V:  0.000 Dropped: 308 Cache: 21s/14MB
AV: 04:07:17 / 04:07:42 (100%) A-V:  0.000 Dropped: 308 Cache: 24s/16MB
AV: 04:07:17 / 04:07:42 (100%) A-V:  0.000 Dropped: 308 Cache: 23s/16MB
AV: 04:07:18 / 04:07:42 (100%) A-V:  0.000 Dropped: 308 Cache: 23s/16MB
AV: 04:07:18 / 04:07:42 (100%) A-V:  0.000 Dropped: 308 Cache: 23s/15MB
AV: 04:07:18 / 04:07:42 (100%) A-V:  0.000 Dropped: 308 Cache: 22s/15MB
AV: 04:07:19 / 04:07:42 (100%) A-V:  0.000 Dropped: 308 Cache: 22s/15MB
AV: 04:07:19 / 04:07:42 (100%) A-V:  0.000 Dropped: 308 Cache: 21s/15MB
AV: 04:07:20 / 04:07:42 (100%) A-V:  0.000 Dropped: 308 Cache: 21s/15MB
AV: 04:07:20 / 04:07:42 (100%) A-V:  0.000 Dropped: 308 Cache: 20s/15MB
AV: 04:07:20 / 04:07:42 (100%) A-V:  0.000 Dropped: 308 Cache: 20s/14MB
AV: 04:07:21 / 04:07:42 (100%) A-V:  0.000 Dropped: 308 Cache: 20s/14MB
AV: 04:07:21 / 04:07:42 (100%) A-V:  0.000 Dropped: 308 Cache: 19s/14MB
AV: 04:07:22 / 04:07:42 (100%) A-V:  0.000 Dropped: 308 Cache: 19s/14MB
AV: 04:07:22 / 04:07:42 (100%) A-V:  0.000 Dropped: 308 Cache: 19s/13MB
AV: 04:07:22 / 04:07:42 (100%) A-V:  0.000 Dropped: 308 Cache: 18s/13MB
AV: 04:07:23 / 04:07:42 (100%) A-V:  0.000 Dropped: 308 Cache: 18s/13MB
AV: 04:07:23 / 04:07:42 (100%) A-V:  0.000 Dropped: 308 Cache: 18s/12MB
AV: 04:07:23 / 04:07:48 (100%) A-V:  0.000 Dropped: 308 Cache: 24s/17MB
AV: 04:07:23 / 04:07:48 (100%) A-V:  0.000 Dropped: 308 Cache: 23s/17MB
AV: 04:07:23 / 04:07:48 (100%) A-V:  0.000 Dropped: 308 Cache: 23s/16MB
AV: 04:07:23 / 04:07:54 (100%) A-V:  0.000 Dropped: 308 Cache: 29s/21MB
AV: 04:07:24 / 04:07:54 (100%) A-V:  0.000 Dropped: 308 Cache: 29s/21MB
AV: 04:07:24 / 04:07:54 (100%) A-V:  0.000 Dropped: 308 Cache: 29s/20MB
AV: 04:07:24 / 04:07:54 (100%) A-V:  0.000 Dropped: 308 Cache: 28s/20MB
AV: 04:07:25 / 04:07:54 (100%) A-V:  0.000 Dropped: 308 Cache: 28s/20MB
AV: 04:07:25 / 04:07:54 (100%) A-V:  0.000 Dropped: 308 Cache: 27s/20MB
AV: 04:07:26 / 04:07:54 (100%) A-V:  0.000 Dropped: 308 Cache: 27s/20MB
AV: 04:07:26 / 04:07:54 (100%) A-V:  0.000 Dropped: 308 Cache: 27s/19MB
AV: 04:07:26 / 04:07:54 (100%) A-V:  0.000 Dropped: 308 Cache: 26s/19MB
AV: 04:07:27 / 04:07:54 (100%) A-V:  0.000 Dropped: 308 Cache: 26s/19MB
AV: 04:07:27 / 04:07:54 (100%) A-V:  0.000 Dropped: 308 Cache: 26s/18MB
AV: 04:07:27 / 04:07:54 (100%) A-V:  0.000 Dropped: 308 Cache: 25s/18MB
AV: 04:07:28 / 04:07:54 (100%) A-V:  0.000 Dropped: 308 Cache: 25s/18MB
AV: 04:07:28 / 04:07:54 (100%) A-V:  0.000 Dropped: 308 Cache: 25s/17MB
AV: 04:07:28 / 04:07:54 (100%) A-V:  0.000 Dropped: 308 Cache: 24s/17MB
AV: 04:07:29 / 04:07:54 (100%) A-V:  0.000 Dropped: 308 Cache: 24s/17MB
AV: 04:07:29 / 04:07:54 (100%) A-V:  0.000 Dropped: 308 Cache: 23s/17MB
AV: 04:07:29 / 04:07:54 (100%) A-V:  0.000 Dropped: 308 Cache: 23s/16MB
AV: 04:07:30 / 04:07:54 (100%) A-V:  0.000 Dropped: 308 Cache: 23s/16MB
AV: 04:07:30 / 04:07:54 (100%) A-V:  0.000 Dropped: 308 Cache: 22s/16MB
AV: 04:07:31 / 04:07:54 (100%) A-V:  0.000 Dropped: 308 Cache: 22s/16MB
AV: 04:07:31 / 04:07:54 (100%) A-V:  0.000 Dropped: 308 Cache: 22s/15MB
AV: 04:07:31 / 04:07:54 (100%) A-V:  0.000 Dropped: 308 Cache: 21s/15MB
AV: 04:07:32 / 04:07:54 (100%) A-V:  0.000 Dropped: 308 Cache: 21s/15MB
AV: 04:07:32 / 04:07:54 (100%) A-V:  0.000 Dropped: 308 Cache: 21s/14MB
AV: 04:07:32 / 04:07:54 (100%) A-V:  0.000 Dropped: 308 Cache: 20s/14MB
AV: 04:07:33 / 04:07:54 (100%) A-V:  0.000 Dropped: 308 Cache: 20s/14MB
AV: 04:07:33 / 04:08:00 (100%) A-V:  0.000 Dropped: 308 Cache: 26s/19MB
AV: 04:07:33 / 04:08:00 (100%) A-V:  0.000 Dropped: 308 Cache: 25s/19MB
AV: 04:07:33 / 04:08:00 (100%) A-V:  0.000 Dropped: 308 Cache: 25s/18MB
AV: 04:07:34 / 04:08:00 (100%) A-V:  0.000 Dropped: 308 Cache: 25s/18MB
AV: 04:07:34 / 04:08:00 (100%) A-V:  0.000 Dropped: 308 Cache: 24s/18MB
AV: 04:07:34 / 04:08:00 (100%) A-V:  0.000 Dropped: 308 Cache: 24s/17MB
AV: 04:07:35 / 04:08:00 (100%) A-V:  0.000 Dropped: 308 Cache: 24s/17MB
AV: 04:07:35 / 04:08:00 (100%) A-V:  0.000 Dropped: 308 Cache: 23s/17MB
AV: 04:07:36 / 04:08:00 (100%) A-V:  0.000 Dropped: 308 Cache: 23s/17MB
AV: 04:07:36 / 04:08:00 (100%) A-V:  0.000 Dropped: 308 Cache: 23s/16MB
AV: 04:07:36 / 04:08:00 (100%) A-V:  0.000 Dropped: 308 Cache: 22s/16MB
AV: 04:07:37 / 04:08:00 (100%) A-V:  0.000 Dropped: 308 Cache: 22s/16MB
AV: 04:07:37 / 04:08:00 (100%) A-V:  0.000 Dropped: 308 Cache: 21s/16MB
AV: 04:07:37 / 04:08:00 (100%) A-V:  0.000 Dropped: 308 Cache: 21s/15MB
AV: 04:07:38 / 04:08:00 (100%) A-V:  0.000 Dropped: 308 Cache: 21s/15MB
AV: 04:07:38 / 04:08:00 (100%) A-V:  0.000 Dropped: 308 Cache: 20s/15MB
AV: 04:07:39 / 04:08:00 (100%) A-V:  0.000 Dropped: 308 Cache: 20s/15MB
AV: 04:07:39 / 04:08:00 (100%) A-V:  0.000 Dropped: 308 Cache: 20s/14MB
AV: 04:07:39 / 04:08:06 (100%) A-V:  0.000 Dropped: 308 Cache: 26s/19MB
AV: 04:07:39 / 04:08:06 (100%) A-V:  0.000 Dropped: 308 Cache: 26s/18MB
AV: 04:07:39 / 04:08:06 (100%) A-V:  0.000 Dropped: 308 Cache: 25s/18MB
AV: 04:07:40 / 04:08:06 (100%) A-V:  0.000 Dropped: 308 Cache: 25s/18MB
AV: 04:07:40 / 04:08:06 (100%) A-V:  0.000 Dropped: 308 Cache: 24s/18MB
AV: 04:07:41 / 04:08:06 (100%) A-V:  0.000 Dropped: 308 Cache: 24s/18MB
AV: 04:07:41 / 04:08:06 (100%) A-V:  0.000 Dropped: 308 Cache: 24s/17MB
AV: 04:07:41 / 04:08:06 (100%) A-V:  0.000 Dropped: 308 Cache: 23s/17MB
AV: 04:07:42 / 04:08:06 (100%) A-V:  0.000 Dropped: 308 Cache: 23s/17MB
AV: 04:07:42 / 04:08:06 (100%) A-V:  0.000 Dropped: 308 Cache: 23s/16MB
AV: 04:07:42 / 04:08:06 (100%) A-V:  0.000 Dropped: 308 Cache: 22s/16MB
AV: 04:07:43 / 04:08:06 (100%) A-V:  0.000 Dropped: 308 Cache: 22s/16MB
AV: 04:07:43 / 04:08:06 (100%) A-V:  0.000 Dropped: 308 Cache: 21s/16MB
AV: 04:07:43 / 04:08:06 (100%) A-V:  0.000 Dropped: 308 Cache: 21s/15MB
AV: 04:07:44 / 04:08:06 (100%) A-V:  0.000 Dropped: 308 Cache: 21s/15MB
AV: 04:07:44 / 04:08:06 (100%) A-V:  0.000 Dropped: 308 Cache: 20s/15MB
AV: 04:07:45 / 04:08:06 (100%) A-V:  0.000 Dropped: 308 Cache: 20s/15MB
AV: 04:07:45 / 04:08:06 (100%) A-V:  0.000 Dropped: 308 Cache: 20s/14MB
AV: 04:07:45 / 04:08:12 (100%) A-V:  0.000 Dropped: 308 Cache: 26s/19MB
AV: 04:07:45 / 04:08:12 (100%) A-V:  0.000 Dropped: 308 Cache: 26s/18MB
AV: 04:07:45 / 04:08:12 (100%) A-V:  0.000 Dropped: 308 Cache: 25s/18MB
AV: 04:07:46 / 04:08:12 (100%) A-V:  0.000 Dropped: 308 Cache: 25s/18MB
AV: 04:07:46 / 04:08:12 (100%) A-V:  0.000 Dropped: 308 Cache: 24s/18MB
AV: 04:07:47 / 04:08:12 (100%) A-V:  0.000 Dropped: 308 Cache: 24s/18MB
AV: 04:07:47 / 04:08:12 (100%) A-V:  0.000 Dropped: 308 Cache: 24s/17MB
AV: 04:07:47 / 04:08:12 (100%) A-V:  0.000 Dropped: 308 Cache: 23s/17MB
AV: 04:07:48 / 04:08:12 (100%) A-V:  0.000 Dropped: 308 Cache: 23s/17MB
AV: 04:07:48 / 04:08:12 (100%) A-V:  0.000 Dropped: 308 Cache: 23s/16MB
AV: 04:07:48 / 04:08:12 (100%) A-V:  0.000 Dropped: 308 Cache: 22s/16MB
AV: 04:07:49 / 04:08:12 (100%) A-V:  0.000 Dropped: 308 Cache: 22s/16MB
AV: 04:07:49 / 04:08:12 (100%) A-V:  0.000 Dropped: 308 Cache: 21s/16MB
AV: 04:07:49 / 04:08:12 (100%) A-V:  0.000 Dropped: 308 Cache: 21s/15MB
AV: 04:07:50 / 04:08:12 (100%) A-V:  0.000 Dropped: 308 Cache: 21s/15MB
AV: 04:07:50 / 04:08:12 (100%) A-V:  0.000 Dropped: 308 Cache: 20s/15MB
AV: 04:07:51 / 04:08:12 (100%) A-V:  0.000 Dropped: 308 Cache: 20s/15MB
AV: 04:07:51 / 04:08:12 (100%) A-V:  0.000 Dropped: 308 Cache: 20s/14MB
AV: 04:07:51 / 04:08:17 (100%) A-V:  0.000 Dropped: 308 Cache: 26s/19MB
AV: 04:07:51 / 04:08:18 (100%) A-V:  0.000 Dropped: 308 Cache: 26s/19MB
AV: 04:07:51 / 04:08:18 (100%) A-V:  0.000 Dropped: 308 Cache: 25s/18MB
AV: 04:07:52 / 04:08:18 (100%) A-V:  0.000 Dropped: 308 Cache: 25s/18MB
AV: 04:07:52 / 04:08:18 (100%) A-V:  0.000 Dropped: 308 Cache: 24s/18MB
AV: 04:07:52 / 04:08:18 (100%) A-V:  0.000 Dropped: 308 Cache: 24s/17MB
AV: 04:07:53 / 04:08:18 (100%) A-V:  0.000 Dropped: 308 Cache: 24s/17MB
AV: 04:07:53 / 04:08:18 (100%) A-V:  0.000 Dropped: 308 Cache: 23s/17MB
AV: 04:07:54 / 04:08:18 (100%) A-V:  0.000 Dropped: 308 Cache: 23s/17MB
AV: 04:07:54 / 04:08:18 (100%) A-V:  0.000 Dropped: 308 Cache: 23s/16MB
AV: 04:07:54 / 04:08:18 (100%) A-V:  0.000 Dropped: 308 Cache: 22s/16MB
AV: 04:07:55 / 04:08:18 (100%) A-V:  0.000 Dropped: 308 Cache: 22s/16MB
AV: 04:07:55 / 04:08:18 (100%) A-V:  0.000 Dropped: 308 Cache: 22s/15MB
AV: 04:07:55 / 04:08:18 (100%) A-V:  0.000 Dropped: 308 Cache: 21s/15MB
AV: 04:07:56 / 04:08:18 (100%) A-V:  0.000 Dropped: 308 Cache: 21s/15MB
AV: 04:07:56 / 04:08:18 (100%) A-V:  0.000 Dropped: 308 Cache: 20s/15MB
AV: 04:07:56 / 04:08:18 (100%) A-V:  0.000 Dropped: 308 Cache: 20s/14MB
AV: 04:07:57 / 04:08:18 (100%) A-V:  0.000 Dropped: 308 Cache: 20s/14MB
AV: 04:07:57 / 04:08:24 (100%) A-V:  0.000 Dropped: 308 Cache: 26s/18MB
AV: 04:07:57 / 04:08:24 (100%) A-V:  0.000 Dropped: 308 Cache: 25s/18MB
AV: 04:07:58 / 04:08:24 (100%) A-V:  0.000 Dropped: 308 Cache: 25s/18MB
AV: 04:07:58 / 04:08:24 (100%) A-V:  0.000 Dropped: 308 Cache: 24s/17MB
AV: 04:07:59 / 04:08:24 (100%) A-V:  0.000 Dropped: 308 Cache: 24s/17MB
AV: 04:07:59 / 04:08:24 (100%) A-V:  0.000 Dropped: 308 Cache: 23s/17MB
AV: 04:08:00 / 04:08:24 (100%) A-V:  0.000 Dropped: 308 Cache: 23s/17MB
AV: 04:08:00 / 04:08:24 (100%) A-V:  0.000 Dropped: 308 Cache: 23s/16MB
AV: 04:08:00 / 04:08:24 (100%) A-V:  0.000 Dropped: 308 Cache: 22s/16MB
AV: 04:08:01 / 04:08:24 (100%) A-V:  0.000 Dropped: 308 Cache: 22s/16MB
AV: 04:08:01 / 04:08:24 (100%) A-V:  0.000 Dropped: 308 Cache: 21s/16MB
AV: 04:08:01 / 04:08:24 (100%) A-V:  0.000 Dropped: 308 Cache: 21s/15MB
AV: 04:08:02 / 04:08:24 (100%) A-V:  0.000 Dropped: 308 Cache: 21s/15MB
AV: 04:08:02 / 04:08:24 (100%) A-V:  0.000 Dropped: 308 Cache: 20s/15MB
AV: 04:08:03 / 04:08:24 (100%) A-V:  0.000 Dropped: 308 Cache: 20s/15MB
AV: 04:08:03 / 04:08:24 (100%) A-V:  0.000 Dropped: 308 Cache: 20s/14MB
AV: 04:08:03 / 04:08:30 (100%) A-V:  0.000 Dropped: 308 Cache: 26s/18MB
AV: 04:08:03 / 04:08:30 (100%) A-V:  0.000 Dropped: 308 Cache: 25s/18MB
AV: 04:08:04 / 04:08:30 (100%) A-V:  0.000 Dropped: 308 Cache: 25s/18MB
AV: 04:08:04 / 04:08:30 (100%) A-V:  0.000 Dropped: 308 Cache: 25s/17MB
AV: 04:08:04 / 04:08:30 (100%) A-V:  0.000 Dropped: 308 Cache: 24s/17MB
AV: 04:08:05 / 04:08:30 (100%) A-V:  0.000 Dropped: 308 Cache: 24s/17MB
AV: 04:08:05 / 04:08:30 (100%) A-V:  0.000 Dropped: 308 Cache: 23s/17MB
AV: 04:08:05 / 04:08:30 (100%) A-V:  0.000 Dropped: 308 Cache: 23s/16MB
AV: 04:08:06 / 04:08:30 (100%) A-V:  0.000 Dropped: 308 Cache: 23s/16MB
AV: 04:08:06 / 04:08:30 (100%) A-V:  0.000 Dropped: 308 Cache: 22s/16MB
AV: 04:08:07 / 04:08:30 (100%) A-V:  0.000 Dropped: 308 Cache: 22s/16MB
AV: 04:08:07 / 04:08:30 (100%) A-V:  0.000 Dropped: 308 Cache: 22s/15MB
AV: 04:08:07 / 04:08:30 (100%) A-V:  0.000 Dropped: 308 Cache: 21s/15MB
AV: 04:08:08 / 04:08:30 (100%) A-V:  0.000 Dropped: 308 Cache: 21s/15MB
AV: 04:08:08 / 04:08:30 (100%) A-V:  0.000 Dropped: 308 Cache: 20s/15MB
AV: 04:08:08 / 04:08:30 (100%) A-V:  0.000 Dropped: 308 Cache: 20s/14MB
AV: 04:08:09 / 04:08:30 (100%) A-V:  0.000 Dropped: 308 Cache: 20s/14MB
AV: 04:08:09 / 04:08:30 (100%) A-V:  0.000 Dropped: 308 Cache: 19s/14MB
AV: 04:08:09 / 04:08:36 (100%) A-V:  0.000 Dropped: 308 Cache: 25s/18MB
AV: 04:08:10 / 04:08:36 (100%) A-V:  0.000 Dropped: 308 Cache: 25s/18MB
AV: 04:08:10 / 04:08:36 (100%) A-V:  0.000 Dropped: 308 Cache: 24s/18MB
AV: 04:08:11 / 04:08:36 (100%) A-V:  0.000 Dropped: 308 Cache: 24s/18MB
AV: 04:08:11 / 04:08:36 (100%) A-V:  0.000 Dropped: 308 Cache: 24s/17MB
AV: 04:08:11 / 04:08:36 (100%) A-V:  0.000 Dropped: 308 Cache: 23s/17MB
AV: 04:08:12 / 04:08:36 (100%) A-V:  0.000 Dropped: 308 Cache: 23s/17MB
AV: 04:08:12 / 04:08:36 (100%) A-V:  0.000 Dropped: 308 Cache: 23s/16MB
AV: 04:08:12 / 04:08:36 (100%) A-V:  0.000 Dropped: 308 Cache: 22s/16MB
AV: 04:08:13 / 04:08:36 (100%) A-V:  0.000 Dropped: 308 Cache: 22s/16MB
AV: 04:08:13 / 04:08:36 (100%) A-V:  0.000 Dropped: 308 Cache: 21s/16MB
AV: 04:08:13 / 04:08:36 (100%) A-V:  0.000 Dropped: 308 Cache: 21s/15MB
AV: 04:08:14 / 04:08:36 (100%) A-V:  0.000 Dropped: 308 Cache: 21s/15MB
AV: 04:08:14 / 04:08:36 (100%) A-V:  0.000 Dropped: 308 Cache: 20s/15MB
AV: 04:08:15 / 04:08:36 (100%) A-V:  0.000 Dropped: 308 Cache: 20s/15MB
AV: 04:08:15 / 04:08:36 (100%) A-V:  0.000 Dropped: 308 Cache: 20s/14MB
AV: 04:08:15 / 04:08:36 (100%) A-V:  0.000 Dropped: 308 Cache: 19s/14MB
AV: 04:08:16 / 04:08:36 (100%) A-V:  0.000 Dropped: 308 Cache: 19s/14MB
AV: 04:08:16 / 04:08:42 (100%) A-V:  0.000 Dropped: 308 Cache: 25s/18MB
AV: 04:08:16 / 04:08:42 (100%) A-V:  0.000 Dropped: 308 Cache: 24s/18MB
AV: 04:08:16 / 04:08:42 (100%) A-V:  0.000 Dropped: 308 Cache: 24s/17MB
AV: 04:08:17 / 04:08:42 (100%) A-V:  0.000 Dropped: 308 Cache: 24s/17MB
AV: 04:08:17 / 04:08:42 (100%) A-V:  0.000 Dropped: 308 Cache: 23s/17MB
AV: 04:08:18 / 04:08:42 (100%) A-V:  0.000 Dropped: 308 Cache: 23s/17MB
AV: 04:08:18 / 04:08:42 (100%) A-V:  0.000 Dropped: 308 Cache: 23s/16MB
AV: 04:08:18 / 04:08:42 (100%) A-V:  0.000 Dropped: 308 Cache: 22s/16MB
AV: 04:08:19 / 04:08:42 (100%) A-V:  0.000 Dropped: 308 Cache: 22s/16MB
AV: 04:08:19 / 04:08:42 (100%) A-V:  0.000 Dropped: 308 Cache: 22s/15MB
AV: 04:08:19 / 04:08:42 (100%) A-V:  0.000 Dropped: 308 Cache: 21s/15MB
AV: 04:08:20 / 04:08:42 (100%) A-V:  0.000 Dropped: 308 Cache: 21s/15MB
AV: 04:08:20 / 04:08:42 (100%) A-V:  0.000 Dropped: 308 Cache: 20s/15MB
AV: 04:08:20 / 04:08:42 (100%) A-V:  0.000 Dropped: 308 Cache: 20s/14MB
AV: 04:08:21 / 04:08:42 (100%) A-V:  0.000 Dropped: 308 Cache: 20s/14MB
AV: 04:08:21 / 04:08:42 (100%) A-V:  0.000 Dropped: 308 Cache: 19s/14MB
AV: 04:08:22 / 04:08:42 (100%) A-V:  0.000 Dropped: 308 Cache: 19s/14MB
AV: 04:08:22 / 04:08:42 (100%) A-V:  0.000 Dropped: 308 Cache: 19s/13MB
AV: 04:08:22 / 04:08:44 (100%) A-V:  0.000 Dropped: 308 Cache: 21s/15MB
AV: 04:08:22 / 04:08:48 (100%) A-V:  0.000 Dropped: 308 Cache: 25s/18MB
AV: 04:08:22 / 04:08:48 (100%) A-V:  0.000 Dropped: 308 Cache: 25s/17MB
AV: 04:08:22 / 04:08:48 (100%) A-V:  0.000 Dropped: 308 Cache: 24s/17MB
AV: 04:08:23 / 04:08:48 (100%) A-V:  0.000 Dropped: 308 Cache: 24s/17MB
AV: 04:08:23 / 04:08:48 (100%) A-V:  0.000 Dropped: 308 Cache: 23s/17MB
AV: 04:08:23 / 04:08:48 (100%) A-V:  0.000 Dropped: 308 Cache: 23s/16MB
AV: 04:08:24 / 04:08:48 (100%) A-V:  0.000 Dropped: 308 Cache: 23s/16MB
AV: 04:08:24 / 04:08:48 (100%) A-V:  0.000 Dropped: 308 Cache: 22s/16MB
AV: 04:08:25 / 04:08:48 (100%) A-V:  0.000 Dropped: 308 Cache: 22s/16MB
AV: 04:08:25 / 04:08:48 (100%) A-V:  0.000 Dropped: 308 Cache: 22s/15MB
AV: 04:08:25 / 04:08:48 (100%) A-V:  0.000 Dropped: 308 Cache: 21s/15MB
AV: 04:08:26 / 04:08:48 (100%) A-V:  0.000 Dropped: 308 Cache: 21s/15MB
AV: 04:08:26 / 04:08:48 (100%) A-V:  0.000 Dropped: 308 Cache: 20s/15MB
AV: 04:08:27 / 04:08:48 (100%) A-V:  0.000 Dropped: 308 Cache: 20s/15MB
AV: 04:08:27 / 04:08:48 (100%) A-V:  0.000 Dropped: 308 Cache: 20s/14MB
AV: 04:08:27 / 04:08:48 (100%) A-V:  0.000 Dropped: 308 Cache: 19s/14MB
AV: 04:08:28 / 04:08:48 (100%) A-V:  0.000 Dropped: 308 Cache: 19s/14MB
AV: 04:08:28 / 04:08:48 (100%) A-V:  0.000 Dropped: 308 Cache: 19s/13MB
AV: 04:08:28 / 04:08:54 (100%) A-V:  0.000 Dropped: 308 Cache: 25s/18MB
AV: 04:08:28 / 04:08:54 (100%) A-V:  0.000 Dropped: 308 Cache: 24s/18MB
AV: 04:08:28 / 04:08:54 (100%) A-V:  0.000 Dropped: 308 Cache: 24s/17MB
AV: 04:08:29 / 04:08:54 (100%) A-V:  0.000 Dropped: 308 Cache: 24s/17MB
AV: 04:08:29 / 04:08:54 (100%) A-V:  0.000 Dropped: 308 Cache: 23s/17MB
AV: 04:08:30 / 04:08:54 (100%) A-V:  0.000 Dropped: 308 Cache: 23s/17MB
AV: 04:08:30 / 04:08:54 (100%) A-V:  0.000 Dropped: 308 Cache: 23s/16MB
AV: 04:08:30 / 04:08:54 (100%) A-V:  0.000 Dropped: 308 Cache: 22s/16MB
AV: 04:08:31 / 04:08:54 (100%) A-V:  0.000 Dropped: 308 Cache: 22s/16MB
AV: 04:08:31 / 04:08:54 (100%) A-V:  0.000 Dropped: 308 Cache: 22s/15MB
AV: 04:08:31 / 04:08:54 (100%) A-V:  0.000 Dropped: 308 Cache: 21s/15MB
AV: 04:08:32 / 04:08:54 (100%) A-V:  0.000 Dropped: 308 Cache: 21s/15MB
AV: 04:08:32 / 04:08:54 (100%) A-V:  0.000 Dropped: 308 Cache: 20s/15MB
AV: 04:08:32 / 04:08:54 (100%) A-V:  0.000 Dropped: 308 Cache: 20s/14MB
AV: 04:08:33 / 04:08:54 (100%) A-V:  0.000 Dropped: 308 Cache: 20s/14MB
AV: 04:08:33 / 04:08:54 (100%) A-V:  0.000 Dropped: 308 Cache: 19s/14MB
AV: 04:08:34 / 04:08:54 (100%) A-V:  0.000 Dropped: 308 Cache: 19s/14MB
AV: 04:08:34 / 04:08:54 (100%) A-V:  0.000 Dropped: 308 Cache: 19s/13MB
AV: 04:08:34 / 04:09:00 (100%) A-V:  0.000 Dropped: 308 Cache: 25s/17MB
AV: 04:08:34 / 04:09:00 (100%) A-V:  0.000 Dropped: 308 Cache: 24s/17MB
AV: 04:08:35 / 04:09:00 (100%) A-V:  0.000 Dropped: 308 Cache: 24s/17MB
AV: 04:08:35 / 04:09:00 (100%) A-V:  0.000 Dropped: 308 Cache: 23s/17MB
AV: 04:08:35 / 04:09:00 (100%) A-V:  0.000 Dropped: 308 Cache: 23s/16MB
AV: 04:08:36 / 04:09:00 (100%) A-V:  0.000 Dropped: 308 Cache: 23s/16MB
AV: 04:08:36 / 04:09:00 (100%) A-V:  0.000 Dropped: 308 Cache: 22s/16MB
AV: 04:08:37 / 04:09:00 (100%) A-V:  0.000 Dropped: 308 Cache: 22s/16MB
AV: 04:08:37 / 04:09:00 (100%) A-V:  0.000 Dropped: 308 Cache: 22s/15MB
AV: 04:08:37 / 04:09:00 (100%) A-V:  0.000 Dropped: 308 Cache: 21s/15MB
AV: 04:08:38 / 04:09:00 (100%) A-V:  0.000 Dropped: 308 Cache: 21s/15MB
AV: 04:08:38 / 04:09:00 (100%) A-V:  0.000 Dropped: 308 Cache: 21s/14MB
AV: 04:08:38 / 04:09:00 (100%) A-V:  0.000 Dropped: 308 Cache: 20s/14MB
AV: 04:08:39 / 04:09:00 (100%) A-V:  0.000 Dropped: 308 Cache: 20s/14MB
AV: 04:08:39 / 04:09:00 (100%) A-V:  0.000 Dropped: 308 Cache: 19s/14MB
AV: 04:08:40 / 04:09:00 (100%) A-V:  0.000 Dropped: 308 Cache: 19s/14MB
AV: 04:08:40 / 04:09:00 (100%) A-V:  0.000 Dropped: 308 Cache: 19s/13MB
AV: 04:08:40 / 04:09:00 (100%) A-V:  0.000 Dropped: 308 Cache: 18s/13MB
AV: 04:08:40 / 04:09:06 (100%) A-V:  0.000 Dropped: 308 Cache: 24s/18MB
AV: 04:08:40 / 04:09:06 (100%) A-V:  0.000 Dropped: 308 Cache: 24s/17MB
AV: 04:08:41 / 04:09:06 (100%) A-V:  0.000 Dropped: 308 Cache: 24s/17MB
AV: 04:08:41 / 04:09:06 (100%) A-V:  0.000 Dropped: 308 Cache: 23s/17MB
AV: 04:08:42 / 04:09:06 (100%) A-V:  0.000 Dropped: 308 Cache: 23s/17MB
AV: 04:08:42 / 04:09:06 (100%) A-V:  0.000 Dropped: 308 Cache: 23s/16MB
AV: 04:08:42 / 04:09:06 (100%) A-V:  0.000 Dropped: 308 Cache: 22s/16MB
AV: 04:08:43 / 04:09:06 (100%) A-V:  0.000 Dropped: 308 Cache: 22s/16MB
AV: 04:08:43 / 04:09:06 (100%) A-V:  0.000 Dropped: 308 Cache: 21s/16MB
AV: 04:08:43 / 04:09:06 (100%) A-V:  0.000 Dropped: 308 Cache: 21s/15MB
AV: 04:08:44 / 04:09:06 (100%) A-V:  0.000 Dropped: 308 Cache: 21s/15MB
AV: 04:08:44 / 04:09:06 (100%) A-V:  0.000 Dropped: 308 Cache: 20s/15MB
AV: 04:08:45 / 04:09:06 (100%) A-V:  0.000 Dropped: 308 Cache: 20s/15MB
AV: 04:08:45 / 04:09:06 (100%) A-V:  0.000 Dropped: 308 Cache: 20s/14MB
AV: 04:08:45 / 04:09:06 (100%) A-V:  0.000 Dropped: 308 Cache: 19s/14MB
AV: 04:08:46 / 04:09:06 (100%) A-V:  0.000 Dropped: 308 Cache: 19s/14MB
AV: 04:08:46 / 04:09:06 (100%) A-V:  0.000 Dropped: 308 Cache: 19s/13MB
AV: 04:08:46 / 04:09:06 (100%) A-V:  0.000 Dropped: 308 Cache: 18s/13MB
AV: 04:08:47 / 04:09:06 (100%) A-V:  0.000 Dropped: 308 Cache: 18s/13MB
AV: 04:08:47 / 04:09:12 (100%) A-V:  0.000 Dropped: 308 Cache: 24s/18MB
AV: 04:08:47 / 04:09:12 (100%) A-V:  0.000 Dropped: 308 Cache: 24s/17MB
AV: 04:08:47 / 04:09:12 (100%) A-V:  0.000 Dropped: 308 Cache: 23s/17MB
AV: 04:08:48 / 04:09:12 (100%) A-V:  0.000 Dropped: 308 Cache: 23s/17MB
AV: 04:08:48 / 04:09:12 (100%) A-V:  0.000 Dropped: 308 Cache: 23s/16MB
AV: 04:08:48 / 04:09:12 (100%) A-V:  0.000 Dropped: 308 Cache: 22s/16MB
AV: 04:08:49 / 04:09:12 (100%) A-V:  0.000 Dropped: 308 Cache: 22s/16MB
AV: 04:08:49 / 04:09:12 (100%) A-V:  0.000 Dropped: 308 Cache: 21s/16MB
AV: 04:08:49 / 04:09:12 (100%) A-V:  0.000 Dropped: 308 Cache: 21s/15MB
AV: 04:08:50 / 04:09:12 (100%) A-V:  0.000 Dropped: 308 Cache: 21s/15MB
AV: 04:08:50 / 04:09:12 (100%) A-V:  0.000 Dropped: 308 Cache: 20s/15MB
AV: 04:08:51 / 04:09:12 (100%) A-V:  0.000 Dropped: 308 Cache: 20s/15MB
AV: 04:08:51 / 04:09:12 (100%) A-V:  0.000 Dropped: 308 Cache: 20s/14MB
AV: 04:08:51 / 04:09:12 (100%) A-V:  0.000 Dropped: 308 Cache: 19s/14MB
AV: 04:08:52 / 04:09:12 (100%) A-V:  0.000 Dropped: 308 Cache: 19s/14MB
AV: 04:08:52 / 04:09:12 (100%) A-V:  0.000 Dropped: 308 Cache: 19s/13MB
AV: 04:08:52 / 04:09:12 (100%) A-V:  0.000 Dropped: 308 Cache: 18s/13MB
AV: 04:08:53 / 04:09:12 (100%) A-V:  0.000 Dropped: 308 Cache: 18s/13MB
AV: 04:08:53 / 04:09:12 (100%) A-V:  0.000 Dropped: 308 Cache: 19s/14MB
AV: 04:08:53 / 04:09:18 (100%) A-V:  0.000 Dropped: 308 Cache: 24s/17MB
AV: 04:08:53 / 04:09:18 (100%) A-V:  0.000 Dropped: 308 Cache: 23s/17MB
AV: 04:08:53 / 04:09:18 (100%) A-V:  0.000 Dropped: 308 Cache: 23s/16MB
AV: 04:08:54 / 04:09:18 (100%) A-V:  0.000 Dropped: 308 Cache: 23s/16MB
AV: 04:08:54 / 04:09:18 (100%) A-V:  0.000 Dropped: 308 Cache: 22s/16MB
AV: 04:08:55 / 04:09:18 (100%) A-V:  0.000 Dropped: 308 Cache: 22s/16MB
AV: 04:08:55 / 04:09:18 (100%) A-V:  0.000 Dropped: 308 Cache: 22s/15MB
AV: 04:08:55 / 04:09:18 (100%) A-V:  0.000 Dropped: 308 Cache: 21s/15MB
AV: 04:08:56 / 04:09:18 (100%) A-V:  0.000 Dropped: 308 Cache: 21s/15MB
AV: 04:08:56 / 04:09:18 (100%) A-V:  0.000 Dropped: 308 Cache: 20s/14MB
AV: 04:08:57 / 04:09:18 (100%) A-V:  0.000 Dropped: 308 Cache: 20s/14MB
AV: 04:08:57 / 04:09:18 (100%) A-V:  0.000 Dropped: 308 Cache: 19s/14MB
AV: 04:08:58 / 04:09:18 (100%) A-V:  0.000 Dropped: 308 Cache: 19s/14MB
AV: 04:08:58 / 04:09:18 (100%) A-V:  0.000 Dropped: 308 Cache: 19s/13MB
AV: 04:08:58 / 04:09:18 (100%) A-V:  0.000 Dropped: 308 Cache: 18s/13MB
AV: 04:08:59 / 04:09:18 (100%) A-V:  0.000 Dropped: 308 Cache: 18s/13MB
AV: 04:08:59 / 04:09:21 (100%) A-V:  0.000 Dropped: 308 Cache: 21s/15MB
AV: 04:08:59 / 04:09:24 (100%) A-V:  0.000 Dropped: 308 Cache: 24s/17MB
AV: 04:08:59 / 04:09:24 (100%) A-V:  0.000 Dropped: 308 Cache: 23s/17MB
AV: 04:08:59 / 04:09:24 (100%) A-V:  0.000 Dropped: 308 Cache: 23s/16MB
AV: 04:09:00 / 04:09:24 (100%) A-V:  0.000 Dropped: 308 Cache: 23s/16MB
AV: 04:09:00 / 04:09:24 (100%) A-V:  0.000 Dropped: 308 Cache: 22s/16MB
AV: 04:09:01 / 04:09:24 (100%) A-V:  0.000 Dropped: 308 Cache: 22s/16MB
AV: 04:09:01 / 04:09:24 (100%) A-V:  0.000 Dropped: 308 Cache: 22s/15MB
AV: 04:09:01 / 04:09:24 (100%) A-V:  0.000 Dropped: 308 Cache: 21s/15MB
AV: 04:09:02 / 04:09:24 (100%) A-V:  0.000 Dropped: 308 Cache: 21s/15MB
AV: 04:09:02 / 04:09:24 (100%) A-V:  0.000 Dropped: 308 Cache: 20s/15MB
AV: 04:09:02 / 04:09:24 (100%) A-V:  0.000 Dropped: 308 Cache: 20s/14MB
AV: 04:09:03 / 04:09:24 (100%) A-V:  0.000 Dropped: 308 Cache: 20s/14MB
AV: 04:09:03 / 04:09:24 (100%) A-V:  0.000 Dropped: 308 Cache: 19s/14MB
AV: 04:09:04 / 04:09:24 (100%) A-V:  0.000 Dropped: 308 Cache: 19s/14MB
AV: 04:09:04 / 04:09:24 (100%) A-V:  0.000 Dropped: 308 Cache: 19s/13MB
AV: 04:09:04 / 04:09:24 (100%) A-V:  0.000 Dropped: 308 Cache: 18s/13MB
AV: 04:09:05 / 04:09:24 (100%) A-V:  0.000 Dropped: 308 Cache: 18s/13MB
AV: 04:09:05 / 04:09:30 (100%) A-V:  0.000 Dropped: 308 Cache: 24s/17MB
AV: 04:09:05 / 04:09:30 (100%) A-V:  0.000 Dropped: 308 Cache: 23s/17MB
AV: 04:09:06 / 04:09:30 (100%) A-V:  0.000 Dropped: 308 Cache: 23s/17MB
AV: 04:09:06 / 04:09:30 (100%) A-V:  0.000 Dropped: 308 Cache: 23s/16MB
AV: 04:09:06 / 04:09:30 (100%) A-V:  0.000 Dropped: 308 Cache: 22s/16MB
AV: 04:09:07 / 04:09:30 (100%) A-V:  0.000 Dropped: 308 Cache: 22s/16MB
AV: 04:09:07 / 04:09:30 (100%) A-V:  0.000 Dropped: 308 Cache: 22s/15MB
AV: 04:09:07 / 04:09:30 (100%) A-V:  0.000 Dropped: 308 Cache: 21s/15MB
AV: 04:09:08 / 04:09:30 (100%) A-V:  0.000 Dropped: 308 Cache: 21s/15MB
AV: 04:09:08 / 04:09:30 (100%) A-V:  0.000 Dropped: 308 Cache: 20s/15MB
AV: 04:09:08 / 04:09:30 (100%) A-V:  0.000 Dropped: 308 Cache: 20s/14MB
AV: 04:09:09 / 04:09:30 (100%) A-V:  0.000 Dropped: 308 Cache: 20s/14MB
AV: 04:09:09 / 04:09:30 (100%) A-V:  0.000 Dropped: 308 Cache: 19s/14MB
AV: 04:09:09 / 04:09:30 (100%) A-V:  0.000 Dropped: 308 Cache: 19s/13MB
AV: 04:09:10 / 04:09:30 (100%) A-V:  0.000 Dropped: 308 Cache: 19s/13MB
AV: 04:09:10 / 04:09:30 (100%) A-V:  0.000 Dropped: 308 Cache: 18s/13MB
AV: 04:09:11 / 04:09:30 (100%) A-V:  0.000 Dropped: 308 Cache: 18s/13MB
AV: 04:09:11 / 04:09:30 (100%) A-V:  0.000 Dropped: 308 Cache: 18s/12MB
AV: 04:09:11 / 04:09:36 (100%) A-V:  0.000 Dropped: 308 Cache: 24s/17MB
AV: 04:09:11 / 04:09:36 (100%) A-V:  0.000 Dropped: 308 Cache: 23s/17MB
AV: 04:09:11 / 04:09:36 (100%) A-V:  0.000 Dropped: 308 Cache: 23s/16MB
AV: 04:09:12 / 04:09:36 (100%) A-V:  0.000 Dropped: 308 Cache: 23s/16MB
AV: 04:09:12 / 04:09:36 (100%) A-V:  0.000 Dropped: 308 Cache: 22s/16MB
AV: 04:09:13 / 04:09:36 (100%) A-V:  0.000 Dropped: 308 Cache: 22s/16MB
AV: 04:09:13 / 04:09:36 (100%) A-V:  0.000 Dropped: 308 Cache: 22s/15MB
AV: 04:09:13 / 04:09:36 (100%) A-V:  0.000 Dropped: 308 Cache: 21s/15MB
AV: 04:09:14 / 04:09:36 (100%) A-V:  0.000 Dropped: 308 Cache: 21s/15MB
AV: 04:09:14 / 04:09:36 (100%) A-V:  0.000 Dropped: 308 Cache: 20s/15MB
AV: 04:09:14 / 04:09:36 (100%) A-V:  0.000 Dropped: 308 Cache: 20s/14MB
AV: 04:09:15 / 04:09:36 (100%) A-V:  0.000 Dropped: 308 Cache: 20s/14MB
AV: 04:09:15 / 04:09:36 (100%) A-V:  0.000 Dropped: 308 Cache: 19s/14MB
AV: 04:09:16 / 04:09:36 (100%) A-V:  0.000 Dropped: 308 Cache: 19s/14MB
AV: 04:09:16 / 04:09:36 (100%) A-V:  0.000 Dropped: 308 Cache: 19s/13MB
AV: 04:09:16 / 04:09:36 (100%) A-V:  0.000 Dropped: 308 Cache: 18s/13MB
AV: 04:09:17 / 04:09:36 (100%) A-V:  0.000 Dropped: 308 Cache: 18s/13MB
AV: 04:09:17 / 04:09:42 (100%) A-V:  0.000 Dropped: 308 Cache: 24s/17MB
AV: 04:09:17 / 04:09:42 (100%) A-V:  0.000 Dropped: 308 Cache: 23s/17MB
AV: 04:09:18 / 04:09:42 (100%) A-V:  0.000 Dropped: 308 Cache: 23s/17MB
AV: 04:09:18 / 04:09:42 (100%) A-V:  0.000 Dropped: 308 Cache: 23s/16MB
AV: 04:09:18 / 04:09:42 (100%) A-V:  0.000 Dropped: 308 Cache: 22s/16MB
AV: 04:09:19 / 04:09:42 (100%) A-V:  0.000 Dropped: 308 Cache: 22s/16MB
AV: 04:09:19 / 04:09:42 (100%) A-V:  0.000 Dropped: 308 Cache: 22s/15MB
AV: 04:09:19 / 04:09:42 (100%) A-V:  0.000 Dropped: 308 Cache: 21s/15MB
AV: 04:09:20 / 04:09:42 (100%) A-V:  0.000 Dropped: 308 Cache: 21s/15MB
AV: 04:09:20 / 04:09:42 (100%) A-V:  0.000 Dropped: 308 Cache: 20s/15MB
AV: 04:09:20 / 04:09:42 (100%) A-V:  0.000 Dropped: 308 Cache: 20s/14MB
AV: 04:09:21 / 04:09:42 (100%) A-V:  0.000 Dropped: 308 Cache: 20s/14MB
AV: 04:09:21 / 04:09:42 (100%) A-V:  0.000 Dropped: 308 Cache: 19s/14MB
AV: 04:09:22 / 04:09:42 (100%) A-V:  0.000 Dropped: 308 Cache: 19s/14MB
AV: 04:09:22 / 04:09:42 (100%) A-V:  0.000 Dropped: 308 Cache: 19s/13MB
AV: 04:09:22 / 04:09:42 (100%) A-V:  0.000 Dropped: 308 Cache: 18s/13MB
AV: 04:09:23 / 04:09:42 (100%) A-V:  0.000 Dropped: 308 Cache: 18s/13MB
AV: 04:09:23 / 04:09:42 (100%) A-V:  0.000 Dropped: 308 Cache: 17s/13MB
AV: 04:09:23 / 04:09:42 (100%) A-V:  0.000 Dropped: 308 Cache: 17s/12MB
AV: 04:09:23 / 04:09:48 (100%) A-V:  0.000 Dropped: 308 Cache: 23s/17MB
AV: 04:09:24 / 04:09:48 (100%) A-V:  0.000 Dropped: 308 Cache: 23s/17MB
AV: 04:09:24 / 04:09:48 (100%) A-V:  0.000 Dropped: 308 Cache: 23s/16MB
AV: 04:09:24 / 04:09:48 (100%) A-V:  0.000 Dropped: 308 Cache: 22s/16MB
AV: 04:09:25 / 04:09:48 (100%) A-V:  0.000 Dropped: 308 Cache: 22s/16MB
AV: 04:09:25 / 04:09:48 (100%) A-V:  0.000 Dropped: 308 Cache: 21s/16MB
AV: 04:09:26 / 04:09:48 (100%) A-V:  0.000 Dropped: 308 Cache: 21s/16MB
AV: 04:09:26 / 04:09:48 (100%) A-V:  0.000 Dropped: 308 Cache: 21s/15MB
AV: 04:09:26 / 04:09:48 (100%) A-V:  0.000 Dropped: 308 Cache: 20s/15MB
AV: 04:09:27 / 04:09:48 (100%) A-V:  0.000 Dropped: 308 Cache: 20s/15MB
AV: 04:09:27 / 04:09:48 (100%) A-V:  0.000 Dropped: 308 Cache: 20s/14MB
AV: 04:09:27 / 04:09:48 (100%) A-V:  0.000 Dropped: 308 Cache: 19s/14MB
AV: 04:09:28 / 04:09:48 (100%) A-V:  0.000 Dropped: 308 Cache: 19s/14MB
AV: 04:09:28 / 04:09:48 (100%) A-V:  0.000 Dropped: 308 Cache: 19s/13MB
AV: 04:09:28 / 04:09:48 (100%) A-V:  0.000 Dropped: 308 Cache: 18s/13MB
AV: 04:09:29 / 04:09:48 (100%) A-V:  0.000 Dropped: 308 Cache: 18s/13MB
AV: 04:09:29 / 04:09:48 (100%) A-V:  0.000 Dropped: 308 Cache: 17s/13MB
AV: 04:09:30 / 04:09:48 (100%) A-V:  0.000 Dropped: 308 Cache: 17s/13MB
AV: 04:09:30 / 04:09:54 (100%) A-V:  0.000 Dropped: 308 Cache: 23s/17MB
AV: 04:09:30 / 04:09:54 (100%) A-V:  0.000 Dropped: 308 Cache: 23s/16MB
AV: 04:09:30 / 04:09:54 (100%) A-V:  0.000 Dropped: 308 Cache: 22s/16MB
AV: 04:09:31 / 04:09:54 (100%) A-V:  0.000 Dropped: 308 Cache: 22s/16MB
AV: 04:09:31 / 04:09:54 (100%) A-V:  0.000 Dropped: 308 Cache: 21s/16MB
AV: 04:09:31 / 04:09:54 (100%) A-V:  0.000 Dropped: 308 Cache: 21s/15MB
AV: 04:09:32 / 04:09:54 (100%) A-V:  0.000 Dropped: 308 Cache: 21s/15MB
AV: 04:09:32 / 04:09:54 (100%) A-V:  0.000 Dropped: 308 Cache: 20s/15MB
AV: 04:09:33 / 04:09:54 (100%) A-V:  0.000 Dropped: 308 Cache: 20s/15MB
AV: 04:09:33 / 04:09:54 (100%) A-V:  0.000 Dropped: 308 Cache: 20s/14MB
AV: 04:09:33 / 04:09:54 (100%) A-V:  0.000 Dropped: 308 Cache: 19s/14MB
AV: 04:09:34 / 04:09:54 (100%) A-V:  0.000 Dropped: 308 Cache: 19s/14MB
AV: 04:09:34 / 04:09:54 (100%) A-V:  0.000 Dropped: 308 Cache: 19s/13MB
AV: 04:09:34 / 04:09:54 (100%) A-V:  0.000 Dropped: 308 Cache: 18s/13MB
AV: 04:09:35 / 04:09:54 (100%) A-V:  0.000 Dropped: 308 Cache: 18s/13MB
AV: 04:09:35 / 04:09:54 (100%) A-V:  0.000 Dropped: 308 Cache: 17s/13MB
AV: 04:09:35 / 04:09:54 (100%) A-V:  0.000 Dropped: 308 Cache: 17s/12MB
AV: 04:09:36 / 04:09:54 (100%) A-V:  0.000 Dropped: 308 Cache: 17s/12MB
AV: 04:09:36 / 04:10:00 (100%) A-V:  0.000 Dropped: 308 Cache: 23s/16MB
AV: 04:09:36 / 04:10:00 (100%) A-V:  0.000 Dropped: 308 Cache: 22s/16MB
AV: 04:09:37 / 04:10:00 (100%) A-V:  0.000 Dropped: 308 Cache: 22s/16MB
AV: 04:09:37 / 04:10:00 (100%) A-V:  0.000 Dropped: 308 Cache: 22s/15MB
AV: 04:09:37 / 04:10:00 (100%) A-V:  0.000 Dropped: 308 Cache: 21s/15MB
AV: 04:09:38 / 04:10:00 (100%) A-V:  0.000 Dropped: 308 Cache: 21s/15MB
AV: 04:09:38 / 04:10:00 (100%) A-V:  0.000 Dropped: 308 Cache: 20s/15MB
AV: 04:09:38 / 04:10:00 (100%) A-V:  0.000 Dropped: 308 Cache: 20s/14MB
AV: 04:09:39 / 04:10:00 (100%) A-V:  0.000 Dropped: 308 Cache: 20s/14MB
AV: 04:09:39 / 04:10:00 (100%) A-V:  0.000 Dropped: 308 Cache: 19s/14MB
AV: 04:09:40 / 04:10:00 (100%) A-V:  0.000 Dropped: 308 Cache: 19s/14MB
AV: 04:09:40 / 04:10:00 (100%) A-V:  0.000 Dropped: 308 Cache: 19s/13MB
AV: 04:09:40 / 04:10:00 (100%) A-V:  0.000 Dropped: 308 Cache: 18s/13MB
AV: 04:09:41 / 04:10:00 (100%) A-V:  0.000 Dropped: 308 Cache: 18s/13MB
AV: 04:09:41 / 04:10:00 (100%) A-V:  0.000 Dropped: 308 Cache: 17s/13MB
AV: 04:09:41 / 04:10:00 (100%) A-V:  0.000 Dropped: 308 Cache: 17s/12MB
AV: 04:09:42 / 04:10:00 (100%) A-V:  0.000 Dropped: 308 Cache: 17s/12MB
AV: 04:09:42 / 04:10:06 (100%) A-V:  0.000 Dropped: 308 Cache: 23s/16MB
AV: 04:09:42 / 04:10:06 (100%) A-V:  0.000 Dropped: 308 Cache: 22s/16MB
AV: 04:09:43 / 04:10:06 (100%) A-V:  0.000 Dropped: 308 Cache: 22s/16MB
AV: 04:09:43 / 04:10:06 (100%) A-V:  0.000 Dropped: 308 Cache: 22s/15MB
AV: 04:09:43 / 04:10:06 (100%) A-V:  0.000 Dropped: 308 Cache: 21s/15MB
AV: 04:09:44 / 04:10:06 (100%) A-V:  0.000 Dropped: 308 Cache: 21s/15MB
AV: 04:09:44 / 04:10:06 (100%) A-V:  0.000 Dropped: 308 Cache: 20s/15MB
AV: 04:09:44 / 04:10:06 (100%) A-V:  0.000 Dropped: 308 Cache: 20s/14MB
AV: 04:09:45 / 04:10:06 (100%) A-V:  0.000 Dropped: 308 Cache: 20s/14MB
AV: 04:09:45 / 04:10:06 (100%) A-V:  0.000 Dropped: 308 Cache: 19s/14MB
AV: 04:09:45 / 04:10:06 (100%) A-V:  0.000 Dropped: 308 Cache: 19s/13MB
AV: 04:09:46 / 04:10:06 (100%) A-V:  0.000 Dropped: 308 Cache: 19s/13MB
AV: 04:09:46 / 04:10:06 (100%) A-V:  0.000 Dropped: 308 Cache: 18s/13MB
AV: 04:09:47 / 04:10:06 (100%) A-V:  0.000 Dropped: 308 Cache: 18s/13MB
AV: 04:09:47 / 04:10:06 (100%) A-V:  0.000 Dropped: 308 Cache: 18s/12MB
AV: 04:09:47 / 04:10:06 (100%) A-V:  0.000 Dropped: 308 Cache: 17s/12MB
AV: 04:09:48 / 04:10:06 (100%) A-V:  0.000 Dropped: 308 Cache: 17s/12MB
AV: 04:09:48 / 04:10:12 (100%) A-V:  0.000 Dropped: 308 Cache: 23s/16MB
AV: 04:09:48 / 04:10:12 (100%) A-V:  0.000 Dropped: 308 Cache: 22s/16MB
AV: 04:09:49 / 04:10:12 (100%) A-V:  0.000 Dropped: 308 Cache: 22s/16MB
AV: 04:09:49 / 04:10:12 (100%) A-V:  0.000 Dropped: 308 Cache: 21s/16MB
AV: 04:09:49 / 04:10:12 (100%) A-V:  0.000 Dropped: 308 Cache: 21s/15MB
AV: 04:09:50 / 04:10:12 (100%) A-V:  0.000 Dropped: 308 Cache: 21s/15MB
AV: 04:09:50 / 04:10:12 (100%) A-V:  0.000 Dropped: 308 Cache: 20s/15MB
AV: 04:09:51 / 04:10:12 (100%) A-V:  0.000 Dropped: 308 Cache: 20s/15MB
AV: 04:09:51 / 04:10:12 (100%) A-V:  0.000 Dropped: 308 Cache: 20s/14MB
AV: 04:09:51 / 04:10:12 (100%) A-V:  0.000 Dropped: 308 Cache: 19s/14MB
AV: 04:09:52 / 04:10:12 (100%) A-V:  0.000 Dropped: 308 Cache: 19s/14MB
AV: 04:09:52 / 04:10:12 (100%) A-V:  0.000 Dropped: 308 Cache: 19s/13MB
AV: 04:09:52 / 04:10:12 (100%) A-V:  0.000 Dropped: 308 Cache: 18s/13MB
AV: 04:09:53 / 04:10:12 (100%) A-V:  0.000 Dropped: 308 Cache: 18s/13MB
AV: 04:09:53 / 04:10:12 (100%) A-V:  0.000 Dropped: 308 Cache: 17s/13MB
AV: 04:09:53 / 04:10:12 (100%) A-V:  0.000 Dropped: 308 Cache: 17s/12MB
AV: 04:09:54 / 04:10:12 (100%) A-V:  0.000 Dropped: 308 Cache: 17s/12MB
AV: 04:09:54 / 04:10:12 (100%) A-V:  0.000 Dropped: 308 Cache: 16s/12MB
AV: 04:09:54 / 04:10:15 (100%) A-V:  0.000 Dropped: 308 Cache: 20s/14MB
AV: 04:09:54 / 04:10:18 (100%) A-V:  0.000 Dropped: 308 Cache: 22s/16MB
AV: 04:09:55 / 04:10:18 (100%) A-V:  0.000 Dropped: 308 Cache: 22s/16MB
AV: 04:09:55 / 04:10:18 (100%) A-V:  0.000 Dropped: 308 Cache: 22s/15MB
AV: 04:09:55 / 04:10:18 (100%) A-V:  0.000 Dropped: 308 Cache: 21s/15MB
AV: 04:09:56 / 04:10:18 (100%) A-V:  0.000 Dropped: 308 Cache: 21s/15MB
AV: 04:09:56 / 04:10:18 (100%) A-V:  0.000 Dropped: 308 Cache: 20s/15MB
AV: 04:09:57 / 04:10:18 (100%) A-V:  0.000 Dropped: 308 Cache: 20s/15MB
AV: 04:09:57 / 04:10:18 (100%) A-V:  0.000 Dropped: 308 Cache: 20s/14MB
AV: 04:09:57 / 04:10:18 (100%) A-V:  0.000 Dropped: 308 Cache: 19s/14MB
AV: 04:09:58 / 04:10:18 (100%) A-V:  0.000 Dropped: 308 Cache: 19s/14MB
AV: 04:09:58 / 04:10:18 (100%) A-V:  0.000 Dropped: 308 Cache: 19s/13MB
AV: 04:09:58 / 04:10:18 (100%) A-V:  0.000 Dropped: 308 Cache: 18s/13MB
AV: 04:09:59 / 04:10:18 (100%) A-V:  0.000 Dropped: 308 Cache: 18s/13MB
AV: 04:09:59 / 04:10:18 (100%) A-V:  0.000 Dropped: 308 Cache: 17s/13MB
AV: 04:09:59 / 04:10:18 (100%) A-V:  0.000 Dropped: 308 Cache: 17s/12MB
AV: 04:10:00 / 04:10:18 (100%) A-V:  0.000 Dropped: 308 Cache: 17s/12MB
AV: 04:10:00 / 04:10:18 (100%) A-V:  0.000 Dropped: 308 Cache: 16s/12MB
AV: 04:10:00 / 04:10:24 (100%) A-V:  0.000 Dropped: 308 Cache: 22s/16MB
AV: 04:10:01 / 04:10:24 (100%) A-V:  0.000 Dropped: 308 Cache: 22s/16MB
AV: 04:10:01 / 04:10:24 (100%) A-V:  0.000 Dropped: 308 Cache: 21s/16MB
AV: 04:10:01 / 04:10:24 (100%) A-V:  0.000 Dropped: 308 Cache: 21s/15MB
AV: 04:10:02 / 04:10:24 (100%) A-V:  0.000 Dropped: 308 Cache: 21s/15MB
AV: 04:10:02 / 04:10:24 (100%) A-V:  0.000 Dropped: 308 Cache: 20s/15MB
AV: 04:10:03 / 04:10:24 (100%) A-V:  0.000 Dropped: 308 Cache: 20s/15MB
AV: 04:10:03 / 04:10:24 (100%) A-V:  0.000 Dropped: 308 Cache: 20s/14MB
AV: 04:10:03 / 04:10:24 (100%) A-V:  0.000 Dropped: 308 Cache: 19s/14MB
AV: 04:10:04 / 04:10:24 (100%) A-V:  0.000 Dropped: 308 Cache: 19s/14MB
AV: 04:10:04 / 04:10:24 (100%) A-V:  0.000 Dropped: 308 Cache: 19s/13MB
AV: 04:10:04 / 04:10:24 (100%) A-V:  0.000 Dropped: 308 Cache: 18s/13MB
AV: 04:10:05 / 04:10:24 (100%) A-V:  0.000 Dropped: 308 Cache: 18s/13MB
AV: 04:10:05 / 04:10:24 (100%) A-V:  0.000 Dropped: 308 Cache: 17s/13MB
AV: 04:10:06 / 04:10:24 (100%) A-V:  0.000 Dropped: 308 Cache: 17s/13MB
AV: 04:10:06 / 04:10:24 (100%) A-V:  0.000 Dropped: 308 Cache: 17s/12MB
AV: 04:10:06 / 04:10:24 (100%) A-V:  0.000 Dropped: 308 Cache: 16s/12MB
AV: 04:10:07 / 04:10:24 (100%) A-V:  0.000 Dropped: 308 Cache: 16s/12MB
AV: 04:10:07 / 04:10:30 (100%) A-V:  0.000 Dropped: 308 Cache: 22s/16MB
AV: 04:10:07 / 04:10:30 (100%) A-V:  0.000 Dropped: 308 Cache: 21s/16MB
AV: 04:10:08 / 04:10:30 (100%) A-V:  0.000 Dropped: 308 Cache: 21s/16MB
AV: 04:10:08 / 04:10:30 (100%) A-V:  0.000 Dropped: 308 Cache: 21s/15MB
AV: 04:10:08 / 04:10:30 (100%) A-V:  0.000 Dropped: 308 Cache: 20s/15MB
AV: 04:10:09 / 04:10:30 (100%) A-V:  0.000 Dropped: 308 Cache: 20s/15MB
AV: 04:10:09 / 04:10:30 (100%) A-V:  0.000 Dropped: 308 Cache: 20s/14MB
AV: 04:10:09 / 04:10:30 (100%) A-V:  0.000 Dropped: 308 Cache: 19s/14MB
AV: 04:10:10 / 04:10:30 (100%) A-V:  0.000 Dropped: 308 Cache: 19s/14MB
AV: 04:10:10 / 04:10:30 (100%) A-V:  0.000 Dropped: 308 Cache: 19s/13MB
AV: 04:10:10 / 04:10:30 (100%) A-V:  0.000 Dropped: 308 Cache: 18s/13MB
AV: 04:10:11 / 04:10:30 (100%) A-V:  0.000 Dropped: 308 Cache: 18s/13MB
AV: 04:10:11 / 04:10:30 (100%) A-V:  0.000 Dropped: 308 Cache: 17s/13MB
AV: 04:10:11 / 04:10:30 (100%) A-V:  0.000 Dropped: 308 Cache: 17s/12MB
AV: 04:10:12 / 04:10:30 (100%) A-V:  0.000 Dropped: 308 Cache: 17s/12MB
AV: 04:10:12 / 04:10:30 (100%) A-V:  0.000 Dropped: 308 Cache: 16s/12MB
AV: 04:10:13 / 04:10:30 (100%) A-V:  0.000 Dropped: 308 Cache: 16s/12MB
AV: 04:10:13 / 04:10:30 (100%) A-V:  0.000 Dropped: 308 Cache: 16s/11MB
AV: 04:10:13 / 04:10:30 (100%) A-V:  0.000 Dropped: 308 Cache: 15s/11MB
AV: 04:10:14 / 04:10:30 (100%) A-V:  0.000 Dropped: 308 Cache: 15s/11MB
AV: 04:10:14 / 04:10:30 (100%) A-V:  0.000 Dropped: 308 Cache: 15s/10MB
AV: 04:10:14 / 04:10:30 (100%) A-V:  0.000 Dropped: 308 Cache: 14s/10MB
AV: 04:10:15 / 04:10:30 (100%) A-V:  0.000 Dropped: 308 Cache: 14s/10MB
AV: 04:10:15 / 04:10:30 (100%) A-V:  0.000 Dropped: 308 Cache: 13s/10MB
AV: 04:10:15 / 04:10:30 (100%) A-V:  0.000 Dropped: 308 Cache: 13s/9MB
AV: 04:10:16 / 04:10:30 (100%) A-V:  0.000 Dropped: 308 Cache: 13s/9MB
AV: 04:10:16 / 04:10:30 (100%) A-V:  0.000 Dropped: 308 Cache: 12s/9MB
AV: 04:10:17 / 04:10:30 (100%) A-V:  0.000 Dropped: 308 Cache: 12s/9MB
AV: 04:10:17 / 04:10:36 (100%) A-V:  0.000 Dropped: 308 Cache: 18s/13MB
AV: 04:10:17 / 04:10:36 (100%) A-V:  0.000 Dropped: 308 Cache: 17s/13MB
AV: 04:10:17 / 04:10:36 (100%) A-V:  0.000 Dropped: 308 Cache: 17s/12MB
AV: 04:10:18 / 04:10:36 (100%) A-V:  0.000 Dropped: 308 Cache: 17s/12MB
AV: 04:10:18 / 04:10:36 (100%) A-V:  0.000 Dropped: 308 Cache: 16s/12MB
AV: 04:10:19 / 04:10:36 (100%) A-V:  0.000 Dropped: 308 Cache: 16s/12MB
AV: 04:10:19 / 04:10:36 (100%) A-V:  0.000 Dropped: 308 Cache: 16s/11MB
AV: 04:10:19 / 04:10:42 (100%) A-V:  0.000 Dropped: 308 Cache: 22s/16MB
AV: 04:10:19 / 04:10:42 (100%) A-V:  0.000 Dropped: 308 Cache: 21s/16MB
AV: 04:10:19 / 04:10:42 (100%) A-V:  0.000 Dropped: 308 Cache: 21s/15MB
AV: 04:10:19 / 04:10:48 (100%) A-V:  0.000 Dropped: 308 Cache: 27s/20MB
AV: 04:10:20 / 04:10:48 (100%) A-V:  0.000 Dropped: 308 Cache: 27s/20MB
AV: 04:10:20 / 04:10:48 (100%) A-V:  0.000 Dropped: 308 Cache: 27s/19MB
AV: 04:10:20 / 04:10:48 (100%) A-V:  0.000 Dropped: 308 Cache: 26s/19MB
AV: 04:10:21 / 04:10:48 (100%) A-V:  0.000 Dropped: 308 Cache: 26s/19MB
AV: 04:10:21 / 04:10:48 (100%) A-V:  0.000 Dropped: 308 Cache: 26s/18MB
AV: 04:10:21 / 04:10:48 (100%) A-V:  0.000 Dropped: 308 Cache: 25s/18MB
AV: 04:10:22 / 04:10:48 (100%) A-V:  0.000 Dropped: 308 Cache: 25s/18MB
AV: 04:10:22 / 04:10:48 (100%) A-V:  0.000 Dropped: 308 Cache: 25s/17MB
AV: 04:10:22 / 04:10:48 (100%) A-V:  0.000 Dropped: 308 Cache: 24s/17MB
AV: 04:10:23 / 04:10:48 (100%) A-V:  0.000 Dropped: 308 Cache: 24s/17MB
AV: 04:10:23 / 04:10:48 (100%) A-V:  0.000 Dropped: 308 Cache: 23s/17MB
AV: 04:10:24 / 04:10:48 (100%) A-V:  0.000 Dropped: 308 Cache: 23s/17MB
AV: 04:10:24 / 04:10:48 (100%) A-V:  0.000 Dropped: 308 Cache: 23s/16MB
AV: 04:10:24 / 04:10:48 (100%) A-V:  0.000 Dropped: 308 Cache: 22s/16MB
AV: 04:10:25 / 04:10:48 (100%) A-V:  0.000 Dropped: 308 Cache: 22s/16MB
AV: 04:10:25 / 04:10:48 (100%) A-V:  0.000 Dropped: 308 Cache: 22s/15MB
AV: 04:10:25 / 04:10:48 (100%) A-V:  0.000 Dropped: 308 Cache: 21s/15MB
AV: 04:10:26 / 04:10:48 (100%) A-V:  0.000 Dropped: 308 Cache: 21s/15MB
AV: 04:10:26 / 04:10:48 (100%) A-V:  0.000 Dropped: 308 Cache: 20s/15MB
AV: 04:10:26 / 04:10:48 (100%) A-V:  0.000 Dropped: 308 Cache: 20s/14MB
AV: 04:10:27 / 04:10:48 (100%) A-V:  0.000 Dropped: 308 Cache: 20s/14MB
AV: 04:10:27 / 04:10:48 (100%) A-V:  0.000 Dropped: 308 Cache: 19s/14MB
AV: 04:10:28 / 04:10:48 (100%) A-V:  0.000 Dropped: 308 Cache: 19s/14MB
AV: 04:10:28 / 04:10:48 (100%) A-V:  0.000 Dropped: 308 Cache: 19s/13MB
AV: 04:10:28 / 04:10:48 (100%) A-V:  0.000 Dropped: 308 Cache: 19s/14MB
AV: 04:10:28 / 04:10:53 (100%) A-V:  0.000 Dropped: 308 Cache: 24s/17MB
AV: 04:10:29 / 04:10:53 (100%) A-V:  0.000 Dropped: 308 Cache: 24s/17MB
AV: 04:10:29 / 04:10:53 (100%) A-V:  0.000 Dropped: 308 Cache: 23s/17MB
AV: 04:10:29 / 04:10:53 (100%) A-V:  0.000 Dropped: 308 Cache: 23s/16MB
AV: 04:10:30 / 04:10:53 (100%) A-V:  0.000 Dropped: 308 Cache: 23s/16MB
AV: 04:10:30 / 04:10:53 (100%) A-V:  0.000 Dropped: 308 Cache: 22s/16MB
AV: 04:10:31 / 04:10:53 (100%) A-V:  0.000 Dropped: 308 Cache: 22s/16MB
AV: 04:10:31 / 04:10:53 (100%) A-V:  0.000 Dropped: 308 Cache: 21s/16MB
AV: 04:10:31 / 04:10:53 (100%) A-V:  0.000 Dropped: 308 Cache: 21s/15MB
AV: 04:10:32 / 04:10:53 (100%) A-V:  0.000 Dropped: 308 Cache: 21s/15MB
AV: 04:10:32 / 04:10:53 (100%) A-V:  0.000 Dropped: 308 Cache: 20s/15MB
AV: 04:10:32 / 04:10:53 (100%) A-V:  0.000 Dropped: 308 Cache: 20s/14MB
AV: 04:10:33 / 04:10:53 (100%) A-V:  0.000 Dropped: 308 Cache: 20s/14MB
AV: 04:10:33 / 04:10:53 (100%) A-V:  0.000 Dropped: 308 Cache: 19s/14MB
AV: 04:10:33 / 04:10:53 (100%) A-V:  0.000 Dropped: 308 Cache: 19s/13MB
AV: 04:10:34 / 04:10:53 (100%) A-V:  0.000 Dropped: 308 Cache: 19s/13MB
AV: 04:10:34 / 04:10:53 (100%) A-V:  0.000 Dropped: 308 Cache: 18s/13MB
AV: 04:10:34 / 04:11:00 (100%) A-V:  0.000 Dropped: 308 Cache: 25s/18MB
AV: 04:10:34 / 04:11:00 (100%) A-V:  0.000 Dropped: 308 Cache: 24s/18MB
AV: 04:10:35 / 04:11:00 (100%) A-V:  0.000 Dropped: 308 Cache: 24s/18MB
AV: 04:10:35 / 04:11:00 (100%) A-V:  0.000 Dropped: 308 Cache: 24s/17MB
AV: 04:10:35 / 04:11:00 (100%) A-V:  0.000 Dropped: 308 Cache: 23s/17MB
AV: 04:10:36 / 04:11:00 (100%) A-V:  0.000 Dropped: 308 Cache: 23s/17MB
AV: 04:10:36 / 04:11:00 (100%) A-V:  0.000 Dropped: 308 Cache: 23s/16MB
AV: 04:10:36 / 04:11:00 (100%) A-V:  0.000 Dropped: 308 Cache: 22s/16MB
AV: 04:10:37 / 04:11:00 (100%) A-V:  0.000 Dropped: 308 Cache: 22s/16MB
AV: 04:10:37 / 04:11:00 (100%) A-V:  0.000 Dropped: 308 Cache: 21s/16MB
AV: 04:10:37 / 04:11:00 (100%) A-V:  0.000 Dropped: 308 Cache: 21s/15MB
AV: 04:10:38 / 04:11:00 (100%) A-V:  0.000 Dropped: 308 Cache: 21s/15MB
AV: 04:10:38 / 04:11:00 (100%) A-V:  0.000 Dropped: 308 Cache: 20s/15MB
AV: 04:10:39 / 04:11:00 (100%) A-V:  0.000 Dropped: 308 Cache: 20s/15MB
AV: 04:10:39 / 04:11:00 (100%) A-V:  0.000 Dropped: 308 Cache: 20s/14MB
AV: 04:10:39 / 04:11:00 (100%) A-V:  0.000 Dropped: 308 Cache: 19s/14MB
AV: 04:10:40 / 04:11:00 (100%) A-V:  0.000 Dropped: 308 Cache: 19s/14MB
AV: 04:10:40 / 04:11:00 (100%) A-V:  0.000 Dropped: 308 Cache: 19s/13MB
AV: 04:10:40 / 04:11:00 (100%) A-V:  0.000 Dropped: 308 Cache: 18s/13MB
AV: 04:10:41 / 04:11:00 (100%) A-V:  0.000 Dropped: 308 Cache: 18s/13MB
AV: 04:10:41 / 04:11:06 (100%) A-V:  0.000 Dropped: 308 Cache: 24s/17MB
AV: 04:10:41 / 04:11:06 (100%) A-V:  0.000 Dropped: 308 Cache: 23s/17MB
AV: 04:10:42 / 04:11:06 (100%) A-V:  0.000 Dropped: 308 Cache: 23s/17MB
AV: 04:10:42 / 04:11:06 (100%) A-V:  0.000 Dropped: 308 Cache: 23s/16MB
AV: 04:10:42 / 04:11:06 (100%) A-V:  0.000 Dropped: 308 Cache: 22s/16MB
AV: 04:10:43 / 04:11:06 (100%) A-V:  0.000 Dropped: 308 Cache: 22s/16MB
AV: 04:10:43 / 04:11:06 (100%) A-V:  0.000 Dropped: 308 Cache: 21s/16MB
AV: 04:10:43 / 04:11:06 (100%) A-V:  0.000 Dropped: 308 Cache: 21s/15MB
AV: 04:10:44 / 04:11:06 (100%) A-V:  0.000 Dropped: 308 Cache: 21s/15MB
AV: 04:10:44 / 04:11:06 (100%) A-V:  0.000 Dropped: 308 Cache: 20s/15MB
AV: 04:10:45 / 04:11:06 (100%) A-V:  0.000 Dropped: 308 Cache: 20s/15MB
AV: 04:10:45 / 04:11:06 (100%) A-V:  0.000 Dropped: 308 Cache: 20s/14MB
AV: 04:10:45 / 04:11:06 (100%) A-V:  0.000 Dropped: 308 Cache: 19s/14MB
AV: 04:10:46 / 04:11:06 (100%) A-V:  0.000 Dropped: 308 Cache: 19s/14MB
AV: 04:10:46 / 04:11:06 (100%) A-V:  0.000 Dropped: 308 Cache: 19s/13MB
AV: 04:10:46 / 04:11:06 (100%) A-V:  0.000 Dropped: 308 Cache: 18s/13MB
AV: 04:10:47 / 04:11:06 (100%) A-V:  0.000 Dropped: 308 Cache: 18s/13MB
AV: 04:10:47 / 04:11:11 (100%) A-V:  0.000 Dropped: 308 Cache: 23s/17MB
AV: 04:10:47 / 04:11:12 (100%) A-V:  0.000 Dropped: 308 Cache: 24s/17MB
AV: 04:10:47 / 04:11:12 (100%) A-V:  0.000 Dropped: 308 Cache: 23s/17MB
AV: 04:10:48 / 04:11:12 (100%) A-V:  0.000 Dropped: 308 Cache: 23s/17MB
AV: 04:10:48 / 04:11:12 (100%) A-V:  0.000 Dropped: 308 Cache: 23s/16MB
AV: 04:10:48 / 04:11:12 (100%) A-V:  0.000 Dropped: 308 Cache: 22s/16MB
AV: 04:10:49 / 04:11:12 (100%) A-V:  0.000 Dropped: 308 Cache: 22s/16MB
AV: 04:10:49 / 04:11:12 (100%) A-V:  0.000 Dropped: 308 Cache: 22s/15MB
AV: 04:10:49 / 04:11:12 (100%) A-V:  0.000 Dropped: 308 Cache: 21s/15MB
AV: 04:10:50 / 04:11:12 (100%) A-V:  0.000 Dropped: 308 Cache: 21s/15MB
AV: 04:10:50 / 04:11:12 (100%) A-V:  0.000 Dropped: 308 Cache: 20s/15MB
AV: 04:10:51 / 04:11:12 (100%) A-V:  0.000 Dropped: 308 Cache: 20s/15MB
AV: 04:10:51 / 04:11:12 (100%) A-V:  0.000 Dropped: 308 Cache: 20s/14MB
AV: 04:10:51 / 04:11:12 (100%) A-V:  0.000 Dropped: 308 Cache: 19s/14MB
AV: 04:10:52 / 04:11:12 (100%) A-V:  0.000 Dropped: 308 Cache: 19s/14MB
AV: 04:10:52 / 04:11:12 (100%) A-V:  0.000 Dropped: 308 Cache: 19s/13MB
AV: 04:10:52 / 04:11:12 (100%) A-V:  0.000 Dropped: 308 Cache: 18s/13MB
AV: 04:10:53 / 04:11:12 (100%) A-V:  0.000 Dropped: 308 Cache: 18s/13MB
AV: 04:10:53 / 04:11:18 (100%) A-V:  0.000 Dropped: 308 Cache: 24s/17MB
AV: 04:10:53 / 04:11:18 (100%) A-V:  0.000 Dropped: 308 Cache: 23s/17MB
AV: 04:10:54 / 04:11:18 (100%) A-V:  0.000 Dropped: 308 Cache: 23s/17MB
AV: 04:10:54 / 04:11:18 (100%) A-V:  0.000 Dropped: 308 Cache: 23s/16MB
AV: 04:10:54 / 04:11:18 (100%) A-V:  0.000 Dropped: 308 Cache: 22s/16MB
AV: 04:10:55 / 04:11:18 (100%) A-V:  0.000 Dropped: 308 Cache: 22s/16MB
AV: 04:10:55 / 04:11:18 (100%) A-V:  0.000 Dropped: 308 Cache: 22s/15MB
AV: 04:10:55 / 04:11:18 (100%) A-V:  0.000 Dropped: 308 Cache: 21s/15MB
AV: 04:10:56 / 04:11:18 (100%) A-V:  0.000 Dropped: 308 Cache: 21s/15MB
AV: 04:10:56 / 04:11:18 (100%) A-V:  0.000 Dropped: 308 Cache: 20s/15MB
AV: 04:10:56 / 04:11:18 (100%) A-V:  0.000 Dropped: 308 Cache: 20s/14MB
AV: 04:10:57 / 04:11:18 (100%) A-V:  0.000 Dropped: 308 Cache: 20s/14MB
AV: 04:10:57 / 04:11:18 (100%) A-V:  0.000 Dropped: 308 Cache: 19s/14MB
AV: 04:10:58 / 04:11:18 (100%) A-V:  0.000 Dropped: 308 Cache: 19s/14MB
AV: 04:10:58 / 04:11:18 (100%) A-V:  0.000 Dropped: 308 Cache: 19s/13MB
AV: 04:10:58 / 04:11:18 (100%) A-V:  0.000 Dropped: 308 Cache: 18s/13MB
AV: 04:10:59 / 04:11:18 (100%) A-V:  0.000 Dropped: 308 Cache: 18s/13MB
AV: 04:10:59 / 04:11:18 (100%) A-V:  0.000 Dropped: 308 Cache: 18s/12MB
AV: 04:10:59 / 04:11:24 (100%) A-V:  0.000 Dropped: 308 Cache: 24s/17MB
AV: 04:10:59 / 04:11:24 (100%) A-V:  0.000 Dropped: 308 Cache: 23s/17MB
AV: 04:10:59 / 04:11:24 (100%) A-V:  0.000 Dropped: 308 Cache: 23s/16MB
AV: 04:11:00 / 04:11:24 (100%) A-V:  0.000 Dropped: 308 Cache: 23s/16MB
AV: 04:11:00 / 04:11:24 (100%) A-V:  0.000 Dropped: 308 Cache: 22s/16MB
AV: 04:11:01 / 04:11:24 (100%) A-V:  0.000 Dropped: 308 Cache: 22s/16MB
AV: 04:11:01 / 04:11:24 (100%) A-V:  0.000 Dropped: 308 Cache: 22s/15MB
AV: 04:11:01 / 04:11:24 (100%) A-V:  0.000 Dropped: 308 Cache: 21s/15MB
AV: 04:11:02 / 04:11:24 (100%) A-V:  0.000 Dropped: 308 Cache: 21s/15MB
AV: 04:11:02 / 04:11:24 (100%) A-V:  0.000 Dropped: 308 Cache: 21s/14MB
AV: 04:11:02 / 04:11:24 (100%) A-V:  0.000 Dropped: 308 Cache: 20s/14MB
AV: 04:11:03 / 04:11:24 (100%) A-V:  0.000 Dropped: 308 Cache: 20s/14MB
AV: 04:11:03 / 04:11:24 (100%) A-V:  0.000 Dropped: 308 Cache: 19s/14MB
AV: 04:11:04 / 04:11:24 (100%) A-V:  0.000 Dropped: 308 Cache: 19s/14MB
AV: 04:11:04 / 04:11:24 (100%) A-V:  0.000 Dropped: 308 Cache: 19s/13MB
AV: 04:11:04 / 04:11:24 (100%) A-V:  0.000 Dropped: 308 Cache: 18s/13MB
AV: 04:11:05 / 04:11:24 (100%) A-V:  0.000 Dropped: 308 Cache: 18s/13MB
AV: 04:11:05 / 04:11:24 (100%) A-V:  0.000 Dropped: 308 Cache: 18s/12MB
AV: 04:11:05 / 04:11:24 (100%) A-V:  0.000 Dropped: 308 Cache: 17s/12MB
AV: 04:11:05 / 04:11:30 (100%) A-V:  0.000 Dropped: 308 Cache: 23s/17MB
AV: 04:11:06 / 04:11:30 (100%) A-V:  0.000 Dropped: 308 Cache: 23s/17MB
AV: 04:11:06 / 04:11:30 (100%) A-V:  0.000 Dropped: 308 Cache: 23s/16MB
AV: 04:11:06 / 04:11:30 (100%) A-V:  0.000 Dropped: 308 Cache: 22s/16MB
AV: 04:11:07 / 04:11:30 (100%) A-V:  0.000 Dropped: 308 Cache: 22s/16MB
AV: 04:11:07 / 04:11:30 (100%) A-V:  0.000 Dropped: 308 Cache: 21s/16MB
AV: 04:11:07 / 04:11:30 (100%) A-V:  0.000 Dropped: 308 Cache: 21s/15MB
AV: 04:11:08 / 04:11:30 (100%) A-V:  0.000 Dropped: 308 Cache: 21s/15MB
AV: 04:11:08 / 04:11:30 (100%) A-V:  0.000 Dropped: 308 Cache: 20s/15MB
AV: 04:11:09 / 04:11:30 (100%) A-V:  0.000 Dropped: 308 Cache: 20s/15MB
AV: 04:11:09 / 04:11:30 (100%) A-V:  0.000 Dropped: 308 Cache: 20s/14MB
AV: 04:11:09 / 04:11:30 (100%) A-V:  0.000 Dropped: 308 Cache: 19s/14MB
AV: 04:11:10 / 04:11:30 (100%) A-V:  0.000 Dropped: 308 Cache: 19s/14MB
AV: 04:11:10 / 04:11:30 (100%) A-V:  0.000 Dropped: 308 Cache: 19s/13MB
AV: 04:11:10 / 04:11:30 (100%) A-V:  0.000 Dropped: 308 Cache: 18s/13MB
AV: 04:11:11 / 04:11:30 (100%) A-V:  0.000 Dropped: 308 Cache: 18s/13MB
AV: 04:11:11 / 04:11:30 (100%) A-V:  0.000 Dropped: 308 Cache: 17s/13MB
AV: 04:11:11 / 04:11:36 (100%) A-V:  0.000 Dropped: 308 Cache: 23s/17MB
AV: 04:11:12 / 04:11:36 (100%) A-V:  0.000 Dropped: 308 Cache: 23s/17MB
AV: 04:11:12 / 04:11:36 (100%) A-V:  0.000 Dropped: 308 Cache: 23s/16MB
AV: 04:11:12 / 04:11:36 (100%) A-V:  0.000 Dropped: 308 Cache: 22s/16MB
AV: 04:11:13 / 04:11:36 (100%) A-V:  0.000 Dropped: 308 Cache: 22s/16MB
AV: 04:11:13 / 04:11:36 (100%) A-V:  0.000 Dropped: 308 Cache: 22s/15MB
AV: 04:11:13 / 04:11:36 (100%) A-V:  0.000 Dropped: 308 Cache: 21s/15MB
AV: 04:11:14 / 04:11:36 (100%) A-V:  0.000 Dropped: 308 Cache: 21s/15MB
AV: 04:11:14 / 04:11:36 (100%) A-V:  0.000 Dropped: 308 Cache: 20s/15MB
AV: 04:11:14 / 04:11:36 (100%) A-V:  0.000 Dropped: 308 Cache: 20s/14MB
AV: 04:11:15 / 04:11:36 (100%) A-V:  0.000 Dropped: 308 Cache: 20s/14MB
AV: 04:11:15 / 04:11:36 (100%) A-V:  0.000 Dropped: 308 Cache: 19s/14MB
AV: 04:11:16 / 04:11:36 (100%) A-V:  0.000 Dropped: 308 Cache: 19s/14MB
AV: 04:11:16 / 04:11:36 (100%) A-V:  0.000 Dropped: 308 Cache: 19s/13MB
AV: 04:11:16 / 04:11:36 (100%) A-V:  0.000 Dropped: 308 Cache: 18s/13MB
AV: 04:11:17 / 04:11:36 (100%) A-V:  0.000 Dropped: 308 Cache: 18s/13MB
AV: 04:11:17 / 04:11:36 (100%) A-V:  0.000 Dropped: 308 Cache: 17s/13MB
AV: 04:11:17 / 04:11:36 (100%) A-V:  0.000 Dropped: 308 Cache: 17s/12MB
AV: 04:11:18 / 04:11:36 (100%) A-V:  0.000 Dropped: 308 Cache: 17s/12MB
AV: 04:11:18 / 04:11:42 (100%) A-V:  0.000 Dropped: 308 Cache: 23s/16MB
AV: 04:11:18 / 04:11:42 (100%) A-V:  0.000 Dropped: 308 Cache: 22s/16MB
AV: 04:11:19 / 04:11:42 (100%) A-V:  0.000 Dropped: 308 Cache: 22s/16MB
AV: 04:11:19 / 04:11:42 (100%) A-V:  0.000 Dropped: 308 Cache: 22s/15MB
AV: 04:11:19 / 04:11:42 (100%) A-V:  0.000 Dropped: 308 Cache: 21s/15MB
AV: 04:11:20 / 04:11:42 (100%) A-V:  0.000 Dropped: 308 Cache: 21s/15MB
AV: 04:11:20 / 04:11:42 (100%) A-V:  0.000 Dropped: 308 Cache: 20s/15MB
AV: 04:11:21 / 04:11:42 (100%) A-V:  0.000 Dropped: 308 Cache: 20s/15MB
AV: 04:11:21 / 04:11:42 (100%) A-V:  0.000 Dropped: 308 Cache: 20s/14MB
AV: 04:11:21 / 04:11:42 (100%) A-V:  0.000 Dropped: 308 Cache: 19s/14MB
AV: 04:11:22 / 04:11:42 (100%) A-V:  0.000 Dropped: 308 Cache: 19s/14MB
AV: 04:11:22 / 04:11:42 (100%) A-V:  0.000 Dropped: 308 Cache: 19s/13MB
AV: 04:11:22 / 04:11:42 (100%) A-V:  0.000 Dropped: 308 Cache: 18s/13MB
AV: 04:11:23 / 04:11:42 (100%) A-V:  0.000 Dropped: 308 Cache: 18s/13MB
AV: 04:11:23 / 04:11:42 (100%) A-V:  0.000 Dropped: 308 Cache: 17s/13MB
AV: 04:11:23 / 04:11:42 (100%) A-V:  0.000 Dropped: 308 Cache: 17s/12MB
AV: 04:11:24 / 04:11:42 (100%) A-V:  0.000 Dropped: 308 Cache: 17s/12MB
AV: 04:11:24 / 04:11:48 (100%) A-V:  0.000 Dropped: 308 Cache: 23s/16MB
AV: 04:11:24 / 04:11:48 (100%) A-V:  0.000 Dropped: 308 Cache: 22s/16MB
AV: 04:11:25 / 04:11:48 (100%) A-V:  0.000 Dropped: 308 Cache: 22s/16MB
AV: 04:11:25 / 04:11:48 (100%) A-V:  0.000 Dropped: 308 Cache: 22s/15MB
AV: 04:11:25 / 04:11:48 (100%) A-V:  0.000 Dropped: 308 Cache: 21s/15MB
AV: 04:11:26 / 04:11:48 (100%) A-V:  0.000 Dropped: 308 Cache: 21s/15MB
AV: 04:11:26 / 04:11:48 (100%) A-V:  0.000 Dropped: 308 Cache: 20s/15MB
AV: 04:11:26 / 04:11:48 (100%) A-V:  0.000 Dropped: 308 Cache: 20s/14MB
AV: 04:11:27 / 04:11:48 (100%) A-V:  0.000 Dropped: 308 Cache: 20s/14MB
AV: 04:11:27 / 04:11:48 (100%) A-V:  0.000 Dropped: 308 Cache: 19s/14MB
AV: 04:11:28 / 04:11:48 (100%) A-V:  0.000 Dropped: 308 Cache: 19s/14MB
AV: 04:11:28 / 04:11:48 (100%) A-V:  0.000 Dropped: 308 Cache: 19s/13MB
AV: 04:11:28 / 04:11:48 (100%) A-V:  0.000 Dropped: 308 Cache: 18s/13MB
AV: 04:11:29 / 04:11:48 (100%) A-V:  0.000 Dropped: 308 Cache: 18s/13MB
AV: 04:11:29 / 04:11:48 (100%) A-V:  0.000 Dropped: 308 Cache: 18s/12MB
AV: 04:11:29 / 04:11:48 (100%) A-V:  0.000 Dropped: 308 Cache: 17s/12MB
AV: 04:11:30 / 04:11:48 (100%) A-V:  0.000 Dropped: 308 Cache: 17s/12MB
AV: 04:11:30 / 04:11:54 (100%) A-V:  0.000 Dropped: 308 Cache: 23s/16MB
AV: 04:11:30 / 04:11:54 (100%) A-V:  0.000 Dropped: 308 Cache: 22s/16MB
AV: 04:11:31 / 04:11:54 (100%) A-V:  0.000 Dropped: 308 Cache: 22s/16MB
AV: 04:11:31 / 04:11:54 (100%) A-V:  0.000 Dropped: 308 Cache: 22s/15MB
AV: 04:11:31 / 04:11:54 (100%) A-V:  0.000 Dropped: 308 Cache: 21s/15MB
AV: 04:11:32 / 04:11:54 (100%) A-V:  0.000 Dropped: 308 Cache: 21s/15MB
AV: 04:11:32 / 04:11:54 (100%) A-V:  0.000 Dropped: 308 Cache: 20s/15MB
AV: 04:11:33 / 04:11:54 (100%) A-V:  0.000 Dropped: 308 Cache: 20s/15MB
AV: 04:11:33 / 04:11:54 (100%) A-V:  0.000 Dropped: 308 Cache: 20s/14MB
AV: 04:11:33 / 04:11:54 (100%) A-V:  0.000 Dropped: 308 Cache: 19s/14MB
AV: 04:11:34 / 04:11:54 (100%) A-V:  0.000 Dropped: 308 Cache: 19s/14MB
AV: 04:11:34 / 04:11:54 (100%) A-V:  0.000 Dropped: 308 Cache: 19s/13MB
AV: 04:11:34 / 04:11:54 (100%) A-V:  0.000 Dropped: 308 Cache: 18s/13MB
AV: 04:11:35 / 04:11:54 (100%) A-V:  0.000 Dropped: 308 Cache: 18s/13MB
AV: 04:11:35 / 04:11:54 (100%) A-V:  0.000 Dropped: 308 Cache: 17s/13MB
AV: 04:11:35 / 04:11:54 (100%) A-V:  0.000 Dropped: 308 Cache: 17s/12MB
AV: 04:11:36 / 04:11:54 (100%) A-V:  0.000 Dropped: 308 Cache: 17s/12MB
AV: 04:11:36 / 04:12:00 (100%) A-V:  0.000 Dropped: 308 Cache: 23s/16MB
AV: 04:11:36 / 04:12:00 (100%) A-V:  0.000 Dropped: 308 Cache: 22s/16MB
AV: 04:11:37 / 04:12:00 (100%) A-V:  0.000 Dropped: 308 Cache: 22s/16MB
AV: 04:11:37 / 04:12:00 (100%) A-V:  0.000 Dropped: 308 Cache: 22s/15MB
AV: 04:11:37 / 04:12:00 (100%) A-V:  0.000 Dropped: 308 Cache: 21s/15MB
AV: 04:11:38 / 04:12:00 (100%) A-V:  0.000 Dropped: 308 Cache: 21s/15MB
AV: 04:11:38 / 04:12:00 (100%) A-V:  0.000 Dropped: 308 Cache: 21s/14MB
AV: 04:11:38 / 04:12:00 (100%) A-V:  0.000 Dropped: 308 Cache: 20s/14MB
AV: 04:11:39 / 04:12:00 (100%) A-V:  0.000 Dropped: 308 Cache: 20s/14MB
AV: 04:11:39 / 04:12:00 (100%) A-V:  0.000 Dropped: 308 Cache: 19s/14MB
AV: 04:11:40 / 04:12:00 (100%) A-V:  0.000 Dropped: 308 Cache: 19s/14MB
AV: 04:11:40 / 04:12:00 (100%) A-V:  0.000 Dropped: 308 Cache: 19s/13MB
AV: 04:11:40 / 04:12:00 (100%) A-V:  0.000 Dropped: 308 Cache: 18s/13MB
AV: 04:11:41 / 04:12:00 (100%) A-V:  0.000 Dropped: 308 Cache: 18s/13MB
AV: 04:11:41 / 04:12:00 (100%) A-V:  0.000 Dropped: 308 Cache: 18s/12MB
AV: 04:11:41 / 04:12:00 (100%) A-V:  0.000 Dropped: 308 Cache: 17s/12MB
AV: 04:11:42 / 04:12:00 (100%) A-V:  0.000 Dropped: 308 Cache: 17s/12MB
AV: 04:11:42 / 04:12:06 (100%) A-V:  0.000 Dropped: 308 Cache: 22s/16MB
AV: 04:11:43 / 04:12:06 (100%) A-V:  0.000 Dropped: 308 Cache: 22s/16MB
AV: 04:11:43 / 04:12:06 (100%) A-V:  0.000 Dropped: 308 Cache: 22s/15MB
AV: 04:11:43 / 04:12:06 (100%) A-V:  0.000 Dropped: 308 Cache: 21s/15MB
AV: 04:11:44 / 04:12:06 (100%) A-V:  0.000 Dropped: 308 Cache: 21s/15MB
AV: 04:11:44 / 04:12:06 (100%) A-V:  0.000 Dropped: 308 Cache: 21s/14MB
AV: 04:11:44 / 04:12:06 (100%) A-V:  0.000 Dropped: 308 Cache: 20s/14MB
AV: 04:11:45 / 04:12:06 (100%) A-V:  0.000 Dropped: 308 Cache: 20s/14MB
AV: 04:11:45 / 04:12:06 (100%) A-V:  0.000 Dropped: 308 Cache: 19s/14MB
AV: 04:11:45 / 04:12:06 (100%) A-V:  0.000 Dropped: 308 Cache: 19s/13MB
AV: 04:11:46 / 04:12:06 (100%) A-V:  0.000 Dropped: 308 Cache: 19s/13MB
AV: 04:11:46 / 04:12:06 (100%) A-V:  0.000 Dropped: 308 Cache: 18s/13MB
AV: 04:11:47 / 04:12:06 (100%) A-V:  0.000 Dropped: 308 Cache: 18s/13MB
AV: 04:11:47 / 04:12:06 (100%) A-V:  0.000 Dropped: 308 Cache: 18s/12MB
AV: 04:11:47 / 04:12:06 (100%) A-V:  0.000 Dropped: 308 Cache: 17s/12MB
AV: 04:11:48 / 04:12:06 (100%) A-V:  0.000 Dropped: 308 Cache: 17s/12MB
AV: 04:11:48 / 04:12:06 (100%) A-V:  0.000 Dropped: 308 Cache: 16s/12MB
AV: 04:11:48 / 04:12:12 (100%) A-V:  0.000 Dropped: 308 Cache: 22s/16MB
AV: 04:11:49 / 04:12:12 (100%) A-V:  0.000 Dropped: 308 Cache: 22s/16MB
AV: 04:11:49 / 04:12:12 (100%) A-V:  0.000 Dropped: 308 Cache: 21s/16MB
AV: 04:11:49 / 04:12:12 (100%) A-V:  0.000 Dropped: 308 Cache: 21s/15MB
AV: 04:11:50 / 04:12:12 (100%) A-V:  0.000 Dropped: 308 Cache: 21s/15MB
AV: 04:11:50 / 04:12:12 (100%) A-V:  0.000 Dropped: 308 Cache: 20s/15MB
AV: 04:11:50 / 04:12:12 (100%) A-V:  0.000 Dropped: 308 Cache: 20s/14MB
AV: 04:11:51 / 04:12:12 (100%) A-V:  0.000 Dropped: 308 Cache: 20s/14MB
AV: 04:11:51 / 04:12:12 (100%) A-V:  0.000 Dropped: 308 Cache: 19s/14MB
AV: 04:11:52 / 04:12:12 (100%) A-V:  0.000 Dropped: 308 Cache: 19s/14MB
AV: 04:11:52 / 04:12:12 (100%) A-V:  0.000 Dropped: 308 Cache: 19s/13MB
AV: 04:11:52 / 04:12:12 (100%) A-V:  0.000 Dropped: 308 Cache: 18s/13MB
AV: 04:11:53 / 04:12:12 (100%) A-V:  0.000 Dropped: 308 Cache: 18s/13MB
AV: 04:11:53 / 04:12:12 (100%) A-V:  0.000 Dropped: 308 Cache: 17s/13MB
AV: 04:11:53 / 04:12:12 (100%) A-V:  0.000 Dropped: 308 Cache: 17s/12MB
AV: 04:11:54 / 04:12:12 (100%) A-V:  0.000 Dropped: 308 Cache: 17s/12MB
AV: 04:11:54 / 04:12:12 (100%) A-V:  0.000 Dropped: 308 Cache: 16s/12MB
AV: 04:11:55 / 04:12:12 (100%) A-V:  0.000 Dropped: 308 Cache: 16s/12MB
AV: 04:11:55 / 04:12:17 (100%) A-V:  0.000 Dropped: 308 Cache: 21s/15MB
AV: 04:11:55 / 04:12:18 (100%) A-V:  0.000 Dropped: 308 Cache: 22s/16MB
AV: 04:11:55 / 04:12:18 (100%) A-V:  0.000 Dropped: 308 Cache: 21s/16MB
AV: 04:11:55 / 04:12:18 (100%) A-V:  0.000 Dropped: 308 Cache: 21s/15MB
AV: 04:11:56 / 04:12:18 (100%) A-V:  0.000 Dropped: 308 Cache: 21s/15MB
AV: 04:11:56 / 04:12:18 (100%) A-V:  0.000 Dropped: 308 Cache: 20s/15MB
AV: 04:11:56 / 04:12:18 (100%) A-V:  0.000 Dropped: 308 Cache: 20s/14MB
AV: 04:11:57 / 04:12:18 (100%) A-V:  0.000 Dropped: 308 Cache: 20s/14MB
AV: 04:11:57 / 04:12:18 (100%) A-V:  0.000 Dropped: 308 Cache: 19s/14MB
AV: 04:11:58 / 04:12:18 (100%) A-V:  0.000 Dropped: 308 Cache: 19s/14MB
AV: 04:11:58 / 04:12:18 (100%) A-V:  0.000 Dropped: 308 Cache: 19s/13MB
AV: 04:11:58 / 04:12:18 (100%) A-V:  0.000 Dropped: 308 Cache: 18s/13MB
AV: 04:11:59 / 04:12:18 (100%) A-V:  0.000 Dropped: 308 Cache: 18s/13MB
AV: 04:11:59 / 04:12:18 (100%) A-V:  0.000 Dropped: 308 Cache: 17s/13MB
AV: 04:11:59 / 04:12:18 (100%) A-V:  0.000 Dropped: 308 Cache: 17s/12MB
AV: 04:12:00 / 04:12:18 (100%) A-V:  0.000 Dropped: 308 Cache: 17s/12MB
AV: 04:12:00 / 04:12:18 (100%) A-V:  0.000 Dropped: 308 Cache: 16s/12MB
AV: 04:12:01 / 04:12:18 (100%) A-V:  0.000 Dropped: 308 Cache: 16s/12MB
AV: 04:12:01 / 04:12:19 (100%) A-V:  0.000 Dropped: 308 Cache: 18s/13MB
AV: 04:12:01 / 04:12:24 (100%) A-V:  0.000 Dropped: 308 Cache: 22s/16MB
AV: 04:12:01 / 04:12:24 (100%) A-V:  0.000 Dropped: 308 Cache: 21s/16MB
AV: 04:12:01 / 04:12:24 (100%) A-V:  0.000 Dropped: 308 Cache: 21s/15MB
AV: 04:12:02 / 04:12:24 (100%) A-V:  0.000 Dropped: 308 Cache: 21s/15MB
AV: 04:12:02 / 04:12:24 (100%) A-V:  0.000 Dropped: 308 Cache: 20s/15MB
AV: 04:12:03 / 04:12:24 (100%) A-V:  0.000 Dropped: 308 Cache: 20s/15MB
AV: 04:12:03 / 04:12:24 (100%) A-V:  0.000 Dropped: 308 Cache: 20s/14MB
AV: 04:12:03 / 04:12:24 (100%) A-V:  0.000 Dropped: 308 Cache: 19s/14MB
AV: 04:12:04 / 04:12:24 (100%) A-V:  0.000 Dropped: 308 Cache: 19s/14MB
AV: 04:12:04 / 04:12:24 (100%) A-V:  0.000 Dropped: 308 Cache: 19s/13MB
AV: 04:12:04 / 04:12:24 (100%) A-V:  0.000 Dropped: 308 Cache: 18s/13MB
AV: 04:12:05 / 04:12:24 (100%) A-V:  0.000 Dropped: 308 Cache: 18s/13MB
AV: 04:12:05 / 04:12:24 (100%) A-V:  0.000 Dropped: 308 Cache: 17s/13MB
AV: 04:12:05 / 04:12:24 (100%) A-V:  0.000 Dropped: 308 Cache: 17s/12MB
AV: 04:12:06 / 04:12:24 (100%) A-V:  0.000 Dropped: 308 Cache: 17s/12MB
AV: 04:12:06 / 04:12:24 (100%) A-V:  0.000 Dropped: 308 Cache: 16s/12MB
AV: 04:12:07 / 04:12:24 (100%) A-V:  0.000 Dropped: 308 Cache: 16s/12MB
AV: 04:12:07 / 04:12:24 (100%) A-V:  0.000 Dropped: 308 Cache: 16s/11MB
AV: 04:12:07 / 04:12:30 (100%) A-V:  0.000 Dropped: 308 Cache: 22s/16MB
AV: 04:12:07 / 04:12:30 (100%) A-V:  0.000 Dropped: 308 Cache: 21s/16MB
AV: 04:12:07 / 04:12:30 (100%) A-V:  0.000 Dropped: 308 Cache: 21s/15MB
AV: 04:12:08 / 04:12:30 (100%) A-V:  0.000 Dropped: 308 Cache: 21s/15MB
AV: 04:12:08 / 04:12:30 (100%) A-V:  0.000 Dropped: 308 Cache: 20s/15MB
AV: 04:12:09 / 04:12:30 (100%) A-V:  0.000 Dropped: 308 Cache: 20s/15MB
AV: 04:12:09 / 04:12:30 (100%) A-V:  0.000 Dropped: 308 Cache: 20s/14MB
AV: 04:12:09 / 04:12:30 (100%) A-V:  0.000 Dropped: 308 Cache: 19s/14MB
AV: 04:12:10 / 04:12:30 (100%) A-V:  0.000 Dropped: 308 Cache: 19s/14MB
AV: 04:12:10 / 04:12:30 (100%) A-V:  0.000 Dropped: 308 Cache: 19s/13MB
AV: 04:12:10 / 04:12:30 (100%) A-V:  0.000 Dropped: 308 Cache: 18s/13MB
AV: 04:12:11 / 04:12:30 (100%) A-V:  0.000 Dropped: 308 Cache: 18s/13MB
AV: 04:12:11 / 04:12:30 (100%) A-V:  0.000 Dropped: 308 Cache: 17s/13MB
AV: 04:12:11 / 04:12:30 (100%) A-V:  0.000 Dropped: 308 Cache: 17s/12MB
AV: 04:12:12 / 04:12:30 (100%) A-V:  0.000 Dropped: 308 Cache: 17s/12MB
AV: 04:12:12 / 04:12:30 (100%) A-V:  0.000 Dropped: 308 Cache: 16s/12MB
AV: 04:12:13 / 04:12:30 (100%) A-V:  0.000 Dropped: 308 Cache: 16s/12MB
AV: 04:12:13 / 04:12:30 (100%) A-V:  0.000 Dropped: 308 Cache: 16s/11MB
AV: 04:12:13 / 04:12:36 (100%) A-V:  0.000 Dropped: 308 Cache: 22s/16MB
AV: 04:12:13 / 04:12:36 (100%) A-V:  0.000 Dropped: 308 Cache: 21s/16MB
AV: 04:12:13 / 04:12:36 (100%) A-V:  0.000 Dropped: 308 Cache: 21s/15MB
AV: 04:12:14 / 04:12:36 (100%) A-V:  0.000 Dropped: 308 Cache: 21s/15MB
AV: 04:12:14 / 04:12:42 (100%) A-V:  0.000 Dropped: 308 Cache: 27s/19MB
AV: 04:12:14 / 04:12:42 (100%) A-V:  0.000 Dropped: 308 Cache: 26s/19MB
AV: 04:12:15 / 04:12:42 (100%) A-V:  0.000 Dropped: 308 Cache: 26s/19MB
AV: 04:12:15 / 04:12:42 (100%) A-V:  0.000 Dropped: 308 Cache: 26s/18MB
AV: 04:12:15 / 04:12:42 (100%) A-V:  0.000 Dropped: 308 Cache: 25s/18MB
AV: 04:12:16 / 04:12:42 (100%) A-V:  0.000 Dropped: 308 Cache: 25s/18MB
AV: 04:12:16 / 04:12:42 (100%) A-V:  0.000 Dropped: 308 Cache: 24s/18MB
AV: 04:12:16 / 04:12:42 (100%) A-V:  0.000 Dropped: 308 Cache: 24s/17MB
AV: 04:12:17 / 04:12:42 (100%) A-V:  0.000 Dropped: 308 Cache: 24s/17MB
AV: 04:12:17 / 04:12:42 (100%) A-V:  0.000 Dropped: 308 Cache: 23s/17MB
AV: 04:12:18 / 04:12:42 (100%) A-V:  0.000 Dropped: 308 Cache: 23s/17MB
AV: 04:12:18 / 04:12:42 (100%) A-V:  0.000 Dropped: 308 Cache: 23s/16MB
AV: 04:12:18 / 04:12:42 (100%) A-V:  0.000 Dropped: 308 Cache: 22s/16MB
AV: 04:12:19 / 04:12:42 (100%) A-V:  0.000 Dropped: 308 Cache: 22s/16MB
AV: 04:12:19 / 04:12:42 (100%) A-V:  0.000 Dropped: 308 Cache: 21s/16MB
AV: 04:12:19 / 04:12:42 (100%) A-V:  0.000 Dropped: 308 Cache: 21s/15MB
AV: 04:12:19 / 04:12:42 (100%) A-V:  0.000 Dropped: 308 Cache: 22s/16MB
AV: 04:12:19 / 04:12:48 (100%) A-V:  0.000 Dropped: 308 Cache: 27s/20MB
AV: 04:12:20 / 04:12:48 (100%) A-V:  0.000 Dropped: 308 Cache: 27s/20MB
AV: 04:12:20 / 04:12:48 (100%) A-V:  0.000 Dropped: 308 Cache: 27s/19MB
AV: 04:12:20 / 04:12:48 (100%) A-V:  0.000 Dropped: 308 Cache: 26s/19MB
AV: 04:12:21 / 04:12:48 (100%) A-V:  0.000 Dropped: 308 Cache: 26s/19MB
AV: 04:12:21 / 04:12:48 (100%) A-V:  0.000 Dropped: 308 Cache: 25s/19MB
AV: 04:12:21 / 04:12:48 (100%) A-V:  0.000 Dropped: 308 Cache: 25s/18MB
AV: 04:12:22 / 04:12:48 (100%) A-V:  0.000 Dropped: 308 Cache: 25s/18MB
AV: 04:12:22 / 04:12:48 (100%) A-V:  0.000 Dropped: 308 Cache: 24s/18MB
AV: 04:12:23 / 04:12:48 (100%) A-V:  0.000 Dropped: 308 Cache: 24s/18MB
AV: 04:12:23 / 04:12:48 (100%) A-V:  0.000 Dropped: 308 Cache: 24s/17MB
AV: 04:12:23 / 04:12:48 (100%) A-V:  0.000 Dropped: 308 Cache: 23s/17MB
AV: 04:12:24 / 04:12:48 (100%) A-V:  0.000 Dropped: 308 Cache: 23s/17MB
AV: 04:12:24 / 04:12:48 (100%) A-V:  0.000 Dropped: 308 Cache: 23s/16MB
AV: 04:12:24 / 04:12:48 (100%) A-V:  0.000 Dropped: 308 Cache: 22s/16MB
AV: 04:12:25 / 04:12:48 (100%) A-V:  0.000 Dropped: 308 Cache: 22s/16MB
AV: 04:12:25 / 04:12:48 (100%) A-V:  0.000 Dropped: 308 Cache: 21s/16MB
AV: 04:12:25 / 04:12:48 (100%) A-V:  0.000 Dropped: 308 Cache: 21s/15MB
AV: 04:12:26 / 04:12:48 (100%) A-V:  0.000 Dropped: 308 Cache: 21s/15MB
AV: 04:12:26 / 04:12:48 (100%) A-V:  0.000 Dropped: 308 Cache: 20s/15MB
AV: 04:12:27 / 04:12:48 (100%) A-V:  0.000 Dropped: 308 Cache: 20s/15MB
AV: 04:12:27 / 04:12:48 (100%) A-V:  0.000 Dropped: 308 Cache: 20s/14MB
AV: 04:12:27 / 04:12:48 (100%) A-V:  0.000 Dropped: 308 Cache: 19s/14MB
AV: 04:12:28 / 04:12:48 (100%) A-V:  0.000 Dropped: 308 Cache: 19s/14MB
AV: 04:12:28 / 04:12:48 (100%) A-V:  0.000 Dropped: 308 Cache: 19s/13MB
AV: 04:12:28 / 04:12:48 (100%) A-V:  0.000 Dropped: 308 Cache: 18s/13MB
AV: 04:12:29 / 04:12:48 (100%) A-V:  0.000 Dropped: 308 Cache: 18s/13MB
AV: 04:12:29 / 04:12:49 (100%) A-V:  0.000 Dropped: 308 Cache: 19s/14MB
AV: 04:12:29 / 04:12:54 (100%) A-V:  0.000 Dropped: 308 Cache: 24s/17MB
AV: 04:12:29 / 04:12:54 (100%) A-V:  0.000 Dropped: 308 Cache: 23s/17MB
AV: 04:12:30 / 04:12:54 (100%) A-V:  0.000 Dropped: 308 Cache: 23s/17MB
AV: 04:12:30 / 04:12:54 (100%) A-V:  0.000 Dropped: 308 Cache: 23s/16MB
AV: 04:12:30 / 04:12:54 (100%) A-V:  0.000 Dropped: 308 Cache: 22s/16MB
AV: 04:12:31 / 04:12:54 (100%) A-V:  0.000 Dropped: 308 Cache: 22s/16MB
AV: 04:12:31 / 04:12:54 (100%) A-V:  0.000 Dropped: 308 Cache: 22s/15MB
AV: 04:12:31 / 04:12:54 (100%) A-V:  0.000 Dropped: 308 Cache: 21s/15MB
AV: 04:12:32 / 04:12:54 (100%) A-V:  0.000 Dropped: 308 Cache: 21s/15MB
AV: 04:12:32 / 04:12:54 (100%) A-V:  0.000 Dropped: 308 Cache: 21s/14MB
AV: 04:12:32 / 04:12:54 (100%) A-V:  0.000 Dropped: 308 Cache: 20s/14MB
AV: 04:12:33 / 04:12:54 (100%) A-V:  0.000 Dropped: 308 Cache: 20s/14MB
AV: 04:12:33 / 04:12:54 (100%) A-V:  0.000 Dropped: 308 Cache: 19s/14MB
AV: 04:12:34 / 04:12:54 (100%) A-V:  0.000 Dropped: 308 Cache: 19s/14MB
AV: 04:12:34 / 04:12:54 (100%) A-V:  0.000 Dropped: 308 Cache: 19s/13MB
AV: 04:12:34 / 04:12:54 (100%) A-V:  0.000 Dropped: 308 Cache: 18s/13MB
AV: 04:12:35 / 04:12:54 (100%) A-V:  0.000 Dropped: 308 Cache: 18s/13MB
AV: 04:12:35 / 04:12:55 (100%) A-V:  0.000 Dropped: 308 Cache: 20s/14MB
AV: 04:12:35 / 04:13:00 (100%) A-V:  0.000 Dropped: 308 Cache: 24s/17MB
AV: 04:12:35 / 04:13:00 (100%) A-V:  0.000 Dropped: 308 Cache: 23s/17MB
AV: 04:12:35 / 04:13:00 (100%) A-V:  0.000 Dropped: 308 Cache: 23s/16MB
AV: 04:12:36 / 04:13:00 (100%) A-V:  0.000 Dropped: 308 Cache: 23s/16MB
AV: 04:12:36 / 04:13:00 (100%) A-V:  0.000 Dropped: 308 Cache: 22s/16MB
AV: 04:12:37 / 04:13:00 (100%) A-V:  0.000 Dropped: 308 Cache: 22s/16MB
AV: 04:12:37 / 04:13:00 (100%) A-V:  0.000 Dropped: 308 Cache: 22s/15MB
AV: 04:12:37 / 04:13:00 (100%) A-V:  0.000 Dropped: 308 Cache: 21s/15MB
AV: 04:12:38 / 04:13:00 (100%) A-V:  0.000 Dropped: 308 Cache: 21s/15MB
AV: 04:12:38 / 04:13:00 (100%) A-V:  0.000 Dropped: 308 Cache: 20s/15MB
AV: 04:12:38 / 04:13:00 (100%) A-V:  0.000 Dropped: 308 Cache: 20s/14MB
AV: 04:12:39 / 04:13:00 (100%) A-V:  0.000 Dropped: 308 Cache: 20s/14MB
AV: 04:12:39 / 04:13:00 (100%) A-V:  0.000 Dropped: 308 Cache: 19s/14MB
AV: 04:12:40 / 04:13:00 (100%) A-V:  0.000 Dropped: 308 Cache: 19s/14MB
AV: 04:12:40 / 04:13:00 (100%) A-V:  0.000 Dropped: 308 Cache: 19s/13MB
AV: 04:12:40 / 04:13:00 (100%) A-V:  0.000 Dropped: 308 Cache: 18s/13MB
AV: 04:12:41 / 04:13:00 (100%) A-V:  0.000 Dropped: 308 Cache: 18s/13MB
AV: 04:12:41 / 04:13:05 (100%) A-V:  0.000 Dropped: 308 Cache: 23s/17MB
AV: 04:12:41 / 04:13:05 (100%) A-V:  0.000 Dropped: 308 Cache: 23s/16MB
AV: 04:12:42 / 04:13:05 (100%) A-V:  0.000 Dropped: 308 Cache: 23s/16MB
AV: 04:12:42 / 04:13:05 (100%) A-V:  0.000 Dropped: 308 Cache: 22s/16MB
AV: 04:12:43 / 04:13:05 (100%) A-V:  0.000 Dropped: 308 Cache: 22s/16MB
AV: 04:12:43 / 04:13:05 (100%) A-V:  0.000 Dropped: 308 Cache: 22s/15MB
AV: 04:12:43 / 04:13:05 (100%) A-V:  0.000 Dropped: 308 Cache: 21s/15MB
AV: 04:12:44 / 04:13:05 (100%) A-V:  0.000 Dropped: 308 Cache: 21s/15MB
AV: 04:12:44 / 04:13:05 (100%) A-V:  0.000 Dropped: 308 Cache: 20s/15MB
AV: 04:12:44 / 04:13:05 (100%) A-V:  0.000 Dropped: 308 Cache: 20s/14MB
AV: 04:12:45 / 04:13:05 (100%) A-V:  0.000 Dropped: 308 Cache: 20s/14MB
AV: 04:12:45 / 04:13:05 (100%) A-V:  0.000 Dropped: 308 Cache: 19s/14MB
AV: 04:12:45 / 04:13:05 (100%) A-V:  0.000 Dropped: 308 Cache: 19s/13MB
AV: 04:12:46 / 04:13:05 (100%) A-V:  0.000 Dropped: 308 Cache: 19s/13MB
AV: 04:12:46 / 04:13:05 (100%) A-V:  0.000 Dropped: 308 Cache: 18s/13MB
AV: 04:12:47 / 04:13:05 (100%) A-V:  0.000 Dropped: 308 Cache: 18s/13MB
AV: 04:12:47 / 04:13:05 (100%) A-V:  0.000 Dropped: 308 Cache: 18s/12MB
AV: 04:12:47 / 04:13:11 (100%) A-V:  0.000 Dropped: 308 Cache: 23s/17MB
AV: 04:12:47 / 04:13:12 (100%) A-V:  0.000 Dropped: 308 Cache: 24s/17MB
AV: 04:12:47 / 04:13:12 (100%) A-V:  0.000 Dropped: 308 Cache: 23s/17MB
AV: 04:12:48 / 04:13:12 (100%) A-V:  0.000 Dropped: 308 Cache: 23s/17MB
AV: 04:12:48 / 04:13:12 (100%) A-V:  0.000 Dropped: 308 Cache: 23s/16MB
AV: 04:12:48 / 04:13:12 (100%) A-V:  0.000 Dropped: 308 Cache: 22s/16MB
AV: 04:12:49 / 04:13:12 (100%) A-V:  0.000 Dropped: 308 Cache: 22s/16MB
AV: 04:12:49 / 04:13:12 (100%) A-V:  0.000 Dropped: 308 Cache: 22s/15MB
AV: 04:12:49 / 04:13:12 (100%) A-V:  0.000 Dropped: 308 Cache: 21s/15MB
AV: 04:12:50 / 04:13:12 (100%) A-V:  0.000 Dropped: 308 Cache: 21s/15MB
AV: 04:12:50 / 04:13:12 (100%) A-V:  0.000 Dropped: 308 Cache: 20s/15MB
AV: 04:12:51 / 04:13:12 (100%) A-V:  0.000 Dropped: 308 Cache: 20s/15MB
AV: 04:12:51 / 04:13:12 (100%) A-V:  0.000 Dropped: 308 Cache: 20s/14MB
AV: 04:12:51 / 04:13:12 (100%) A-V:  0.000 Dropped: 308 Cache: 19s/14MB
AV: 04:12:52 / 04:13:12 (100%) A-V:  0.000 Dropped: 308 Cache: 19s/14MB
AV: 04:12:52 / 04:13:12 (100%) A-V:  0.000 Dropped: 308 Cache: 18s/14MB
AV: 04:12:52 / 04:13:12 (100%) A-V:  0.000 Dropped: 308 Cache: 18s/13MB
AV: 04:12:53 / 04:13:12 (100%) A-V:  0.000 Dropped: 308 Cache: 18s/13MB
AV: 04:12:53 / 04:13:12 (100%) A-V:  0.000 Dropped: 308 Cache: 17s/13MB
AV: 04:12:53 / 04:13:17 (100%) A-V:  0.000 Dropped: 308 Cache: 23s/17MB
AV: 04:12:54 / 04:13:17 (100%) A-V:  0.000 Dropped: 308 Cache: 23s/17MB
AV: 04:12:54 / 04:13:17 (100%) A-V:  0.000 Dropped: 308 Cache: 23s/16MB
AV: 04:12:54 / 04:13:17 (100%) A-V:  0.000 Dropped: 308 Cache: 22s/16MB
AV: 04:12:55 / 04:13:17 (100%) A-V:  0.000 Dropped: 308 Cache: 22s/16MB
AV: 04:12:55 / 04:13:17 (100%) A-V:  0.000 Dropped: 308 Cache: 21s/16MB
AV: 04:12:55 / 04:13:17 (100%) A-V:  0.000 Dropped: 308 Cache: 21s/15MB
AV: 04:12:56 / 04:13:17 (100%) A-V:  0.000 Dropped: 308 Cache: 21s/15MB
AV: 04:12:56 / 04:13:17 (100%) A-V:  0.000 Dropped: 308 Cache: 20s/15MB
AV: 04:12:56 / 04:13:17 (100%) A-V:  0.000 Dropped: 308 Cache: 20s/14MB
AV: 04:12:57 / 04:13:17 (100%) A-V:  0.000 Dropped: 308 Cache: 20s/14MB
AV: 04:12:57 / 04:13:17 (100%) A-V:  0.000 Dropped: 308 Cache: 19s/14MB
AV: 04:12:58 / 04:13:17 (100%) A-V:  0.000 Dropped: 308 Cache: 19s/14MB
AV: 04:12:58 / 04:13:17 (100%) A-V:  0.000 Dropped: 308 Cache: 18s/14MB
AV: 04:12:58 / 04:13:17 (100%) A-V:  0.000 Dropped: 308 Cache: 18s/13MB
AV: 04:12:59 / 04:13:17 (100%) A-V:  0.000 Dropped: 308 Cache: 18s/13MB
AV: 04:12:59 / 04:13:17 (100%) A-V:  0.000 Dropped: 308 Cache: 17s/13MB
AV: 04:12:59 / 04:13:18 (100%) A-V:  0.000 Dropped: 308 Cache: 18s/13MB
AV: 04:12:59 / 04:13:24 (100%) A-V:  0.000 Dropped: 308 Cache: 24s/17MB
AV: 04:12:59 / 04:13:24 (100%) A-V:  0.000 Dropped: 308 Cache: 23s/17MB
AV: 04:13:00 / 04:13:24 (100%) A-V:  0.000 Dropped: 308 Cache: 23s/17MB
AV: 04:13:00 / 04:13:24 (100%) A-V:  0.000 Dropped: 308 Cache: 23s/16MB
AV: 04:13:00 / 04:13:24 (100%) A-V:  0.000 Dropped: 308 Cache: 22s/16MB
AV: 04:13:01 / 04:13:24 (100%) A-V:  0.000 Dropped: 308 Cache: 22s/16MB
AV: 04:13:01 / 04:13:24 (100%) A-V:  0.000 Dropped: 308 Cache: 22s/15MB
AV: 04:13:01 / 04:13:24 (100%) A-V:  0.000 Dropped: 308 Cache: 21s/15MB
AV: 04:13:02 / 04:13:24 (100%) A-V:  0.000 Dropped: 308 Cache: 21s/15MB
AV: 04:13:02 / 04:13:24 (100%) A-V:  0.000 Dropped: 308 Cache: 20s/15MB
AV: 04:13:02 / 04:13:24 (100%) A-V:  0.000 Dropped: 308 Cache: 20s/14MB
AV: 04:13:03 / 04:13:24 (100%) A-V:  0.000 Dropped: 308 Cache: 20s/14MB
AV: 04:13:03 / 04:13:24 (100%) A-V:  0.000 Dropped: 308 Cache: 19s/14MB
AV: 04:13:04 / 04:13:24 (100%) A-V:  0.000 Dropped: 308 Cache: 19s/14MB
AV: 04:13:04 / 04:13:24 (100%) A-V:  0.000 Dropped: 308 Cache: 19s/13MB
AV: 04:13:04 / 04:13:24 (100%) A-V:  0.000 Dropped: 308 Cache: 18s/13MB
AV: 04:13:05 / 04:13:24 (100%) A-V:  0.000 Dropped: 308 Cache: 18s/13MB
AV: 04:13:05 / 04:13:24 (100%) A-V:  0.000 Dropped: 308 Cache: 18s/12MB
AV: 04:13:05 / 04:13:24 (100%) A-V:  0.000 Dropped: 308 Cache: 17s/12MB
AV: 04:13:06 / 04:13:24 (100%) A-V:  0.000 Dropped: 308 Cache: 17s/12MB
AV: 04:13:06 / 04:13:30 (100%) A-V:  0.000 Dropped: 308 Cache: 23s/16MB
AV: 04:13:06 / 04:13:30 (100%) A-V:  0.000 Dropped: 308 Cache: 22s/16MB
AV: 04:13:07 / 04:13:30 (100%) A-V:  0.000 Dropped: 308 Cache: 22s/16MB
AV: 04:13:07 / 04:13:30 (100%) A-V:  0.000 Dropped: 308 Cache: 22s/15MB
AV: 04:13:07 / 04:13:30 (100%) A-V:  0.000 Dropped: 308 Cache: 21s/15MB
AV: 04:13:08 / 04:13:30 (100%) A-V:  0.000 Dropped: 308 Cache: 21s/15MB
AV: 04:13:08 / 04:13:30 (100%) A-V:  0.000 Dropped: 308 Cache: 20s/15MB
AV: 04:13:08 / 04:13:30 (100%) A-V:  0.000 Dropped: 308 Cache: 20s/14MB
AV: 04:13:09 / 04:13:30 (100%) A-V:  0.000 Dropped: 308 Cache: 20s/14MB
AV: 04:13:09 / 04:13:30 (100%) A-V:  0.000 Dropped: 308 Cache: 19s/14MB
AV: 04:13:10 / 04:13:30 (100%) A-V:  0.000 Dropped: 308 Cache: 19s/14MB
AV: 04:13:10 / 04:13:30 (100%) A-V:  0.000 Dropped: 308 Cache: 19s/13MB
AV: 04:13:10 / 04:13:30 (100%) A-V:  0.000 Dropped: 308 Cache: 18s/13MB
AV: 04:13:11 / 04:13:30 (100%) A-V:  0.000 Dropped: 308 Cache: 18s/13MB
AV: 04:13:11 / 04:13:30 (100%) A-V:  0.000 Dropped: 308 Cache: 18s/12MB
AV: 04:13:11 / 04:13:30 (100%) A-V:  0.000 Dropped: 308 Cache: 17s/12MB
AV: 04:13:12 / 04:13:30 (100%) A-V:  0.000 Dropped: 308 Cache: 17s/12MB
AV: 04:13:12 / 04:13:36 (100%) A-V:  0.000 Dropped: 308 Cache: 23s/16MB
AV: 04:13:12 / 04:13:36 (100%) A-V:  0.000 Dropped: 308 Cache: 22s/16MB
AV: 04:13:13 / 04:13:36 (100%) A-V:  0.000 Dropped: 308 Cache: 22s/16MB
AV: 04:13:13 / 04:13:36 (100%) A-V:  0.000 Dropped: 308 Cache: 21s/16MB
AV: 04:13:14 / 04:13:36 (100%) A-V:  0.000 Dropped: 308 Cache: 21s/16MB
AV: 04:13:14 / 04:13:36 (100%) A-V:  0.000 Dropped: 308 Cache: 21s/15MB
AV: 04:13:14 / 04:13:36 (100%) A-V:  0.000 Dropped: 308 Cache: 20s/15MB
AV: 04:13:15 / 04:13:36 (100%) A-V:  0.000 Dropped: 308 Cache: 20s/15MB
AV: 04:13:15 / 04:13:36 (100%) A-V:  0.000 Dropped: 308 Cache: 20s/14MB
AV: 04:13:15 / 04:13:36 (100%) A-V:  0.000 Dropped: 308 Cache: 19s/14MB
AV: 04:13:16 / 04:13:36 (100%) A-V:  0.000 Dropped: 308 Cache: 19s/14MB
AV: 04:13:16 / 04:13:36 (100%) A-V:  0.000 Dropped: 308 Cache: 19s/13MB
AV: 04:13:16 / 04:13:36 (100%) A-V:  0.000 Dropped: 308 Cache: 18s/13MB
AV: 04:13:17 / 04:13:36 (100%) A-V:  0.000 Dropped: 308 Cache: 18s/13MB
AV: 04:13:17 / 04:13:36 (100%) A-V:  0.000 Dropped: 308 Cache: 17s/13MB
AV: 04:13:17 / 04:13:36 (100%) A-V:  0.000 Dropped: 308 Cache: 17s/12MB
AV: 04:13:18 / 04:13:36 (100%) A-V:  0.000 Dropped: 308 Cache: 17s/12MB
AV: 04:13:18 / 04:13:42 (100%) A-V:  0.000 Dropped: 308 Cache: 23s/16MB
AV: 04:13:18 / 04:13:42 (100%) A-V:  0.000 Dropped: 308 Cache: 22s/16MB
AV: 04:13:19 / 04:13:42 (100%) A-V:  0.000 Dropped: 308 Cache: 22s/16MB
AV: 04:13:19 / 04:13:42 (100%) A-V:  0.000 Dropped: 308 Cache: 21s/16MB
AV: 04:13:19 / 04:13:42 (100%) A-V:  0.000 Dropped: 308 Cache: 21s/15MB
AV: 04:13:20 / 04:13:42 (100%) A-V:  0.000 Dropped: 308 Cache: 21s/15MB
AV: 04:13:20 / 04:13:42 (100%) A-V:  0.000 Dropped: 308 Cache: 20s/15MB
AV: 04:13:21 / 04:13:42 (100%) A-V:  0.000 Dropped: 308 Cache: 20s/15MB
AV: 04:13:21 / 04:13:42 (100%) A-V:  0.000 Dropped: 308 Cache: 20s/14MB
AV: 04:13:21 / 04:13:42 (100%) A-V:  0.000 Dropped: 308 Cache: 19s/14MB
AV: 04:13:22 / 04:13:42 (100%) A-V:  0.000 Dropped: 308 Cache: 19s/14MB
AV: 04:13:22 / 04:13:42 (100%) A-V:  0.000 Dropped: 308 Cache: 19s/13MB
AV: 04:13:22 / 04:13:42 (100%) A-V:  0.000 Dropped: 308 Cache: 18s/13MB
AV: 04:13:23 / 04:13:42 (100%) A-V:  0.000 Dropped: 308 Cache: 18s/13MB
AV: 04:13:23 / 04:13:42 (100%) A-V:  0.000 Dropped: 308 Cache: 17s/13MB
AV: 04:13:24 / 04:13:42 (100%) A-V:  0.000 Dropped: 308 Cache: 17s/12MB
AV: 04:13:24 / 04:13:48 (100%) A-V:  0.000 Dropped: 308 Cache: 23s/16MB
AV: 04:13:24 / 04:13:48 (100%) A-V:  0.000 Dropped: 308 Cache: 22s/16MB
AV: 04:13:25 / 04:13:48 (100%) A-V:  0.000 Dropped: 308 Cache: 22s/16MB
AV: 04:13:25 / 04:13:48 (100%) A-V:  0.000 Dropped: 308 Cache: 21s/16MB
AV: 04:13:25 / 04:13:48 (100%) A-V:  0.000 Dropped: 308 Cache: 21s/15MB
AV: 04:13:26 / 04:13:48 (100%) A-V:  0.000 Dropped: 308 Cache: 21s/15MB
AV: 04:13:26 / 04:13:48 (100%) A-V:  0.000 Dropped: 308 Cache: 20s/15MB
AV: 04:13:27 / 04:13:48 (100%) A-V:  0.000 Dropped: 308 Cache: 20s/15MB
AV: 04:13:27 / 04:13:48 (100%) A-V:  0.000 Dropped: 308 Cache: 20s/14MB
AV: 04:13:27 / 04:13:48 (100%) A-V:  0.000 Dropped: 308 Cache: 19s/14MB
AV: 04:13:28 / 04:13:48 (100%) A-V:  0.000 Dropped: 308 Cache: 19s/14MB
AV: 04:13:28 / 04:13:48 (100%) A-V:  0.000 Dropped: 308 Cache: 19s/13MB
AV: 04:13:28 / 04:13:48 (100%) A-V:  0.000 Dropped: 308 Cache: 18s/13MB
AV: 04:13:29 / 04:13:48 (100%) A-V:  0.000 Dropped: 308 Cache: 18s/13MB
AV: 04:13:29 / 04:13:48 (100%) A-V:  0.000 Dropped: 308 Cache: 17s/13MB
AV: 04:13:29 / 04:13:48 (100%) A-V:  0.000 Dropped: 308 Cache: 17s/12MB
AV: 04:13:30 / 04:13:48 (100%) A-V:  0.000 Dropped: 308 Cache: 17s/12MB
AV: 04:13:30 / 04:13:48 (100%) A-V:  0.000 Dropped: 308 Cache: 16s/12MB
AV: 04:13:30 / 04:13:49 (100%) A-V:  0.000 Dropped: 308 Cache: 17s/13MB
AV: 04:13:30 / 04:13:54 (100%) A-V:  0.000 Dropped: 308 Cache: 22s/16MB
AV: 04:13:31 / 04:13:54 (100%) A-V:  0.000 Dropped: 308 Cache: 22s/16MB
AV: 04:13:31 / 04:13:54 (100%) A-V:  0.000 Dropped: 308 Cache: 21s/16MB
AV: 04:13:32 / 04:13:54 (100%) A-V:  0.000 Dropped: 308 Cache: 21s/16MB
AV: 04:13:32 / 04:13:54 (100%) A-V:  0.000 Dropped: 308 Cache: 21s/15MB
AV: 04:13:32 / 04:13:54 (100%) A-V:  0.000 Dropped: 308 Cache: 20s/15MB
AV: 04:13:33 / 04:13:54 (100%) A-V:  0.000 Dropped: 308 Cache: 20s/15MB
AV: 04:13:33 / 04:13:54 (100%) A-V:  0.000 Dropped: 308 Cache: 20s/14MB
AV: 04:13:33 / 04:13:54 (100%) A-V:  0.000 Dropped: 308 Cache: 19s/14MB
AV: 04:13:34 / 04:13:54 (100%) A-V:  0.000 Dropped: 308 Cache: 19s/14MB
AV: 04:13:34 / 04:13:54 (100%) A-V:  0.000 Dropped: 308 Cache: 19s/13MB
AV: 04:13:34 / 04:13:54 (100%) A-V:  0.000 Dropped: 308 Cache: 18s/13MB
AV: 04:13:35 / 04:13:54 (100%) A-V:  0.000 Dropped: 308 Cache: 18s/13MB
AV: 04:13:35 / 04:13:54 (100%) A-V:  0.000 Dropped: 308 Cache: 17s/13MB
AV: 04:13:35 / 04:13:54 (100%) A-V:  0.000 Dropped: 308 Cache: 17s/12MB
AV: 04:13:36 / 04:13:54 (100%) A-V:  0.000 Dropped: 308 Cache: 17s/12MB
AV: 04:13:36 / 04:13:54 (100%) A-V:  0.000 Dropped: 308 Cache: 16s/12MB
AV: 04:13:36 / 04:13:58 (100%) A-V:  0.000 Dropped: 308 Cache: 20s/14MB
AV: 04:13:36 / 04:14:00 (100%) A-V:  0.000 Dropped: 308 Cache: 22s/16MB
AV: 04:13:37 / 04:14:00 (100%) A-V:  0.000 Dropped: 308 Cache: 22s/16MB
AV: 04:13:37 / 04:14:00 (100%) A-V:  0.000 Dropped: 308 Cache: 22s/15MB
AV: 04:13:37 / 04:14:00 (100%) A-V:  0.000 Dropped: 308 Cache: 21s/15MB
AV: 04:13:38 / 04:14:00 (100%) A-V:  0.000 Dropped: 308 Cache: 21s/15MB
AV: 04:13:38 / 04:14:00 (100%) A-V:  0.000 Dropped: 308 Cache: 21s/14MB
AV: 04:13:38 / 04:14:00 (100%) A-V:  0.000 Dropped: 308 Cache: 20s/14MB
AV: 04:13:39 / 04:14:00 (100%) A-V:  0.000 Dropped: 308 Cache: 20s/14MB
AV: 04:13:39 / 04:14:00 (100%) A-V:  0.000 Dropped: 308 Cache: 19s/14MB
AV: 04:13:39 / 04:14:00 (100%) A-V:  0.000 Dropped: 308 Cache: 19s/13MB
AV: 04:13:40 / 04:14:00 (100%) A-V:  0.000 Dropped: 308 Cache: 19s/13MB
AV: 04:13:40 / 04:14:00 (100%) A-V:  0.000 Dropped: 308 Cache: 18s/13MB
AV: 04:13:41 / 04:14:00 (100%) A-V:  0.000 Dropped: 308 Cache: 18s/13MB
AV: 04:13:41 / 04:14:00 (100%) A-V:  0.000 Dropped: 308 Cache: 18s/12MB
AV: 04:13:41 / 04:14:00 (100%) A-V:  0.000 Dropped: 308 Cache: 17s/12MB
AV: 04:13:42 / 04:14:00 (100%) A-V:  0.000 Dropped: 308 Cache: 17s/12MB
AV: 04:13:42 / 04:14:00 (100%) A-V:  0.000 Dropped: 308 Cache: 16s/12MB
AV: 04:13:42 / 04:14:00 (100%) A-V:  0.000 Dropped: 308 Cache: 16s/11MB
AV: 04:13:43 / 04:14:00 (100%) A-V:  0.000 Dropped: 308 Cache: 16s/11MB
AV: 04:13:43 / 04:14:02 (100%) A-V:  0.000 Dropped: 308 Cache: 19s/14MB
AV: 04:13:43 / 04:14:06 (100%) A-V:  0.000 Dropped: 308 Cache: 22s/16MB
AV: 04:13:43 / 04:14:06 (100%) A-V:  0.000 Dropped: 308 Cache: 21s/16MB
AV: 04:13:43 / 04:14:06 (100%) A-V:  0.000 Dropped: 308 Cache: 21s/15MB
AV: 04:13:44 / 04:14:06 (100%) A-V:  0.000 Dropped: 308 Cache: 21s/15MB
AV: 04:13:44 / 04:14:06 (100%) A-V:  0.000 Dropped: 308 Cache: 20s/15MB
AV: 04:13:44 / 04:14:06 (100%) A-V:  0.000 Dropped: 308 Cache: 20s/14MB
AV: 04:13:45 / 04:14:06 (100%) A-V:  0.000 Dropped: 308 Cache: 20s/14MB
AV: 04:13:45 / 04:14:06 (100%) A-V:  0.000 Dropped: 308 Cache: 19s/14MB
AV: 04:13:46 / 04:14:06 (100%) A-V:  0.000 Dropped: 308 Cache: 19s/14MB
AV: 04:13:46 / 04:14:06 (100%) A-V:  0.000 Dropped: 308 Cache: 19s/13MB
AV: 04:13:46 / 04:14:06 (100%) A-V:  0.000 Dropped: 308 Cache: 18s/13MB
AV: 04:13:47 / 04:14:06 (100%) A-V:  0.000 Dropped: 308 Cache: 18s/13MB
AV: 04:13:47 / 04:14:06 (100%) A-V:  0.000 Dropped: 308 Cache: 17s/13MB
AV: 04:13:47 / 04:14:06 (100%) A-V:  0.000 Dropped: 308 Cache: 17s/12MB
AV: 04:13:48 / 04:14:06 (100%) A-V:  0.000 Dropped: 308 Cache: 17s/12MB
AV: 04:13:48 / 04:14:06 (100%) A-V:  0.000 Dropped: 308 Cache: 16s/12MB
AV: 04:13:49 / 04:14:06 (100%) A-V:  0.000 Dropped: 308 Cache: 16s/12MB
AV: 04:13:49 / 04:14:12 (100%) A-V:  0.000 Dropped: 308 Cache: 22s/16MB
AV: 04:13:49 / 04:14:12 (100%) A-V:  0.000 Dropped: 308 Cache: 21s/16MB
AV: 04:13:49 / 04:14:12 (100%) A-V:  0.000 Dropped: 308 Cache: 21s/15MB
AV: 04:13:50 / 04:14:12 (100%) A-V:  0.000 Dropped: 308 Cache: 21s/15MB
AV: 04:13:50 / 04:14:12 (100%) A-V:  0.000 Dropped: 308 Cache: 20s/15MB
AV: 04:13:51 / 04:14:12 (100%) A-V:  0.000 Dropped: 308 Cache: 20s/15MB
AV: 04:13:51 / 04:14:12 (100%) A-V:  0.000 Dropped: 308 Cache: 20s/14MB
AV: 04:13:51 / 04:14:12 (100%) A-V:  0.000 Dropped: 308 Cache: 19s/14MB
AV: 04:13:52 / 04:14:12 (100%) A-V:  0.000 Dropped: 308 Cache: 19s/14MB
AV: 04:13:52 / 04:14:12 (100%) A-V:  0.000 Dropped: 308 Cache: 19s/13MB
AV: 04:13:52 / 04:14:12 (100%) A-V:  0.000 Dropped: 308 Cache: 18s/13MB
AV: 04:13:53 / 04:14:12 (100%) A-V:  0.000 Dropped: 308 Cache: 18s/13MB
AV: 04:13:53 / 04:14:12 (100%) A-V:  0.000 Dropped: 308 Cache: 17s/13MB
AV: 04:13:53 / 04:14:12 (100%) A-V:  0.000 Dropped: 308 Cache: 17s/12MB
AV: 04:13:54 / 04:14:12 (100%) A-V:  0.000 Dropped: 308 Cache: 17s/12MB
AV: 04:13:54 / 04:14:12 (100%) A-V:  0.000 Dropped: 308 Cache: 16s/12MB
AV: 04:13:55 / 04:14:12 (100%) A-V:  0.000 Dropped: 308 Cache: 16s/12MB
AV: 04:13:55 / 04:14:12 (100%) A-V:  0.000 Dropped: 308 Cache: 16s/11MB
AV: 04:13:55 / 04:14:12 (100%) A-V:  0.000 Dropped: 308 Cache: 16s/12MB
AV: 04:13:55 / 04:14:18 (100%) A-V:  0.000 Dropped: 308 Cache: 22s/16MB
AV: 04:13:55 / 04:14:18 (100%) A-V:  0.000 Dropped: 308 Cache: 22s/15MB
AV: 04:13:55 / 04:14:18 (100%) A-V:  0.000 Dropped: 308 Cache: 21s/15MB
AV: 04:13:56 / 04:14:18 (100%) A-V:  0.000 Dropped: 308 Cache: 21s/15MB
AV: 04:13:56 / 04:14:18 (100%) A-V:  0.000 Dropped: 308 Cache: 20s/15MB
AV: 04:13:56 / 04:14:18 (100%) A-V:  0.000 Dropped: 308 Cache: 20s/14MB
AV: 04:13:57 / 04:14:18 (100%) A-V:  0.000 Dropped: 308 Cache: 20s/14MB
AV: 04:13:57 / 04:14:18 (100%) A-V:  0.000 Dropped: 308 Cache: 19s/14MB
AV: 04:13:58 / 04:14:18 (100%) A-V:  0.000 Dropped: 308 Cache: 19s/14MB
AV: 04:13:58 / 04:14:18 (100%) A-V:  0.000 Dropped: 308 Cache: 19s/13MB
AV: 04:13:58 / 04:14:18 (100%) A-V:  0.000 Dropped: 308 Cache: 18s/13MB
AV: 04:13:59 / 04:14:18 (100%) A-V:  0.000 Dropped: 308 Cache: 18s/13MB
AV: 04:13:59 / 04:14:18 (100%) A-V:  0.000 Dropped: 308 Cache: 17s/13MB
AV: 04:13:59 / 04:14:18 (100%) A-V:  0.000 Dropped: 308 Cache: 17s/12MB
AV: 04:14:00 / 04:14:18 (100%) A-V:  0.000 Dropped: 308 Cache: 17s/12MB
AV: 04:14:00 / 04:14:18 (100%) A-V:  0.000 Dropped: 308 Cache: 16s/12MB
AV: 04:14:00 / 04:14:18 (100%) A-V:  0.000 Dropped: 308 Cache: 16s/11MB
AV: 04:14:01 / 04:14:18 (100%) A-V:  0.000 Dropped: 308 Cache: 16s/11MB
AV: 04:14:01 / 04:14:24 (100%) A-V:  0.000 Dropped: 308 Cache: 21s/15MB
AV: 04:14:02 / 04:14:24 (100%) A-V:  0.000 Dropped: 308 Cache: 21s/15MB
AV: 04:14:02 / 04:14:30 (100%) A-V:  0.000 Dropped: 308 Cache: 27s/19MB
AV: 04:14:02 / 04:14:30 (100%) A-V:  0.000 Dropped: 308 Cache: 26s/19MB
AV: 04:14:03 / 04:14:30 (100%) A-V:  0.000 Dropped: 308 Cache: 26s/19MB
AV: 04:14:03 / 04:14:30 (100%) A-V:  0.000 Dropped: 308 Cache: 26s/18MB
AV: 04:14:03 / 04:14:30 (100%) A-V:  0.000 Dropped: 308 Cache: 25s/18MB
AV: 04:14:04 / 04:14:30 (100%) A-V:  0.000 Dropped: 308 Cache: 25s/18MB
AV: 04:14:04 / 04:14:30 (100%) A-V:  0.000 Dropped: 308 Cache: 25s/17MB
AV: 04:14:04 / 04:14:30 (100%) A-V:  0.000 Dropped: 308 Cache: 24s/17MB
AV: 04:14:05 / 04:14:30 (100%) A-V:  0.000 Dropped: 308 Cache: 24s/17MB
AV: 04:14:05 / 04:14:30 (100%) A-V:  0.000 Dropped: 308 Cache: 23s/17MB
AV: 04:14:05 / 04:14:30 (100%) A-V:  0.000 Dropped: 308 Cache: 23s/16MB
AV: 04:14:06 / 04:14:30 (100%) A-V:  0.000 Dropped: 308 Cache: 23s/16MB
AV: 04:14:06 / 04:14:30 (100%) A-V:  0.000 Dropped: 308 Cache: 22s/16MB
AV: 04:14:07 / 04:14:30 (100%) A-V:  0.000 Dropped: 308 Cache: 22s/16MB
AV: 04:14:07 / 04:14:30 (100%) A-V:  0.000 Dropped: 308 Cache: 22s/15MB
AV: 04:14:07 / 04:14:30 (100%) A-V:  0.000 Dropped: 308 Cache: 21s/15MB
AV: 04:14:08 / 04:14:30 (100%) A-V:  0.000 Dropped: 308 Cache: 21s/15MB
AV: 04:14:08 / 04:14:30 (100%) A-V:  0.000 Dropped: 308 Cache: 20s/15MB
AV: 04:14:08 / 04:14:30 (100%) A-V:  0.000 Dropped: 308 Cache: 20s/14MB
AV: 04:14:09 / 04:14:30 (100%) A-V:  0.000 Dropped: 308 Cache: 20s/14MB
AV: 04:14:09 / 04:14:30 (100%) A-V:  0.000 Dropped: 308 Cache: 19s/14MB
AV: 04:14:10 / 04:14:30 (100%) A-V:  0.000 Dropped: 308 Cache: 19s/14MB
AV: 04:14:10 / 04:14:30 (100%) A-V:  0.000 Dropped: 308 Cache: 19s/13MB
AV: 04:14:10 / 04:14:30 (100%) A-V:  0.000 Dropped: 308 Cache: 18s/13MB
AV: 04:14:11 / 04:14:30 (100%) A-V:  0.000 Dropped: 308 Cache: 18s/13MB
AV: 04:14:11 / 04:14:34 (100%) A-V:  0.000 Dropped: 308 Cache: 23s/16MB
AV: 04:14:11 / 04:14:36 (100%) A-V:  0.000 Dropped: 308 Cache: 24s/17MB
AV: 04:14:11 / 04:14:36 (100%) A-V:  0.000 Dropped: 308 Cache: 23s/17MB
AV: 04:14:12 / 04:14:36 (100%) A-V:  0.000 Dropped: 308 Cache: 23s/17MB
AV: 04:14:12 / 04:14:36 (100%) A-V:  0.000 Dropped: 308 Cache: 23s/16MB
AV: 04:14:12 / 04:14:36 (100%) A-V:  0.000 Dropped: 308 Cache: 22s/16MB
AV: 04:14:13 / 04:14:36 (100%) A-V:  0.000 Dropped: 308 Cache: 22s/16MB
AV: 04:14:13 / 04:14:36 (100%) A-V:  0.000 Dropped: 308 Cache: 22s/15MB
AV: 04:14:13 / 04:14:36 (100%) A-V:  0.000 Dropped: 308 Cache: 21s/15MB
AV: 04:14:14 / 04:14:36 (100%) A-V:  0.000 Dropped: 308 Cache: 21s/15MB
AV: 04:14:14 / 04:14:36 (100%) A-V:  0.000 Dropped: 308 Cache: 20s/15MB
AV: 04:14:14 / 04:14:36 (100%) A-V:  0.000 Dropped: 308 Cache: 20s/14MB
AV: 04:14:15 / 04:14:36 (100%) A-V:  0.000 Dropped: 308 Cache: 20s/14MB
AV: 04:14:15 / 04:14:36 (100%) A-V:  0.000 Dropped: 308 Cache: 19s/14MB
AV: 04:14:16 / 04:14:36 (100%) A-V:  0.000 Dropped: 308 Cache: 19s/14MB
AV: 04:14:16 / 04:14:36 (100%) A-V:  0.000 Dropped: 308 Cache: 19s/13MB
AV: 04:14:16 / 04:14:36 (100%) A-V:  0.000 Dropped: 308 Cache: 18s/13MB
AV: 04:14:17 / 04:14:36 (100%) A-V:  0.000 Dropped: 308 Cache: 18s/13MB
AV: 04:14:17 / 04:14:42 (100%) A-V:  0.000 Dropped: 308 Cache: 24s/17MB
AV: 04:14:17 / 04:14:42 (100%) A-V:  0.000 Dropped: 308 Cache: 23s/17MB
AV: 04:14:17 / 04:14:42 (100%) A-V:  0.000 Dropped: 308 Cache: 23s/16MB
AV: 04:14:18 / 04:14:42 (100%) A-V:  0.000 Dropped: 308 Cache: 23s/16MB
AV: 04:14:18 / 04:14:42 (100%) A-V:  0.000 Dropped: 308 Cache: 22s/16MB
AV: 04:14:19 / 04:14:42 (100%) A-V:  0.000 Dropped: 308 Cache: 22s/16MB
AV: 04:14:19 / 04:14:42 (100%) A-V:  0.000 Dropped: 308 Cache: 22s/15MB
AV: 04:14:19 / 04:14:42 (100%) A-V:  0.000 Dropped: 308 Cache: 21s/15MB
AV: 04:14:20 / 04:14:42 (100%) A-V:  0.000 Dropped: 308 Cache: 21s/15MB
AV: 04:14:20 / 04:14:42 (100%) A-V:  0.000 Dropped: 308 Cache: 20s/15MB
AV: 04:14:20 / 04:14:42 (100%) A-V:  0.000 Dropped: 308 Cache: 20s/14MB
AV: 04:14:21 / 04:14:42 (100%) A-V:  0.000 Dropped: 308 Cache: 20s/14MB
AV: 04:14:21 / 04:14:42 (100%) A-V:  0.000 Dropped: 308 Cache: 19s/14MB
AV: 04:14:22 / 04:14:42 (100%) A-V:  0.000 Dropped: 308 Cache: 19s/14MB
AV: 04:14:22 / 04:14:42 (100%) A-V:  0.000 Dropped: 308 Cache: 19s/13MB
AV: 04:14:22 / 04:14:42 (100%) A-V:  0.000 Dropped: 308 Cache: 18s/13MB
AV: 04:14:23 / 04:14:42 (100%) A-V:  0.000 Dropped: 308 Cache: 18s/13MB
AV: 04:14:23 / 04:14:48 (100%) A-V:  0.000 Dropped: 308 Cache: 24s/18MB
AV: 04:14:23 / 04:14:48 (100%) A-V:  0.000 Dropped: 308 Cache: 24s/17MB
AV: 04:14:23 / 04:14:48 (100%) A-V:  0.000 Dropped: 308 Cache: 23s/17MB
AV: 04:14:24 / 04:14:48 (100%) A-V:  0.000 Dropped: 308 Cache: 23s/17MB
AV: 04:14:24 / 04:14:48 (100%) A-V:  0.000 Dropped: 308 Cache: 23s/16MB
AV: 04:14:24 / 04:14:48 (100%) A-V:  0.000 Dropped: 308 Cache: 22s/16MB
AV: 04:14:25 / 04:14:48 (100%) A-V:  0.000 Dropped: 308 Cache: 22s/16MB
AV: 04:14:25 / 04:14:48 (100%) A-V:  0.000 Dropped: 308 Cache: 21s/16MB
AV: 04:14:26 / 04:14:48 (100%) A-V:  0.000 Dropped: 308 Cache: 21s/15MB
AV: 04:14:26 / 04:14:48 (100%) A-V:  0.000 Dropped: 308 Cache: 20s/15MB
AV: 04:14:27 / 04:14:48 (100%) A-V:  0.000 Dropped: 308 Cache: 20s/15MB
AV: 04:14:27 / 04:14:48 (100%) A-V:  0.000 Dropped: 308 Cache: 20s/14MB
AV: 04:14:27 / 04:14:48 (100%) A-V:  0.000 Dropped: 308 Cache: 19s/14MB
AV: 04:14:28 / 04:14:48 (100%) A-V:  0.000 Dropped: 308 Cache: 19s/14MB
AV: 04:14:28 / 04:14:48 (100%) A-V:  0.000 Dropped: 308 Cache: 19s/13MB
AV: 04:14:28 / 04:14:48 (100%) A-V:  0.000 Dropped: 308 Cache: 18s/13MB
AV: 04:14:29 / 04:14:48 (100%) A-V:  0.000 Dropped: 308 Cache: 18s/13MB
AV: 04:14:29 / 04:14:54 (100%) A-V:  0.000 Dropped: 308 Cache: 24s/17MB
AV: 04:14:29 / 04:14:54 (100%) A-V:  0.000 Dropped: 308 Cache: 23s/17MB
AV: 04:14:30 / 04:14:54 (100%) A-V:  0.000 Dropped: 308 Cache: 23s/17MB
AV: 04:14:30 / 04:14:54 (100%) A-V:  0.000 Dropped: 308 Cache: 23s/16MB
AV: 04:14:30 / 04:14:54 (100%) A-V:  0.000 Dropped: 308 Cache: 22s/16MB
AV: 04:14:31 / 04:14:54 (100%) A-V:  0.000 Dropped: 308 Cache: 22s/16MB
AV: 04:14:31 / 04:14:54 (100%) A-V:  0.000 Dropped: 308 Cache: 21s/16MB
AV: 04:14:31 / 04:14:54 (100%) A-V:  0.000 Dropped: 308 Cache: 21s/15MB
AV: 04:14:32 / 04:14:54 (100%) A-V:  0.000 Dropped: 308 Cache: 21s/15MB
AV: 04:14:32 / 04:14:54 (100%) A-V:  0.000 Dropped: 308 Cache: 20s/15MB
AV: 04:14:33 / 04:14:54 (100%) A-V:  0.000 Dropped: 308 Cache: 20s/15MB
AV: 04:14:33 / 04:14:54 (100%) A-V:  0.000 Dropped: 308 Cache: 20s/14MB
AV: 04:14:33 / 04:14:54 (100%) A-V:  0.000 Dropped: 308 Cache: 19s/14MB
AV: 04:14:34 / 04:14:54 (100%) A-V:  0.000 Dropped: 308 Cache: 19s/14MB
AV: 04:14:34 / 04:14:54 (100%) A-V:  0.000 Dropped: 308 Cache: 19s/13MB
AV: 04:14:34 / 04:14:54 (100%) A-V:  0.000 Dropped: 308 Cache: 18s/13MB
AV: 04:14:35 / 04:14:54 (100%) A-V:  0.000 Dropped: 308 Cache: 18s/13MB
AV: 04:14:35 / 04:15:00 (100%) A-V:  0.000 Dropped: 308 Cache: 24s/17MB
AV: 04:14:35 / 04:15:00 (100%) A-V:  0.000 Dropped: 308 Cache: 23s/17MB
AV: 04:14:36 / 04:15:00 (100%) A-V:  0.000 Dropped: 308 Cache: 23s/17MB
AV: 04:14:36 / 04:15:00 (100%) A-V:  0.000 Dropped: 308 Cache: 23s/16MB
AV: 04:14:36 / 04:15:00 (100%) A-V:  0.000 Dropped: 308 Cache: 22s/16MB
AV: 04:14:37 / 04:15:00 (100%) A-V:  0.000 Dropped: 308 Cache: 22s/16MB
AV: 04:14:37 / 04:15:00 (100%) A-V:  0.000 Dropped: 308 Cache: 21s/16MB
AV: 04:14:37 / 04:15:00 (100%) A-V:  0.000 Dropped: 308 Cache: 21s/15MB
AV: 04:14:38 / 04:15:00 (100%) A-V:  0.000 Dropped: 308 Cache: 21s/15MB
AV: 04:14:38 / 04:15:00 (100%) A-V:  0.000 Dropped: 308 Cache: 20s/15MB
AV: 04:14:39 / 04:15:00 (100%) A-V:  0.000 Dropped: 308 Cache: 20s/15MB
AV: 04:14:39 / 04:15:00 (100%) A-V:  0.000 Dropped: 308 Cache: 20s/14MB
AV: 04:14:39 / 04:15:00 (100%) A-V:  0.000 Dropped: 308 Cache: 19s/14MB
AV: 04:14:40 / 04:15:00 (100%) A-V:  0.000 Dropped: 308 Cache: 19s/14MB
AV: 04:14:40 / 04:15:00 (100%) A-V:  0.000 Dropped: 308 Cache: 18s/14MB
AV: 04:14:40 / 04:15:00 (100%) A-V:  0.000 Dropped: 308 Cache: 18s/13MB
AV: 04:14:41 / 04:15:00 (100%) A-V:  0.000 Dropped: 308 Cache: 18s/13MB
AV: 04:14:41 / 04:15:00 (100%) A-V:  0.000 Dropped: 308 Cache: 17s/13MB
AV: 04:14:41 / 04:15:01 (100%) A-V:  0.000 Dropped: 308 Cache: 19s/14MB
AV: 04:14:41 / 04:15:06 (100%) A-V:  0.000 Dropped: 308 Cache: 23s/17MB
AV: 04:14:42 / 04:15:06 (100%) A-V:  0.000 Dropped: 308 Cache: 23s/17MB
AV: 04:14:42 / 04:15:06 (100%) A-V:  0.000 Dropped: 308 Cache: 22s/17MB
AV: 04:14:42 / 04:15:06 (100%) A-V:  0.000 Dropped: 308 Cache: 22s/16MB
AV: 04:14:43 / 04:15:06 (100%) A-V:  0.000 Dropped: 308 Cache: 22s/16MB
AV: 04:14:43 / 04:15:06 (100%) A-V:  0.000 Dropped: 308 Cache: 21s/16MB
AV: 04:14:43 / 04:15:06 (100%) A-V:  0.000 Dropped: 308 Cache: 21s/15MB
AV: 04:14:44 / 04:15:06 (100%) A-V:  0.000 Dropped: 308 Cache: 21s/15MB
AV: 04:14:44 / 04:15:06 (100%) A-V:  0.000 Dropped: 308 Cache: 20s/15MB
AV: 04:14:45 / 04:15:06 (100%) A-V:  0.000 Dropped: 308 Cache: 20s/15MB
AV: 04:14:45 / 04:15:06 (100%) A-V:  0.000 Dropped: 308 Cache: 20s/14MB
AV: 04:14:45 / 04:15:06 (100%) A-V:  0.000 Dropped: 308 Cache: 19s/14MB
AV: 04:14:46 / 04:15:06 (100%) A-V:  0.000 Dropped: 308 Cache: 19s/14MB
AV: 04:14:46 / 04:15:06 (100%) A-V:  0.000 Dropped: 308 Cache: 19s/13MB
AV: 04:14:46 / 04:15:06 (100%) A-V:  0.000 Dropped: 308 Cache: 18s/13MB
AV: 04:14:47 / 04:15:06 (100%) A-V:  0.000 Dropped: 308 Cache: 18s/13MB
AV: 04:14:47 / 04:15:06 (100%) A-V:  0.000 Dropped: 308 Cache: 17s/13MB
AV: 04:14:47 / 04:15:06 (100%) A-V:  0.000 Dropped: 308 Cache: 17s/12MB
AV: 04:14:48 / 04:15:06 (100%) A-V:  0.000 Dropped: 308 Cache: 17s/12MB
AV: 04:14:48 / 04:15:12 (100%) A-V:  0.000 Dropped: 308 Cache: 23s/16MB
AV: 04:14:48 / 04:15:12 (100%) A-V:  0.000 Dropped: 308 Cache: 22s/16MB
AV: 04:14:49 / 04:15:12 (100%) A-V:  0.000 Dropped: 308 Cache: 22s/16MB
AV: 04:14:49 / 04:15:12 (100%) A-V:  0.000 Dropped: 308 Cache: 22s/15MB
AV: 04:14:49 / 04:15:12 (100%) A-V:  0.000 Dropped: 308 Cache: 21s/15MB
AV: 04:14:50 / 04:15:12 (100%) A-V:  0.000 Dropped: 308 Cache: 21s/15MB
AV: 04:14:50 / 04:15:12 (100%) A-V:  0.000 Dropped: 308 Cache: 20s/15MB
AV: 04:14:50 / 04:15:12 (100%) A-V:  0.000 Dropped: 308 Cache: 20s/14MB
AV: 04:14:51 / 04:15:12 (100%) A-V:  0.000 Dropped: 308 Cache: 20s/14MB
AV: 04:14:51 / 04:15:12 (100%) A-V:  0.000 Dropped: 308 Cache: 19s/14MB
AV: 04:14:52 / 04:15:12 (100%) A-V:  0.000 Dropped: 308 Cache: 19s/14MB
AV: 04:14:52 / 04:15:12 (100%) A-V:  0.000 Dropped: 308 Cache: 19s/13MB
AV: 04:14:52 / 04:15:12 (100%) A-V:  0.000 Dropped: 308 Cache: 18s/13MB
AV: 04:14:53 / 04:15:12 (100%) A-V:  0.000 Dropped: 308 Cache: 18s/13MB
AV: 04:14:53 / 04:15:12 (100%) A-V:  0.000 Dropped: 308 Cache: 18s/12MB
AV: 04:14:53 / 04:15:12 (100%) A-V:  0.000 Dropped: 308 Cache: 17s/12MB
AV: 04:14:54 / 04:15:12 (100%) A-V:  0.000 Dropped: 308 Cache: 17s/12MB
AV: 04:14:54 / 04:15:17 (100%) A-V:  0.000 Dropped: 308 Cache: 23s/16MB
AV: 04:14:54 / 04:15:17 (100%) A-V:  0.000 Dropped: 308 Cache: 22s/16MB
AV: 04:14:55 / 04:15:17 (100%) A-V:  0.000 Dropped: 308 Cache: 22s/16MB
AV: 04:14:55 / 04:15:17 (100%) A-V:  0.000 Dropped: 308 Cache: 22s/15MB
AV: 04:14:55 / 04:15:17 (100%) A-V:  0.000 Dropped: 308 Cache: 21s/15MB
AV: 04:14:56 / 04:15:17 (100%) A-V:  0.000 Dropped: 308 Cache: 21s/15MB
AV: 04:14:56 / 04:15:17 (100%) A-V:  0.000 Dropped: 308 Cache: 20s/15MB
AV: 04:14:56 / 04:15:17 (100%) A-V:  0.000 Dropped: 308 Cache: 20s/14MB
AV: 04:14:57 / 04:15:17 (100%) A-V:  0.000 Dropped: 308 Cache: 20s/14MB
AV: 04:14:57 / 04:15:17 (100%) A-V:  0.000 Dropped: 308 Cache: 19s/14MB
AV: 04:14:57 / 04:15:17 (100%) A-V:  0.000 Dropped: 308 Cache: 19s/13MB
AV: 04:14:58 / 04:15:17 (100%) A-V:  0.000 Dropped: 308 Cache: 19s/13MB
AV: 04:14:58 / 04:15:17 (100%) A-V:  0.000 Dropped: 308 Cache: 18s/13MB
AV: 04:14:59 / 04:15:17 (100%) A-V:  0.000 Dropped: 308 Cache: 18s/13MB
AV: 04:14:59 / 04:15:17 (100%) A-V:  0.000 Dropped: 308 Cache: 18s/12MB
AV: 04:14:59 / 04:15:17 (100%) A-V:  0.000 Dropped: 308 Cache: 17s/12MB
AV: 04:14:59 / 04:15:22 (100%) A-V:  0.000 Dropped: 308 Cache: 22s/16MB
AV: 04:15:00 / 04:15:22 (100%) A-V:  0.000 Dropped: 308 Cache: 22s/16MB
AV: 04:15:00 / 04:15:28 (100%) A-V:  0.000 Dropped: 308 Cache: 27s/19MB
AV: 04:15:00 / 04:15:28 (100%) A-V:  0.000 Dropped: 308 Cache: 26s/19MB
AV: 04:15:01 / 04:15:28 (100%) A-V:  0.000 Dropped: 308 Cache: 26s/19MB
AV: 04:15:01 / 04:15:28 (100%) A-V:  0.000 Dropped: 308 Cache: 26s/18MB
AV: 04:15:01 / 04:15:28 (100%) A-V:  0.000 Dropped: 308 Cache: 25s/18MB
AV: 04:15:02 / 04:15:28 (100%) A-V:  0.000 Dropped: 308 Cache: 25s/18MB
AV: 04:15:02 / 04:15:28 (100%) A-V:  0.000 Dropped: 308 Cache: 24s/18MB
AV: 04:15:02 / 04:15:28 (100%) A-V:  0.000 Dropped: 308 Cache: 24s/17MB
AV: 04:15:03 / 04:15:28 (100%) A-V:  0.000 Dropped: 308 Cache: 24s/17MB
AV: 04:15:03 / 04:15:28 (100%) A-V:  0.000 Dropped: 308 Cache: 23s/17MB
AV: 04:15:04 / 04:15:28 (100%) A-V:  0.000 Dropped: 308 Cache: 23s/17MB
AV: 04:15:04 / 04:15:28 (100%) A-V:  0.000 Dropped: 308 Cache: 23s/16MB
AV: 04:15:04 / 04:15:28 (100%) A-V:  0.000 Dropped: 308 Cache: 22s/16MB
AV: 04:15:05 / 04:15:28 (100%) A-V:  0.000 Dropped: 308 Cache: 22s/16MB
AV: 04:15:05 / 04:15:28 (100%) A-V:  0.000 Dropped: 308 Cache: 22s/15MB
AV: 04:15:05 / 04:15:28 (100%) A-V:  0.000 Dropped: 308 Cache: 21s/15MB
AV: 04:15:06 / 04:15:28 (100%) A-V:  0.000 Dropped: 308 Cache: 21s/15MB
AV: 04:15:06 / 04:15:28 (100%) A-V:  0.000 Dropped: 308 Cache: 20s/15MB
AV: 04:15:07 / 04:15:28 (100%) A-V:  0.000 Dropped: 308 Cache: 20s/15MB
AV: 04:15:07 / 04:15:28 (100%) A-V:  0.000 Dropped: 308 Cache: 20s/14MB
AV: 04:15:07 / 04:15:28 (100%) A-V:  0.000 Dropped: 308 Cache: 19s/14MB
AV: 04:15:08 / 04:15:28 (100%) A-V:  0.000 Dropped: 308 Cache: 19s/14MB
AV: 04:15:08 / 04:15:28 (100%) A-V:  0.000 Dropped: 308 Cache: 19s/13MB
AV: 04:15:08 / 04:15:28 (100%) A-V:  0.000 Dropped: 308 Cache: 18s/13MB
AV: 04:15:09 / 04:15:28 (100%) A-V:  0.000 Dropped: 308 Cache: 18s/13MB
AV: 04:15:09 / 04:15:28 (100%) A-V:  0.000 Dropped: 308 Cache: 17s/13MB
AV: 04:15:09 / 04:15:28 (100%) A-V:  0.000 Dropped: 308 Cache: 17s/12MB
AV: 04:15:10 / 04:15:28 (100%) A-V:  0.000 Dropped: 308 Cache: 17s/12MB
AV: 04:15:10 / 04:15:28 (100%) A-V:  0.000 Dropped: 308 Cache: 16s/12MB
AV: 04:15:11 / 04:15:28 (100%) A-V:  0.000 Dropped: 308 Cache: 16s/12MB
AV: 04:15:11 / 04:15:33 (100%) A-V:  0.000 Dropped: 308 Cache: 22s/16MB
AV: 04:15:11 / 04:15:34 (100%) A-V:  0.000 Dropped: 308 Cache: 22s/16MB
AV: 04:15:11 / 04:15:34 (100%) A-V:  0.000 Dropped: 308 Cache: 21s/16MB
AV: 04:15:11 / 04:15:34 (100%) A-V:  0.000 Dropped: 308 Cache: 21s/15MB
AV: 04:15:12 / 04:15:34 (100%) A-V:  0.000 Dropped: 308 Cache: 21s/15MB
AV: 04:15:12 / 04:15:34 (100%) A-V:  0.000 Dropped: 308 Cache: 20s/15MB
AV: 04:15:13 / 04:15:34 (100%) A-V:  0.000 Dropped: 308 Cache: 20s/15MB
AV: 04:15:13 / 04:15:34 (100%) A-V:  0.000 Dropped: 308 Cache: 20s/14MB
AV: 04:15:13 / 04:15:34 (100%) A-V:  0.000 Dropped: 308 Cache: 19s/14MB
AV: 04:15:14 / 04:15:34 (100%) A-V:  0.000 Dropped: 308 Cache: 19s/14MB
AV: 04:15:14 / 04:15:34 (100%) A-V:  0.000 Dropped: 308 Cache: 19s/13MB
AV: 04:15:14 / 04:15:34 (100%) A-V:  0.000 Dropped: 308 Cache: 18s/13MB
AV: 04:15:15 / 04:15:34 (100%) A-V:  0.000 Dropped: 308 Cache: 18s/13MB
AV: 04:15:15 / 04:15:34 (100%) A-V:  0.000 Dropped: 308 Cache: 17s/13MB
AV: 04:15:15 / 04:15:34 (100%) A-V:  0.000 Dropped: 308 Cache: 17s/12MB
AV: 04:15:16 / 04:15:34 (100%) A-V:  0.000 Dropped: 308 Cache: 17s/12MB
AV: 04:15:16 / 04:15:34 (100%) A-V:  0.000 Dropped: 308 Cache: 16s/12MB
AV: 04:15:17 / 04:15:34 (100%) A-V:  0.000 Dropped: 308 Cache: 16s/12MB
AV: 04:15:17 / 04:15:34 (100%) A-V:  0.000 Dropped: 308 Cache: 16s/11MB
AV: 04:15:17 / 04:15:40 (100%) A-V:  0.000 Dropped: 308 Cache: 22s/15MB
AV: 04:15:17 / 04:15:40 (100%) A-V:  0.000 Dropped: 308 Cache: 21s/15MB
AV: 04:15:18 / 04:15:40 (100%) A-V:  0.000 Dropped: 308 Cache: 21s/15MB
AV: 04:15:18 / 04:15:40 (100%) A-V:  0.000 Dropped: 308 Cache: 21s/14MB
AV: 04:15:18 / 04:15:40 (100%) A-V:  0.000 Dropped: 308 Cache: 20s/14MB
AV: 04:15:19 / 04:15:40 (100%) A-V:  0.000 Dropped: 308 Cache: 20s/14MB
AV: 04:15:19 / 04:15:40 (100%) A-V:  0.000 Dropped: 308 Cache: 19s/14MB
AV: 04:15:20 / 04:15:40 (100%) A-V:  0.000 Dropped: 308 Cache: 19s/14MB
AV: 04:15:20 / 04:15:40 (100%) A-V:  0.000 Dropped: 308 Cache: 19s/13MB
AV: 04:15:20 / 04:15:40 (100%) A-V:  0.000 Dropped: 308 Cache: 18s/13MB
AV: 04:15:21 / 04:15:40 (100%) A-V:  0.000 Dropped: 308 Cache: 18s/13MB
AV: 04:15:21 / 04:15:40 (100%) A-V:  0.000 Dropped: 308 Cache: 18s/12MB
AV: 04:15:21 / 04:15:40 (100%) A-V:  0.000 Dropped: 308 Cache: 17s/12MB
AV: 04:15:22 / 04:15:40 (100%) A-V:  0.000 Dropped: 308 Cache: 17s/12MB
AV: 04:15:22 / 04:15:40 (100%) A-V:  0.000 Dropped: 308 Cache: 17s/11MB
AV: 04:15:22 / 04:15:40 (100%) A-V:  0.000 Dropped: 308 Cache: 16s/11MB
AV: 04:15:23 / 04:15:40 (100%) A-V:  0.000 Dropped: 308 Cache: 16s/11MB
AV: 04:15:23 / 04:15:40 (100%) A-V:  0.000 Dropped: 308 Cache: 15s/11MB
AV: 04:15:23 / 04:15:46 (100%) A-V:  0.000 Dropped: 308 Cache: 21s/15MB
AV: 04:15:24 / 04:15:46 (100%) A-V:  0.000 Dropped: 308 Cache: 21s/15MB
AV: 04:15:24 / 04:15:46 (100%) A-V:  0.000 Dropped: 308 Cache: 20s/15MB
AV: 04:15:25 / 04:15:46 (100%) A-V:  0.000 Dropped: 308 Cache: 20s/15MB
AV: 04:15:25 / 04:15:46 (100%) A-V:  0.000 Dropped: 308 Cache: 20s/14MB
AV: 04:15:25 / 04:15:46 (100%) A-V:  0.000 Dropped: 308 Cache: 19s/14MB
AV: 04:15:26 / 04:15:46 (100%) A-V:  0.000 Dropped: 308 Cache: 19s/14MB
AV: 04:15:26 / 04:15:46 (100%) A-V:  0.000 Dropped: 308 Cache: 19s/13MB
AV: 04:15:26 / 04:15:46 (100%) A-V:  0.000 Dropped: 308 Cache: 18s/13MB
AV: 04:15:27 / 04:15:46 (100%) A-V:  0.000 Dropped: 308 Cache: 18s/13MB
AV: 04:15:27 / 04:15:46 (100%) A-V:  0.000 Dropped: 308 Cache: 17s/13MB
AV: 04:15:27 / 04:15:46 (100%) A-V:  0.000 Dropped: 308 Cache: 17s/12MB
AV: 04:15:28 / 04:15:46 (100%) A-V:  0.000 Dropped: 308 Cache: 17s/12MB
AV: 04:15:28 / 04:15:46 (100%) A-V:  0.000 Dropped: 308 Cache: 16s/12MB
AV: 04:15:29 / 04:15:46 (100%) A-V:  0.000 Dropped: 308 Cache: 16s/12MB
AV: 04:15:29 / 04:15:46 (100%) A-V:  0.000 Dropped: 308 Cache: 16s/11MB
AV: 04:15:29 / 04:15:46 (100%) A-V:  0.000 Dropped: 308 Cache: 15s/11MB
AV: 04:15:29 / 04:15:51 (100%) A-V:  0.000 Dropped: 308 Cache: 21s/15MB
AV: 04:15:30 / 04:15:51 (100%) A-V:  0.000 Dropped: 308 Cache: 21s/15MB
AV: 04:15:30 / 04:15:51 (100%) A-V:  0.000 Dropped: 308 Cache: 20s/15MB
AV: 04:15:30 / 04:15:51 (100%) A-V:  0.000 Dropped: 308 Cache: 20s/14MB
AV: 04:15:31 / 04:15:51 (100%) A-V:  0.000 Dropped: 308 Cache: 20s/14MB
AV: 04:15:31 / 04:15:51 (100%) A-V:  0.000 Dropped: 308 Cache: 19s/14MB
AV: 04:15:32 / 04:15:51 (100%) A-V:  0.000 Dropped: 308 Cache: 19s/14MB
AV: 04:15:32 / 04:15:51 (100%) A-V:  0.000 Dropped: 308 Cache: 19s/13MB
AV: 04:15:32 / 04:15:51 (100%) A-V:  0.000 Dropped: 308 Cache: 18s/13MB
AV: 04:15:33 / 04:15:51 (100%) A-V:  0.000 Dropped: 308 Cache: 18s/13MB
AV: 04:15:33 / 04:15:51 (100%) A-V:  0.000 Dropped: 308 Cache: 17s/13MB
AV: 04:15:33 / 04:15:51 (100%) A-V:  0.000 Dropped: 308 Cache: 17s/12MB
AV: 04:15:34 / 04:15:51 (100%) A-V:  0.000 Dropped: 308 Cache: 17s/12MB
AV: 04:15:34 / 04:15:51 (100%) A-V:  0.000 Dropped: 308 Cache: 16s/12MB
AV: 04:15:35 / 04:15:51 (100%) A-V:  0.000 Dropped: 308 Cache: 16s/12MB
AV: 04:15:35 / 04:15:51 (100%) A-V:  0.000 Dropped: 308 Cache: 16s/11MB
AV: 04:15:35 / 04:15:51 (100%) A-V:  0.000 Dropped: 308 Cache: 15s/11MB
AV: 04:15:35 / 04:15:58 (100%) A-V:  0.000 Dropped: 308 Cache: 22s/16MB
AV: 04:15:35 / 04:15:58 (100%) A-V:  0.000 Dropped: 308 Cache: 21s/16MB
AV: 04:15:35 / 04:15:58 (100%) A-V:  0.000 Dropped: 308 Cache: 21s/15MB
AV: 04:15:35 / 04:15:58 (100%) A-V:  0.000 Dropped: 308 Cache: 22s/16MB
AV: 04:15:35 / 04:16:04 (100%) A-V:  0.000 Dropped: 308 Cache: 27s/20MB
AV: 04:15:36 / 04:16:04 (100%) A-V:  0.000 Dropped: 308 Cache: 27s/20MB
AV: 04:15:36 / 04:16:04 (100%) A-V:  0.000 Dropped: 308 Cache: 27s/19MB
AV: 04:15:36 / 04:16:04 (100%) A-V:  0.000 Dropped: 308 Cache: 26s/19MB
AV: 04:15:37 / 04:16:04 (100%) A-V:  0.000 Dropped: 308 Cache: 26s/19MB
AV: 04:15:37 / 04:16:04 (100%) A-V:  0.000 Dropped: 308 Cache: 26s/18MB
AV: 04:15:37 / 04:16:04 (100%) A-V:  0.000 Dropped: 308 Cache: 25s/18MB
AV: 04:15:38 / 04:16:04 (100%) A-V:  0.000 Dropped: 308 Cache: 25s/18MB
AV: 04:15:38 / 04:16:04 (100%) A-V:  0.000 Dropped: 308 Cache: 24s/18MB
AV: 04:15:39 / 04:16:04 (100%) A-V:  0.000 Dropped: 308 Cache: 24s/18MB
AV: 04:15:39 / 04:16:04 (100%) A-V:  0.000 Dropped: 308 Cache: 24s/17MB
AV: 04:15:39 / 04:16:04 (100%) A-V:  0.000 Dropped: 308 Cache: 23s/17MB
AV: 04:15:40 / 04:16:04 (100%) A-V:  0.000 Dropped: 308 Cache: 23s/17MB
AV: 04:15:40 / 04:16:04 (100%) A-V:  0.000 Dropped: 308 Cache: 23s/16MB
AV: 04:15:40 / 04:16:04 (100%) A-V:  0.000 Dropped: 308 Cache: 22s/16MB
AV: 04:15:41 / 04:16:04 (100%) A-V:  0.000 Dropped: 308 Cache: 22s/16MB
AV: 04:15:41 / 04:16:04 (100%) A-V:  0.000 Dropped: 308 Cache: 22s/15MB
AV: 04:15:41 / 04:16:04 (100%) A-V:  0.000 Dropped: 308 Cache: 21s/15MB
AV: 04:15:42 / 04:16:04 (100%) A-V:  0.000 Dropped: 308 Cache: 21s/15MB
AV: 04:15:42 / 04:16:04 (100%) A-V:  0.000 Dropped: 308 Cache: 20s/15MB
AV: 04:15:42 / 04:16:04 (100%) A-V:  0.000 Dropped: 308 Cache: 20s/14MB
AV: 04:15:43 / 04:16:04 (100%) A-V:  0.000 Dropped: 308 Cache: 20s/14MB
AV: 04:15:43 / 04:16:04 (100%) A-V:  0.000 Dropped: 308 Cache: 19s/14MB
AV: 04:15:44 / 04:16:04 (100%) A-V:  0.000 Dropped: 308 Cache: 19s/14MB
AV: 04:15:44 / 04:16:04 (100%) A-V:  0.000 Dropped: 308 Cache: 19s/13MB
AV: 04:15:44 / 04:16:04 (100%) A-V:  0.000 Dropped: 308 Cache: 18s/13MB
AV: 04:15:45 / 04:16:04 (100%) A-V:  0.000 Dropped: 308 Cache: 18s/13MB
AV: 04:15:45 / 04:16:10 (100%) A-V:  0.000 Dropped: 308 Cache: 24s/17MB
AV: 04:15:45 / 04:16:10 (100%) A-V:  0.000 Dropped: 308 Cache: 23s/17MB
AV: 04:15:45 / 04:16:10 (100%) A-V:  0.000 Dropped: 308 Cache: 23s/16MB
AV: 04:15:46 / 04:16:10 (100%) A-V:  0.000 Dropped: 308 Cache: 23s/16MB
AV: 04:15:46 / 04:16:10 (100%) A-V:  0.000 Dropped: 308 Cache: 22s/16MB
AV: 04:15:47 / 04:16:10 (100%) A-V:  0.000 Dropped: 308 Cache: 22s/16MB
AV: 04:15:47 / 04:16:10 (100%) A-V:  0.000 Dropped: 308 Cache: 22s/15MB
AV: 04:15:47 / 04:16:10 (100%) A-V:  0.000 Dropped: 308 Cache: 21s/15MB
AV: 04:15:48 / 04:16:10 (100%) A-V:  0.000 Dropped: 308 Cache: 21s/15MB
AV: 04:15:48 / 04:16:10 (100%) A-V:  0.000 Dropped: 308 Cache: 20s/15MB
AV: 04:15:48 / 04:16:10 (100%) A-V:  0.000 Dropped: 308 Cache: 20s/14MB
AV: 04:15:49 / 04:16:10 (100%) A-V:  0.000 Dropped: 308 Cache: 20s/14MB
AV: 04:15:49 / 04:16:10 (100%) A-V:  0.000 Dropped: 308 Cache: 19s/14MB
AV: 04:15:49 / 04:16:10 (100%) A-V:  0.000 Dropped: 308 Cache: 19s/13MB
AV: 04:15:50 / 04:16:10 (100%) A-V:  0.000 Dropped: 308 Cache: 19s/13MB
AV: 04:15:50 / 04:16:10 (100%) A-V:  0.000 Dropped: 308 Cache: 18s/13MB
AV: 04:15:51 / 04:16:10 (100%) A-V:  0.000 Dropped: 308 Cache: 18s/13MB
AV: 04:15:51 / 04:16:10 (100%) A-V:  0.000 Dropped: 308 Cache: 18s/12MB
AV: 04:15:51 / 04:16:16 (100%) A-V:  0.000 Dropped: 308 Cache: 24s/17MB
AV: 04:15:51 / 04:16:16 (100%) A-V:  0.000 Dropped: 308 Cache: 23s/17MB
AV: 04:15:51 / 04:16:16 (100%) A-V:  0.000 Dropped: 308 Cache: 23s/16MB
AV: 04:15:52 / 04:16:16 (100%) A-V:  0.000 Dropped: 308 Cache: 23s/16MB
AV: 04:15:52 / 04:16:16 (100%) A-V:  0.000 Dropped: 308 Cache: 22s/16MB
AV: 04:15:53 / 04:16:16 (100%) A-V:  0.000 Dropped: 308 Cache: 22s/16MB
AV: 04:15:53 / 04:16:16 (100%) A-V:  0.000 Dropped: 308 Cache: 22s/15MB
AV: 04:15:53 / 04:16:16 (100%) A-V:  0.000 Dropped: 308 Cache: 21s/15MB
AV: 04:15:54 / 04:16:16 (100%) A-V:  0.000 Dropped: 308 Cache: 21s/15MB
AV: 04:15:54 / 04:16:16 (100%) A-V:  0.000 Dropped: 308 Cache: 20s/15MB
AV: 04:15:54 / 04:16:16 (100%) A-V:  0.000 Dropped: 308 Cache: 20s/14MB
AV: 04:15:55 / 04:16:16 (100%) A-V:  0.000 Dropped: 308 Cache: 20s/14MB
AV: 04:15:55 / 04:16:16 (100%) A-V:  0.000 Dropped: 308 Cache: 19s/14MB
AV: 04:15:56 / 04:16:16 (100%) A-V:  0.000 Dropped: 308 Cache: 19s/14MB
AV: 04:15:56 / 04:16:16 (100%) A-V:  0.000 Dropped: 308 Cache: 19s/13MB
AV: 04:15:56 / 04:16:16 (100%) A-V:  0.000 Dropped: 308 Cache: 18s/13MB
AV: 04:15:57 / 04:16:16 (100%) A-V:  0.000 Dropped: 308 Cache: 18s/13MB
AV: 04:15:57 / 04:16:16 (100%) A-V:  0.000 Dropped: 308 Cache: 17s/13MB
AV: 04:15:57 / 04:16:16 (100%) A-V:  0.000 Dropped: 308 Cache: 17s/12MB
AV: 04:15:58 / 04:16:16 (100%) A-V:  0.000 Dropped: 308 Cache: 17s/12MB
AV: 04:15:58 / 04:16:22 (100%) A-V:  0.000 Dropped: 308 Cache: 23s/17MB
AV: 04:15:58 / 04:16:22 (100%) A-V:  0.000 Dropped: 308 Cache: 23s/16MB
AV: 04:15:58 / 04:16:22 (100%) A-V:  0.000 Dropped: 308 Cache: 22s/16MB
AV: 04:15:59 / 04:16:22 (100%) A-V:  0.000 Dropped: 308 Cache: 22s/16MB
AV: 04:15:59 / 04:16:22 (100%) A-V:  0.000 Dropped: 308 Cache: 21s/16MB
AV: 04:15:59 / 04:16:22 (100%) A-V:  0.000 Dropped: 308 Cache: 21s/15MB
AV: 04:16:00 / 04:16:22 (100%) A-V:  0.000 Dropped: 308 Cache: 21s/15MB
AV: 04:16:00 / 04:16:22 (100%) A-V:  0.000 Dropped: 308 Cache: 20s/15MB
AV: 04:16:01 / 04:16:22 (100%) A-V:  0.000 Dropped: 308 Cache: 20s/15MB
AV: 04:16:01 / 04:16:22 (100%) A-V:  0.000 Dropped: 308 Cache: 20s/14MB
AV: 04:16:01 / 04:16:22 (100%) A-V:  0.000 Dropped: 308 Cache: 19s/14MB
AV: 04:16:02 / 04:16:22 (100%) A-V:  0.000 Dropped: 308 Cache: 19s/14MB
AV: 04:16:02 / 04:16:22 (100%) A-V:  0.000 Dropped: 308 Cache: 19s/13MB
AV: 04:16:02 / 04:16:22 (100%) A-V:  0.000 Dropped: 308 Cache: 18s/13MB
AV: 04:16:03 / 04:16:22 (100%) A-V:  0.000 Dropped: 308 Cache: 18s/13MB
AV: 04:16:03 / 04:16:22 (100%) A-V:  0.000 Dropped: 308 Cache: 17s/13MB
AV: 04:16:03 / 04:16:22 (100%) A-V:  0.000 Dropped: 308 Cache: 17s/12MB
AV: 04:16:04 / 04:16:22 (100%) A-V:  0.000 Dropped: 308 Cache: 17s/12MB
AV: 04:16:04 / 04:16:28 (100%) A-V:  0.000 Dropped: 308 Cache: 23s/16MB
AV: 04:16:04 / 04:16:28 (100%) A-V:  0.000 Dropped: 308 Cache: 22s/16MB
AV: 04:16:05 / 04:16:28 (100%) A-V:  0.000 Dropped: 308 Cache: 22s/16MB
AV: 04:16:05 / 04:16:28 (100%) A-V:  0.000 Dropped: 308 Cache: 22s/15MB
AV: 04:16:05 / 04:16:28 (100%) A-V:  0.000 Dropped: 308 Cache: 21s/15MB
AV: 04:16:06 / 04:16:28 (100%) A-V:  0.000 Dropped: 308 Cache: 21s/15MB
AV: 04:16:06 / 04:16:28 (100%) A-V:  0.000 Dropped: 308 Cache: 21s/14MB
AV: 04:16:06 / 04:16:28 (100%) A-V:  0.000 Dropped: 308 Cache: 20s/14MB
AV: 04:16:07 / 04:16:28 (100%) A-V:  0.000 Dropped: 308 Cache: 20s/14MB
AV: 04:16:07 / 04:16:28 (100%) A-V:  0.000 Dropped: 308 Cache: 19s/14MB
AV: 04:16:08 / 04:16:28 (100%) A-V:  0.000 Dropped: 308 Cache: 19s/14MB
AV: 04:16:08 / 04:16:28 (100%) A-V:  0.000 Dropped: 308 Cache: 19s/13MB
AV: 04:16:08 / 04:16:28 (100%) A-V:  0.000 Dropped: 308 Cache: 18s/13MB
AV: 04:16:09 / 04:16:28 (100%) A-V:  0.000 Dropped: 308 Cache: 18s/13MB
AV: 04:16:09 / 04:16:28 (100%) A-V:  0.000 Dropped: 308 Cache: 18s/12MB
AV: 04:16:09 / 04:16:28 (100%) A-V:  0.000 Dropped: 308 Cache: 17s/12MB
AV: 04:16:10 / 04:16:28 (100%) A-V:  0.000 Dropped: 308 Cache: 17s/12MB
AV: 04:16:10 / 04:16:34 (100%) A-V:  0.000 Dropped: 308 Cache: 23s/16MB
AV: 04:16:10 / 04:16:34 (100%) A-V:  0.000 Dropped: 308 Cache: 22s/16MB
AV: 04:16:11 / 04:16:34 (100%) A-V:  0.000 Dropped: 308 Cache: 22s/16MB
AV: 04:16:11 / 04:16:34 (100%) A-V:  0.000 Dropped: 308 Cache: 22s/15MB
AV: 04:16:11 / 04:16:34 (100%) A-V:  0.000 Dropped: 308 Cache: 21s/15MB
AV: 04:16:12 / 04:16:34 (100%) A-V:  0.000 Dropped: 308 Cache: 21s/15MB
AV: 04:16:12 / 04:16:34 (100%) A-V:  0.000 Dropped: 308 Cache: 20s/15MB
AV: 04:16:13 / 04:16:34 (100%) A-V:  0.000 Dropped: 308 Cache: 20s/15MB
AV: 04:16:13 / 04:16:34 (100%) A-V:  0.000 Dropped: 308 Cache: 20s/14MB
AV: 04:16:13 / 04:16:34 (100%) A-V:  0.000 Dropped: 308 Cache: 19s/14MB
AV: 04:16:14 / 04:16:34 (100%) A-V:  0.000 Dropped: 308 Cache: 19s/14MB
AV: 04:16:14 / 04:16:34 (100%) A-V:  0.000 Dropped: 308 Cache: 19s/13MB
AV: 04:16:14 / 04:16:34 (100%) A-V:  0.000 Dropped: 308 Cache: 18s/13MB
AV: 04:16:15 / 04:16:34 (100%) A-V:  0.000 Dropped: 308 Cache: 18s/13MB
AV: 04:16:15 / 04:16:34 (100%) A-V:  0.000 Dropped: 308 Cache: 18s/12MB
AV: 04:16:15 / 04:16:34 (100%) A-V:  0.000 Dropped: 308 Cache: 17s/12MB
AV: 04:16:16 / 04:16:34 (100%) A-V:  0.000 Dropped: 308 Cache: 17s/12MB
AV: 04:16:16 / 04:16:40 (100%) A-V:  0.000 Dropped: 308 Cache: 23s/16MB
AV: 04:16:16 / 04:16:40 (100%) A-V:  0.000 Dropped: 308 Cache: 22s/16MB
AV: 04:16:17 / 04:16:40 (100%) A-V:  0.000 Dropped: 308 Cache: 22s/16MB
AV: 04:16:17 / 04:16:40 (100%) A-V:  0.000 Dropped: 308 Cache: 22s/15MB
AV: 04:16:17 / 04:16:40 (100%) A-V:  0.000 Dropped: 308 Cache: 21s/15MB
AV: 04:16:18 / 04:16:40 (100%) A-V:  0.000 Dropped: 308 Cache: 21s/15MB
AV: 04:16:18 / 04:16:40 (100%) A-V:  0.000 Dropped: 308 Cache: 20s/15MB
AV: 04:16:19 / 04:16:40 (100%) A-V:  0.000 Dropped: 308 Cache: 20s/15MB
AV: 04:16:19 / 04:16:40 (100%) A-V:  0.000 Dropped: 308 Cache: 20s/14MB
AV: 04:16:19 / 04:16:40 (100%) A-V:  0.000 Dropped: 308 Cache: 19s/14MB
AV: 04:16:20 / 04:16:40 (100%) A-V:  0.000 Dropped: 308 Cache: 19s/14MB
AV: 04:16:20 / 04:16:40 (100%) A-V:  0.000 Dropped: 308 Cache: 19s/13MB
AV: 04:16:20 / 04:16:40 (100%) A-V:  0.000 Dropped: 308 Cache: 18s/13MB
AV: 04:16:21 / 04:16:40 (100%) A-V:  0.000 Dropped: 308 Cache: 18s/13MB
AV: 04:16:21 / 04:16:40 (100%) A-V:  0.000 Dropped: 308 Cache: 17s/13MB
AV: 04:16:21 / 04:16:40 (100%) A-V:  0.000 Dropped: 308 Cache: 17s/12MB
AV: 04:16:22 / 04:16:40 (100%) A-V:  0.000 Dropped: 308 Cache: 17s/12MB
AV: 04:16:22 / 04:16:46 (100%) A-V:  0.000 Dropped: 308 Cache: 23s/16MB
AV: 04:16:22 / 04:16:46 (100%) A-V:  0.000 Dropped: 308 Cache: 22s/16MB
AV: 04:16:23 / 04:16:46 (100%) A-V:  0.000 Dropped: 308 Cache: 22s/16MB
AV: 04:16:23 / 04:16:46 (100%) A-V:  0.000 Dropped: 308 Cache: 22s/15MB
AV: 04:16:23 / 04:16:46 (100%) A-V:  0.000 Dropped: 308 Cache: 21s/15MB
AV: 04:16:24 / 04:16:46 (100%) A-V:  0.000 Dropped: 308 Cache: 21s/15MB
AV: 04:16:24 / 04:16:46 (100%) A-V:  0.000 Dropped: 308 Cache: 20s/15MB
AV: 04:16:24 / 04:16:46 (100%) A-V:  0.000 Dropped: 308 Cache: 20s/14MB
AV: 04:16:25 / 04:16:46 (100%) A-V:  0.000 Dropped: 308 Cache: 20s/14MB
AV: 04:16:25 / 04:16:46 (100%) A-V:  0.000 Dropped: 308 Cache: 19s/14MB
AV: 04:16:26 / 04:16:46 (100%) A-V:  0.000 Dropped: 308 Cache: 19s/14MB
AV: 04:16:26 / 04:16:46 (100%) A-V:  0.000 Dropped: 308 Cache: 18s/14MB
AV: 04:16:26 / 04:16:46 (100%) A-V:  0.000 Dropped: 308 Cache: 18s/13MB
AV: 04:16:27 / 04:16:46 (100%) A-V:  0.000 Dropped: 308 Cache: 18s/13MB
AV: 04:16:27 / 04:16:46 (100%) A-V:  0.000 Dropped: 308 Cache: 17s/13MB
AV: 04:16:28 / 04:16:46 (100%) A-V:  0.000 Dropped: 308 Cache: 17s/13MB
AV: 04:16:28 / 04:16:46 (100%) A-V:  0.000 Dropped: 308 Cache: 17s/12MB
AV: 04:16:28 / 04:16:50 (100%) A-V:  0.000 Dropped: 308 Cache: 21s/15MB
AV: 04:16:28 / 04:16:52 (100%) A-V:  0.000 Dropped: 308 Cache: 23s/16MB
AV: 04:16:28 / 04:16:52 (100%) A-V:  0.000 Dropped: 308 Cache: 22s/16MB
AV: 04:16:29 / 04:16:52 (100%) A-V:  0.000 Dropped: 308 Cache: 22s/16MB
AV: 04:16:29 / 04:16:52 (100%) A-V:  0.000 Dropped: 308 Cache: 22s/15MB
AV: 04:16:29 / 04:16:52 (100%) A-V:  0.000 Dropped: 308 Cache: 21s/15MB
AV: 04:16:30 / 04:16:52 (100%) A-V:  0.000 Dropped: 308 Cache: 21s/15MB
AV: 04:16:30 / 04:16:52 (100%) A-V:  0.000 Dropped: 308 Cache: 20s/15MB
AV: 04:16:30 / 04:16:52 (100%) A-V:  0.000 Dropped: 308 Cache: 20s/14MB
AV: 04:16:31 / 04:16:52 (100%) A-V:  0.000 Dropped: 308 Cache: 20s/14MB
AV: 04:16:31 / 04:16:52 (100%) A-V:  0.000 Dropped: 308 Cache: 19s/14MB
AV: 04:16:32 / 04:16:52 (100%) A-V:  0.000 Dropped: 308 Cache: 19s/14MB
AV: 04:16:32 / 04:16:52 (100%) A-V:  0.000 Dropped: 308 Cache: 19s/13MB
AV: 04:16:32 / 04:16:52 (100%) A-V:  0.000 Dropped: 308 Cache: 18s/13MB
AV: 04:16:33 / 04:16:52 (100%) A-V:  0.000 Dropped: 308 Cache: 18s/13MB
AV: 04:16:33 / 04:16:52 (100%) A-V:  0.000 Dropped: 308 Cache: 17s/13MB
AV: 04:16:33 / 04:16:52 (100%) A-V:  0.000 Dropped: 308 Cache: 17s/12MB
AV: 04:16:34 / 04:16:52 (100%) A-V:  0.000 Dropped: 308 Cache: 17s/12MB
AV: 04:16:34 / 04:16:52 (100%) A-V:  0.000 Dropped: 308 Cache: 16s/12MB
AV: 04:16:34 / 04:16:58 (100%) A-V:  0.000 Dropped: 308 Cache: 22s/16MB
AV: 04:16:35 / 04:16:58 (100%) A-V:  0.000 Dropped: 308 Cache: 22s/16MB
AV: 04:16:35 / 04:17:00 (100%) A-V:  0.000 Dropped: 308 Cache: 24s/18MB
AV: 04:16:35 / 04:17:04 (100%) A-V:  0.000 Dropped: 308 Cache: 28s/20MB
AV: 04:16:35 / 04:17:04 (100%) A-V:  0.000 Dropped: 308 Cache: 27s/20MB
AV: 04:16:35 / 04:17:04 (100%) A-V:  0.000 Dropped: 308 Cache: 27s/19MB
AV: 04:16:36 / 04:17:04 (100%) A-V:  0.000 Dropped: 308 Cache: 27s/19MB
AV: 04:16:36 / 04:17:04 (100%) A-V:  0.000 Dropped: 308 Cache: 26s/19MB
AV: 04:16:37 / 04:17:04 (100%) A-V:  0.000 Dropped: 308 Cache: 26s/19MB
AV: 04:16:37 / 04:17:04 (100%) A-V:  0.000 Dropped: 308 Cache: 26s/18MB
AV: 04:16:37 / 04:17:04 (100%) A-V:  0.000 Dropped: 308 Cache: 25s/18MB
AV: 04:16:38 / 04:17:04 (100%) A-V:  0.000 Dropped: 308 Cache: 25s/18MB
AV: 04:16:38 / 04:17:04 (100%) A-V:  0.000 Dropped: 308 Cache: 24s/18MB
AV: 04:16:39 / 04:17:04 (100%) A-V:  0.000 Dropped: 308 Cache: 24s/18MB
AV: 04:16:39 / 04:17:04 (100%) A-V:  0.000 Dropped: 308 Cache: 24s/17MB
AV: 04:16:39 / 04:17:04 (100%) A-V:  0.000 Dropped: 308 Cache: 23s/17MB
AV: 04:16:40 / 04:17:04 (100%) A-V:  0.000 Dropped: 308 Cache: 23s/17MB
AV: 04:16:40 / 04:17:04 (100%) A-V:  0.000 Dropped: 308 Cache: 23s/16MB
AV: 04:16:40 / 04:17:04 (100%) A-V:  0.000 Dropped: 308 Cache: 22s/16MB
AV: 04:16:41 / 04:17:04 (100%) A-V:  0.000 Dropped: 308 Cache: 22s/16MB
AV: 04:16:41 / 04:17:06 (100%) A-V:  0.000 Dropped: 308 Cache: 24s/18MB
AV: 04:16:41 / 04:17:10 (100%) A-V:  0.000 Dropped: 308 Cache: 28s/20MB
AV: 04:16:41 / 04:17:10 (100%) A-V:  0.000 Dropped: 308 Cache: 27s/20MB
AV: 04:16:42 / 04:17:10 (100%) A-V:  0.000 Dropped: 308 Cache: 27s/20MB
AV: 04:16:42 / 04:17:10 (100%) A-V:  0.000 Dropped: 308 Cache: 27s/19MB
AV: 04:16:42 / 04:17:10 (100%) A-V:  0.000 Dropped: 308 Cache: 26s/19MB
AV: 04:16:43 / 04:17:10 (100%) A-V:  0.000 Dropped: 308 Cache: 26s/19MB
AV: 04:16:43 / 04:17:10 (100%) A-V:  0.000 Dropped: 308 Cache: 26s/18MB
AV: 04:16:43 / 04:17:10 (100%) A-V:  0.000 Dropped: 308 Cache: 25s/18MB
AV: 04:16:44 / 04:17:10 (100%) A-V:  0.000 Dropped: 308 Cache: 25s/18MB
AV: 04:16:44 / 04:17:10 (100%) A-V:  0.000 Dropped: 308 Cache: 24s/18MB
AV: 04:16:44 / 04:17:10 (100%) A-V:  0.000 Dropped: 308 Cache: 24s/17MB
AV: 04:16:45 / 04:17:10 (100%) A-V:  0.000 Dropped: 308 Cache: 24s/17MB
AV: 04:16:45 / 04:17:10 (100%) A-V:  0.000 Dropped: 308 Cache: 23s/17MB
AV: 04:16:46 / 04:17:10 (100%) A-V:  0.000 Dropped: 308 Cache: 23s/17MB
AV: 04:16:46 / 04:17:10 (100%) A-V:  0.000 Dropped: 308 Cache: 23s/16MB
AV: 04:16:46 / 04:17:10 (100%) A-V:  0.000 Dropped: 308 Cache: 22s/16MB
AV: 04:16:47 / 04:17:10 (100%) A-V:  0.000 Dropped: 308 Cache: 22s/16MB
AV: 04:16:47 / 04:17:10 (100%) A-V:  0.000 Dropped: 308 Cache: 21s/16MB
AV: 04:16:47 / 04:17:10 (100%) A-V:  0.000 Dropped: 308 Cache: 21s/15MB
AV: 04:16:48 / 04:17:10 (100%) A-V:  0.000 Dropped: 308 Cache: 21s/15MB
AV: 04:16:48 / 04:17:10 (100%) A-V:  0.000 Dropped: 308 Cache: 20s/15MB
AV: 04:16:49 / 04:17:10 (100%) A-V:  0.000 Dropped: 308 Cache: 20s/15MB
AV: 04:16:49 / 04:17:10 (100%) A-V:  0.000 Dropped: 308 Cache: 20s/14MB
AV: 04:16:49 / 04:17:10 (100%) A-V:  0.000 Dropped: 308 Cache: 19s/14MB
AV: 04:16:50 / 04:17:10 (100%) A-V:  0.000 Dropped: 308 Cache: 19s/14MB
AV: 04:16:50 / 04:17:16 (100%) A-V:  0.000 Dropped: 308 Cache: 25s/18MB
AV: 04:16:50 / 04:17:16 (100%) A-V:  0.000 Dropped: 308 Cache: 24s/18MB
AV: 04:16:50 / 04:17:16 (100%) A-V:  0.000 Dropped: 308 Cache: 24s/17MB
AV: 04:16:51 / 04:17:16 (100%) A-V:  0.000 Dropped: 308 Cache: 24s/17MB
AV: 04:16:51 / 04:17:16 (100%) A-V:  0.000 Dropped: 308 Cache: 23s/17MB
AV: 04:16:52 / 04:17:16 (100%) A-V:  0.000 Dropped: 308 Cache: 23s/17MB
AV: 04:16:52 / 04:17:16 (100%) A-V:  0.000 Dropped: 308 Cache: 23s/16MB
AV: 04:16:52 / 04:17:16 (100%) A-V:  0.000 Dropped: 308 Cache: 22s/16MB
AV: 04:16:53 / 04:17:16 (100%) A-V:  0.000 Dropped: 308 Cache: 22s/16MB
AV: 04:16:53 / 04:17:16 (100%) A-V:  0.000 Dropped: 308 Cache: 22s/15MB
AV: 04:16:53 / 04:17:16 (100%) A-V:  0.000 Dropped: 308 Cache: 21s/15MB
AV: 04:16:54 / 04:17:16 (100%) A-V:  0.000 Dropped: 308 Cache: 21s/15MB
AV: 04:16:54 / 04:17:16 (100%) A-V:  0.000 Dropped: 308 Cache: 21s/14MB
AV: 04:16:54 / 04:17:16 (100%) A-V:  0.000 Dropped: 308 Cache: 20s/14MB
AV: 04:16:55 / 04:17:16 (100%) A-V:  0.000 Dropped: 308 Cache: 20s/14MB
AV: 04:16:55 / 04:17:16 (100%) A-V:  0.000 Dropped: 308 Cache: 19s/14MB
AV: 04:16:56 / 04:17:16 (100%) A-V:  0.000 Dropped: 308 Cache: 19s/14MB
AV: 04:16:56 / 04:17:16 (100%) A-V:  0.000 Dropped: 308 Cache: 19s/13MB
AV: 04:16:56 / 04:17:22 (100%) A-V:  0.000 Dropped: 308 Cache: 25s/18MB
AV: 04:16:56 / 04:17:22 (100%) A-V:  0.000 Dropped: 308 Cache: 24s/18MB
AV: 04:16:56 / 04:17:22 (100%) A-V:  0.000 Dropped: 308 Cache: 24s/17MB
AV: 04:16:57 / 04:17:22 (100%) A-V:  0.000 Dropped: 308 Cache: 24s/17MB
AV: 04:16:57 / 04:17:22 (100%) A-V:  0.000 Dropped: 308 Cache: 23s/17MB
AV: 04:16:58 / 04:17:22 (100%) A-V:  0.000 Dropped: 308 Cache: 23s/17MB
AV: 04:16:58 / 04:17:22 (100%) A-V:  0.000 Dropped: 308 Cache: 23s/16MB
AV: 04:16:58 / 04:17:22 (100%) A-V:  0.000 Dropped: 308 Cache: 22s/16MB
AV: 04:16:59 / 04:17:22 (100%) A-V:  0.000 Dropped: 308 Cache: 22s/16MB
AV: 04:16:59 / 04:17:22 (100%) A-V:  0.000 Dropped: 308 Cache: 21s/15MB
AV: 04:17:00 / 04:17:22 (100%) A-V:  0.000 Dropped: 308 Cache: 21s/15MB
AV: 04:17:00 / 04:17:22 (100%) A-V:  0.000 Dropped: 308 Cache: 20s/15MB
AV: 04:17:00 / 04:17:22 (100%) A-V:  0.000 Dropped: 308 Cache: 20s/14MB
AV: 04:17:01 / 04:17:22 (100%) A-V:  0.000 Dropped: 308 Cache: 20s/14MB
AV: 04:17:01 / 04:17:22 (100%) A-V:  0.000 Dropped: 308 Cache: 19s/14MB
AV: 04:17:02 / 04:17:22 (100%) A-V:  0.000 Dropped: 308 Cache: 19s/14MB
AV: 04:17:02 / 04:17:22 (100%) A-V:  0.000 Dropped: 308 Cache: 19s/13MB
AV: 04:17:02 / 04:17:27 (100%) A-V:  0.000 Dropped: 308 Cache: 24s/18MB
AV: 04:17:02 / 04:17:27 (100%) A-V:  0.000 Dropped: 308 Cache: 24s/17MB
AV: 04:17:03 / 04:17:27 (100%) A-V:  0.000 Dropped: 308 Cache: 24s/17MB
AV: 04:17:03 / 04:17:27 (100%) A-V:  0.000 Dropped: 308 Cache: 23s/17MB
AV: 04:17:04 / 04:17:27 (100%) A-V:  0.000 Dropped: 308 Cache: 23s/17MB
AV: 04:17:04 / 04:17:27 (100%) A-V:  0.000 Dropped: 308 Cache: 23s/16MB
AV: 04:17:04 / 04:17:27 (100%) A-V:  0.000 Dropped: 308 Cache: 22s/16MB
AV: 04:17:05 / 04:17:27 (100%) A-V:  0.000 Dropped: 308 Cache: 22s/16MB
AV: 04:17:05 / 04:17:27 (100%) A-V:  0.000 Dropped: 308 Cache: 21s/16MB
AV: 04:17:05 / 04:17:27 (100%) A-V:  0.000 Dropped: 308 Cache: 21s/15MB
AV: 04:17:06 / 04:17:27 (100%) A-V:  0.000 Dropped: 308 Cache: 21s/15MB
AV: 04:17:06 / 04:17:27 (100%) A-V:  0.000 Dropped: 308 Cache: 20s/15MB
AV: 04:17:06 / 04:17:27 (100%) A-V:  0.000 Dropped: 308 Cache: 20s/14MB
AV: 04:17:07 / 04:17:27 (100%) A-V:  0.000 Dropped: 308 Cache: 20s/14MB
AV: 04:17:07 / 04:17:27 (100%) A-V:  0.000 Dropped: 308 Cache: 19s/14MB
AV: 04:17:08 / 04:17:27 (100%) A-V:  0.000 Dropped: 308 Cache: 19s/14MB
AV: 04:17:08 / 04:17:27 (100%) A-V:  0.000 Dropped: 308 Cache: 18s/14MB
AV: 04:17:08 / 04:17:27 (100%) A-V:  0.000 Dropped: 308 Cache: 18s/13MB
AV: 04:17:08 / 04:17:34 (100%) A-V:  0.000 Dropped: 308 Cache: 25s/18MB
AV: 04:17:08 / 04:17:34 (100%) A-V:  0.000 Dropped: 308 Cache: 24s/18MB
AV: 04:17:08 / 04:17:34 (100%) A-V:  0.000 Dropped: 308 Cache: 24s/17MB
AV: 04:17:09 / 04:17:34 (100%) A-V:  0.000 Dropped: 308 Cache: 24s/17MB
AV: 04:17:09 / 04:17:34 (100%) A-V:  0.000 Dropped: 308 Cache: 23s/17MB
AV: 04:17:10 / 04:17:34 (100%) A-V:  0.000 Dropped: 308 Cache: 23s/17MB
AV: 04:17:10 / 04:17:34 (100%) A-V:  0.000 Dropped: 308 Cache: 23s/16MB
AV: 04:17:10 / 04:17:34 (100%) A-V:  0.000 Dropped: 308 Cache: 22s/16MB
AV: 04:17:11 / 04:17:34 (100%) A-V:  0.000 Dropped: 308 Cache: 22s/16MB
AV: 04:17:11 / 04:17:34 (100%) A-V:  0.000 Dropped: 308 Cache: 22s/15MB
AV: 04:17:11 / 04:17:34 (100%) A-V:  0.000 Dropped: 308 Cache: 21s/15MB
AV: 04:17:12 / 04:17:34 (100%) A-V:  0.000 Dropped: 308 Cache: 21s/15MB
AV: 04:17:12 / 04:17:34 (100%) A-V:  0.000 Dropped: 308 Cache: 20s/15MB
AV: 04:17:13 / 04:17:34 (100%) A-V:  0.000 Dropped: 308 Cache: 20s/15MB
AV: 04:17:13 / 04:17:34 (100%) A-V:  0.000 Dropped: 308 Cache: 20s/14MB
AV: 04:17:13 / 04:17:34 (100%) A-V:  0.000 Dropped: 308 Cache: 19s/14MB
AV: 04:17:14 / 04:17:34 (100%) A-V:  0.000 Dropped: 308 Cache: 19s/14MB
AV: 04:17:14 / 04:17:34 (100%) A-V:  0.000 Dropped: 308 Cache: 19s/13MB
AV: 04:17:14 / 04:17:34 (100%) A-V:  0.000 Dropped: 308 Cache: 18s/13MB
AV: 04:17:15 / 04:17:34 (100%) A-V:  0.000 Dropped: 308 Cache: 18s/13MB
AV: 04:17:15 / 04:17:40 (100%) A-V:  0.000 Dropped: 308 Cache: 24s/17MB
AV: 04:17:15 / 04:17:40 (100%) A-V:  0.000 Dropped: 308 Cache: 23s/17MB
AV: 04:17:16 / 04:17:40 (100%) A-V:  0.000 Dropped: 308 Cache: 23s/17MB
AV: 04:17:16 / 04:17:40 (100%) A-V:  0.000 Dropped: 308 Cache: 23s/16MB
AV: 04:17:16 / 04:17:40 (100%) A-V:  0.000 Dropped: 308 Cache: 22s/16MB
AV: 04:17:17 / 04:17:40 (100%) A-V:  0.000 Dropped: 308 Cache: 22s/16MB
AV: 04:17:17 / 04:17:40 (100%) A-V:  0.000 Dropped: 308 Cache: 22s/15MB
AV: 04:17:17 / 04:17:40 (100%) A-V:  0.000 Dropped: 308 Cache: 21s/15MB
AV: 04:17:18 / 04:17:40 (100%) A-V:  0.000 Dropped: 308 Cache: 21s/15MB
AV: 04:17:18 / 04:17:40 (100%) A-V:  0.000 Dropped: 308 Cache: 20s/15MB
AV: 04:17:18 / 04:17:40 (100%) A-V:  0.000 Dropped: 308 Cache: 20s/14MB
AV: 04:17:19 / 04:17:40 (100%) A-V:  0.000 Dropped: 308 Cache: 20s/14MB
AV: 04:17:19 / 04:17:40 (100%) A-V:  0.000 Dropped: 308 Cache: 19s/14MB
AV: 04:17:20 / 04:17:40 (100%) A-V:  0.000 Dropped: 308 Cache: 19s/14MB
AV: 04:17:20 / 04:17:40 (100%) A-V:  0.000 Dropped: 308 Cache: 19s/13MB
AV: 04:17:20 / 04:17:40 (100%) A-V:  0.000 Dropped: 308 Cache: 18s/13MB
AV: 04:17:21 / 04:17:40 (100%) A-V:  0.000 Dropped: 308 Cache: 18s/13MB
AV: 04:17:21 / 04:17:40 (100%) A-V:  0.000 Dropped: 308 Cache: 18s/12MB
AV: 04:17:21 / 04:17:40 (100%) A-V:  0.000 Dropped: 308 Cache: 17s/12MB
AV: 04:17:22 / 04:17:40 (100%) A-V:  0.000 Dropped: 308 Cache: 17s/12MB
AV: 04:17:22 / 04:17:46 (100%) A-V:  0.000 Dropped: 308 Cache: 23s/16MB
AV: 04:17:22 / 04:17:46 (100%) A-V:  0.000 Dropped: 308 Cache: 22s/16MB
AV: 04:17:23 / 04:17:46 (100%) A-V:  0.000 Dropped: 308 Cache: 22s/16MB
AV: 04:17:23 / 04:17:46 (100%) A-V:  0.000 Dropped: 308 Cache: 21s/16MB
AV: 04:17:23 / 04:17:46 (100%) A-V:  0.000 Dropped: 308 Cache: 21s/15MB
AV: 04:17:24 / 04:17:46 (100%) A-V:  0.000 Dropped: 308 Cache: 21s/15MB
AV: 04:17:24 / 04:17:46 (100%) A-V:  0.000 Dropped: 308 Cache: 20s/15MB
AV: 04:17:25 / 04:17:46 (100%) A-V:  0.000 Dropped: 308 Cache: 20s/14MB
AV: 04:17:25 / 04:17:46 (100%) A-V:  0.000 Dropped: 308 Cache: 19s/14MB
AV: 04:17:26 / 04:17:46 (100%) A-V:  0.000 Dropped: 308 Cache: 19s/14MB
AV: 04:17:26 / 04:17:46 (100%) A-V:  0.000 Dropped: 308 Cache: 19s/13MB
AV: 04:17:26 / 04:17:46 (100%) A-V:  0.000 Dropped: 308 Cache: 18s/13MB
AV: 04:17:27 / 04:17:46 (100%) A-V:  0.000 Dropped: 308 Cache: 18s/13MB
AV: 04:17:27 / 04:17:52 (100%) A-V:  0.000 Dropped: 308 Cache: 24s/17MB
AV: 04:17:27 / 04:17:52 (100%) A-V:  0.000 Dropped: 308 Cache: 23s/17MB
AV: 04:17:27 / 04:17:52 (100%) A-V:  0.000 Dropped: 308 Cache: 23s/16MB
AV: 04:17:28 / 04:17:52 (100%) A-V:  0.000 Dropped: 308 Cache: 23s/16MB
AV: 04:17:28 / 04:17:52 (100%) A-V:  0.000 Dropped: 308 Cache: 22s/16MB
AV: 04:17:29 / 04:17:52 (100%) A-V:  0.000 Dropped: 308 Cache: 22s/16MB
AV: 04:17:29 / 04:17:52 (100%) A-V:  0.000 Dropped: 308 Cache: 22s/15MB
AV: 04:17:29 / 04:17:52 (100%) A-V:  0.000 Dropped: 308 Cache: 21s/15MB
AV: 04:17:30 / 04:17:52 (100%) A-V:  0.000 Dropped: 308 Cache: 21s/15MB
AV: 04:17:30 / 04:17:52 (100%) A-V:  0.000 Dropped: 308 Cache: 20s/15MB
AV: 04:17:30 / 04:17:52 (100%) A-V:  0.000 Dropped: 308 Cache: 20s/14MB
AV: 04:17:31 / 04:17:52 (100%) A-V:  0.000 Dropped: 308 Cache: 20s/14MB
AV: 04:17:31 / 04:17:52 (100%) A-V:  0.000 Dropped: 308 Cache: 19s/14MB
AV: 04:17:32 / 04:17:52 (100%) A-V:  0.000 Dropped: 308 Cache: 19s/14MB
AV: 04:17:32 / 04:17:52 (100%) A-V:  0.000 Dropped: 308 Cache: 19s/13MB
AV: 04:17:32 / 04:17:52 (100%) A-V:  0.000 Dropped: 308 Cache: 18s/13MB
AV: 04:17:33 / 04:17:52 (100%) A-V:  0.000 Dropped: 308 Cache: 18s/13MB
AV: 04:17:33 / 04:17:58 (100%) A-V:  0.000 Dropped: 308 Cache: 24s/17MB
AV: 04:17:33 / 04:17:58 (100%) A-V:  0.000 Dropped: 308 Cache: 23s/17MB
AV: 04:17:34 / 04:17:58 (100%) A-V:  0.000 Dropped: 308 Cache: 23s/17MB
AV: 04:17:34 / 04:17:58 (100%) A-V:  0.000 Dropped: 308 Cache: 23s/16MB
AV: 04:17:34 / 04:18:04 (100%) A-V:  0.000 Dropped: 308 Cache: 29s/20MB
AV: 04:17:34 / 04:18:04 (100%) A-V:  0.000 Dropped: 308 Cache: 28s/20MB
AV: 04:17:35 / 04:18:04 (100%) A-V:  0.000 Dropped: 308 Cache: 28s/20MB
AV: 04:17:35 / 04:18:04 (100%) A-V:  0.000 Dropped: 308 Cache: 28s/19MB
AV: 04:17:35 / 04:18:04 (100%) A-V:  0.000 Dropped: 308 Cache: 27s/19MB
AV: 04:17:36 / 04:18:04 (100%) A-V:  0.000 Dropped: 308 Cache: 27s/19MB
AV: 04:17:36 / 04:18:04 (100%) A-V:  0.000 Dropped: 308 Cache: 26s/19MB
AV: 04:17:37 / 04:18:04 (100%) A-V:  0.000 Dropped: 308 Cache: 26s/19MB
AV: 04:17:37 / 04:18:04 (100%) A-V:  0.000 Dropped: 308 Cache: 26s/18MB
AV: 04:17:37 / 04:18:04 (100%) A-V:  0.000 Dropped: 308 Cache: 25s/18MB
AV: 04:17:38 / 04:18:04 (100%) A-V:  0.000 Dropped: 308 Cache: 25s/18MB
AV: 04:17:38 / 04:18:04 (100%) A-V:  0.000 Dropped: 308 Cache: 25s/17MB
AV: 04:17:38 / 04:18:04 (100%) A-V:  0.000 Dropped: 308 Cache: 24s/17MB
AV: 04:17:39 / 04:18:04 (100%) A-V:  0.000 Dropped: 308 Cache: 24s/17MB
AV: 04:17:39 / 04:18:04 (100%) A-V:  0.000 Dropped: 308 Cache: 23s/17MB
AV: 04:17:39 / 04:18:04 (100%) A-V:  0.000 Dropped: 308 Cache: 23s/16MB
AV: 04:17:40 / 04:18:04 (100%) A-V:  0.000 Dropped: 308 Cache: 23s/16MB
AV: 04:17:40 / 04:18:04 (100%) A-V:  0.000 Dropped: 308 Cache: 22s/16MB
AV: 04:17:41 / 04:18:04 (100%) A-V:  0.000 Dropped: 308 Cache: 22s/16MB
AV: 04:17:41 / 04:18:04 (100%) A-V:  0.000 Dropped: 308 Cache: 22s/15MB
AV: 04:17:41 / 04:18:04 (100%) A-V:  0.000 Dropped: 308 Cache: 21s/15MB
AV: 04:17:42 / 04:18:04 (100%) A-V:  0.000 Dropped: 308 Cache: 21s/15MB
AV: 04:17:42 / 04:18:04 (100%) A-V:  0.000 Dropped: 308 Cache: 21s/14MB
AV: 04:17:42 / 04:18:04 (100%) A-V:  0.000 Dropped: 308 Cache: 20s/14MB
AV: 04:17:42 / 04:18:10 (100%) A-V:  0.000 Dropped: 308 Cache: 26s/19MB
AV: 04:17:43 / 04:18:10 (100%) A-V:  0.000 Dropped: 308 Cache: 26s/19MB
AV: 04:17:43 / 04:18:10 (100%) A-V:  0.000 Dropped: 308 Cache: 26s/18MB
AV: 04:17:43 / 04:18:10 (100%) A-V:  0.000 Dropped: 308 Cache: 25s/18MB
AV: 04:17:44 / 04:18:10 (100%) A-V:  0.000 Dropped: 308 Cache: 25s/18MB
AV: 04:17:44 / 04:18:10 (100%) A-V:  0.000 Dropped: 308 Cache: 25s/17MB
AV: 04:17:44 / 04:18:10 (100%) A-V:  0.000 Dropped: 308 Cache: 24s/17MB
AV: 04:17:45 / 04:18:10 (100%) A-V:  0.000 Dropped: 308 Cache: 24s/17MB
AV: 04:17:45 / 04:18:10 (100%) A-V:  0.000 Dropped: 308 Cache: 23s/16MB
AV: 04:17:46 / 04:18:10 (100%) A-V:  0.000 Dropped: 308 Cache: 23s/16MB
AV: 04:17:46 / 04:18:10 (100%) A-V:  0.000 Dropped: 308 Cache: 22s/16MB
AV: 04:17:47 / 04:18:10 (100%) A-V:  0.000 Dropped: 308 Cache: 22s/16MB
AV: 04:17:47 / 04:18:10 (100%) A-V:  0.000 Dropped: 308 Cache: 22s/15MB
AV: 04:17:47 / 04:18:10 (100%) A-V:  0.000 Dropped: 308 Cache: 21s/15MB
AV: 04:17:48 / 04:18:10 (100%) A-V:  0.000 Dropped: 308 Cache: 21s/15MB
AV: 04:17:48 / 04:18:10 (100%) A-V:  0.000 Dropped: 308 Cache: 21s/14MB
AV: 04:17:48 / 04:18:10 (100%) A-V:  0.000 Dropped: 308 Cache: 20s/14MB
AV: 04:17:49 / 04:18:10 (100%) A-V:  0.000 Dropped: 308 Cache: 20s/14MB
AV: 04:17:49 / 04:18:16 (100%) A-V:  0.000 Dropped: 308 Cache: 26s/19MB
AV: 04:17:49 / 04:18:16 (100%) A-V:  0.000 Dropped: 308 Cache: 26s/18MB
AV: 04:17:49 / 04:18:16 (100%) A-V:  0.000 Dropped: 308 Cache: 25s/18MB
AV: 04:17:50 / 04:18:16 (100%) A-V:  0.000 Dropped: 308 Cache: 25s/18MB
AV: 04:17:50 / 04:18:16 (100%) A-V:  0.000 Dropped: 308 Cache: 25s/17MB
AV: 04:17:50 / 04:18:16 (100%) A-V:  0.000 Dropped: 308 Cache: 24s/17MB
AV: 04:17:51 / 04:18:16 (100%) A-V:  0.000 Dropped: 308 Cache: 24s/17MB
AV: 04:17:51 / 04:18:16 (100%) A-V:  0.000 Dropped: 308 Cache: 23s/17MB
AV: 04:17:52 / 04:18:16 (100%) A-V:  0.000 Dropped: 308 Cache: 23s/17MB
AV: 04:17:52 / 04:18:16 (100%) A-V:  0.000 Dropped: 308 Cache: 23s/16MB
AV: 04:17:52 / 04:18:16 (100%) A-V:  0.000 Dropped: 308 Cache: 22s/16MB
AV: 04:17:53 / 04:18:16 (100%) A-V:  0.000 Dropped: 308 Cache: 22s/16MB
AV: 04:17:53 / 04:18:16 (100%) A-V:  0.000 Dropped: 308 Cache: 22s/15MB
AV: 04:17:53 / 04:18:16 (100%) A-V:  0.000 Dropped: 308 Cache: 21s/15MB
AV: 04:17:54 / 04:18:16 (100%) A-V:  0.000 Dropped: 308 Cache: 21s/15MB
AV: 04:17:54 / 04:18:16 (100%) A-V:  0.000 Dropped: 308 Cache: 20s/15MB
AV: 04:17:54 / 04:18:16 (100%) A-V:  0.000 Dropped: 308 Cache: 20s/14MB
AV: 04:17:55 / 04:18:16 (100%) A-V:  0.000 Dropped: 308 Cache: 20s/14MB
AV: 04:17:55 / 04:18:20 (100%) A-V:  0.000 Dropped: 308 Cache: 24s/17MB
AV: 04:17:55 / 04:18:22 (100%) A-V:  0.000 Dropped: 308 Cache: 26s/19MB
AV: 04:17:55 / 04:18:22 (100%) A-V:  0.000 Dropped: 308 Cache: 26s/18MB
AV: 04:17:55 / 04:18:22 (100%) A-V:  0.000 Dropped: 308 Cache: 25s/18MB
AV: 04:17:56 / 04:18:22 (100%) A-V:  0.000 Dropped: 308 Cache: 25s/18MB
AV: 04:17:56 / 04:18:22 (100%) A-V:  0.000 Dropped: 308 Cache: 24s/18MB
AV: 04:17:57 / 04:18:22 (100%) A-V:  0.000 Dropped: 308 Cache: 24s/18MB
AV: 04:17:57 / 04:18:22 (100%) A-V:  0.000 Dropped: 308 Cache: 24s/17MB
AV: 04:17:57 / 04:18:22 (100%) A-V:  0.000 Dropped: 308 Cache: 23s/17MB
AV: 04:17:58 / 04:18:22 (100%) A-V:  0.000 Dropped: 308 Cache: 23s/17MB
AV: 04:17:58 / 04:18:22 (100%) A-V:  0.000 Dropped: 308 Cache: 23s/16MB
AV: 04:17:58 / 04:18:22 (100%) A-V:  0.000 Dropped: 308 Cache: 22s/16MB
AV: 04:17:59 / 04:18:22 (100%) A-V:  0.000 Dropped: 308 Cache: 22s/16MB
AV: 04:17:59 / 04:18:22 (100%) A-V:  0.000 Dropped: 308 Cache: 21s/16MB
AV: 04:17:59 / 04:18:22 (100%) A-V:  0.000 Dropped: 308 Cache: 21s/15MB
AV: 04:18:00 / 04:18:22 (100%) A-V:  0.000 Dropped: 308 Cache: 21s/15MB
AV: 04:18:00 / 04:18:22 (100%) A-V:  0.000 Dropped: 308 Cache: 20s/15MB
AV: 04:18:01 / 04:18:22 (100%) A-V:  0.000 Dropped: 308 Cache: 20s/15MB
AV: 04:18:01 / 04:18:22 (100%) A-V:  0.000 Dropped: 308 Cache: 20s/14MB
AV: 04:18:01 / 04:18:28 (100%) A-V:  0.000 Dropped: 308 Cache: 26s/19MB
AV: 04:18:01 / 04:18:28 (100%) A-V:  0.000 Dropped: 308 Cache: 25s/19MB
AV: 04:18:01 / 04:18:28 (100%) A-V:  0.000 Dropped: 308 Cache: 25s/18MB
AV: 04:18:02 / 04:18:28 (100%) A-V:  0.000 Dropped: 308 Cache: 25s/18MB
AV: 04:18:02 / 04:18:28 (100%) A-V:  0.000 Dropped: 308 Cache: 24s/18MB
AV: 04:18:03 / 04:18:28 (100%) A-V:  0.000 Dropped: 308 Cache: 24s/18MB
AV: 04:18:03 / 04:18:28 (100%) A-V:  0.000 Dropped: 308 Cache: 24s/17MB
AV: 04:18:03 / 04:18:28 (100%) A-V:  0.000 Dropped: 308 Cache: 23s/17MB
AV: 04:18:04 / 04:18:28 (100%) A-V:  0.000 Dropped: 308 Cache: 23s/17MB
AV: 04:18:04 / 04:18:28 (100%) A-V:  0.000 Dropped: 308 Cache: 23s/16MB
AV: 04:18:04 / 04:18:28 (100%) A-V:  0.000 Dropped: 308 Cache: 22s/16MB
AV: 04:18:05 / 04:18:28 (100%) A-V:  0.000 Dropped: 308 Cache: 22s/16MB
AV: 04:18:05 / 04:18:28 (100%) A-V:  0.000 Dropped: 308 Cache: 21s/16MB
AV: 04:18:05 / 04:18:28 (100%) A-V:  0.000 Dropped: 308 Cache: 21s/15MB
AV: 04:18:06 / 04:18:28 (100%) A-V:  0.000 Dropped: 308 Cache: 21s/15MB
AV: 04:18:06 / 04:18:28 (100%) A-V:  0.000 Dropped: 308 Cache: 20s/15MB
AV: 04:18:07 / 04:18:28 (100%) A-V:  0.000 Dropped: 308 Cache: 20s/15MB
AV: 04:18:07 / 04:18:29 (100%) A-V:  0.000 Dropped: 308 Cache: 21s/15MB
AV: 04:18:07 / 04:18:34 (100%) A-V:  0.000 Dropped: 308 Cache: 26s/19MB
AV: 04:18:07 / 04:18:34 (100%) A-V:  0.000 Dropped: 308 Cache: 25s/19MB
AV: 04:18:07 / 04:18:34 (100%) A-V:  0.000 Dropped: 308 Cache: 25s/18MB
AV: 04:18:08 / 04:18:34 (100%) A-V:  0.000 Dropped: 308 Cache: 25s/18MB
AV: 04:18:08 / 04:18:34 (100%) A-V:  0.000 Dropped: 308 Cache: 24s/18MB
AV: 04:18:09 / 04:18:34 (100%) A-V:  0.000 Dropped: 308 Cache: 24s/18MB
AV: 04:18:09 / 04:18:34 (100%) A-V:  0.000 Dropped: 308 Cache: 24s/17MB
AV: 04:18:09 / 04:18:34 (100%) A-V:  0.000 Dropped: 308 Cache: 23s/17MB
AV: 04:18:10 / 04:18:34 (100%) A-V:  0.000 Dropped: 308 Cache: 23s/17MB
AV: 04:18:10 / 04:18:34 (100%) A-V:  0.000 Dropped: 308 Cache: 23s/16MB
AV: 04:18:10 / 04:18:34 (100%) A-V:  0.000 Dropped: 308 Cache: 22s/16MB
AV: 04:18:11 / 04:18:34 (100%) A-V:  0.000 Dropped: 308 Cache: 22s/16MB
AV: 04:18:11 / 04:18:34 (100%) A-V:  0.000 Dropped: 308 Cache: 21s/16MB
AV: 04:18:11 / 04:18:34 (100%) A-V:  0.000 Dropped: 308 Cache: 21s/15MB
AV: 04:18:12 / 04:18:34 (100%) A-V:  0.000 Dropped: 308 Cache: 21s/15MB
AV: 04:18:12 / 04:18:34 (100%) A-V:  0.000 Dropped: 308 Cache: 20s/15MB
AV: 04:18:13 / 04:18:34 (100%) A-V:  0.000 Dropped: 308 Cache: 20s/15MB
AV: 04:18:13 / 04:18:34 (100%) A-V:  0.000 Dropped: 308 Cache: 20s/14MB
AV: 04:18:13 / 04:18:40 (100%) A-V:  0.000 Dropped: 308 Cache: 25s/19MB
AV: 04:18:13 / 04:18:40 (100%) A-V:  0.000 Dropped: 308 Cache: 25s/18MB
AV: 04:18:14 / 04:18:40 (100%) A-V:  0.000 Dropped: 308 Cache: 25s/18MB
AV: 04:18:14 / 04:18:40 (100%) A-V:  0.000 Dropped: 308 Cache: 24s/18MB
AV: 04:18:15 / 04:18:40 (100%) A-V:  0.000 Dropped: 308 Cache: 24s/18MB
AV: 04:18:15 / 04:18:40 (100%) A-V:  0.000 Dropped: 308 Cache: 24s/17MB
AV: 04:18:15 / 04:18:40 (100%) A-V:  0.000 Dropped: 308 Cache: 23s/17MB
AV: 04:18:16 / 04:18:40 (100%) A-V:  0.000 Dropped: 308 Cache: 23s/17MB
AV: 04:18:16 / 04:18:40 (100%) A-V:  0.000 Dropped: 308 Cache: 23s/16MB
AV: 04:18:16 / 04:18:40 (100%) A-V:  0.000 Dropped: 308 Cache: 22s/16MB
AV: 04:18:17 / 04:18:40 (100%) A-V:  0.000 Dropped: 308 Cache: 22s/16MB
AV: 04:18:17 / 04:18:40 (100%) A-V:  0.000 Dropped: 308 Cache: 21s/16MB
AV: 04:18:17 / 04:18:40 (100%) A-V:  0.000 Dropped: 308 Cache: 21s/15MB
AV: 04:18:18 / 04:18:40 (100%) A-V:  0.000 Dropped: 308 Cache: 21s/15MB
AV: 04:18:18 / 04:18:40 (100%) A-V:  0.000 Dropped: 308 Cache: 20s/15MB
AV: 04:18:19 / 04:18:40 (100%) A-V:  0.000 Dropped: 308 Cache: 20s/15MB
AV: 04:18:19 / 04:18:40 (100%) A-V:  0.000 Dropped: 308 Cache: 20s/14MB
AV: 04:18:19 / 04:18:40 (100%) A-V:  0.000 Dropped: 308 Cache: 19s/14MB
AV: 04:18:19 / 04:18:46 (100%) A-V:  0.000 Dropped: 308 Cache: 25s/18MB
AV: 04:18:20 / 04:18:46 (100%) A-V:  0.000 Dropped: 308 Cache: 25s/18MB
AV: 04:18:20 / 04:18:46 (100%) A-V:  0.000 Dropped: 308 Cache: 24s/18MB
AV: 04:18:20 / 04:18:46 (100%) A-V:  0.000 Dropped: 308 Cache: 24s/17MB
AV: 04:18:21 / 04:18:46 (100%) A-V:  0.000 Dropped: 308 Cache: 24s/17MB
AV: 04:18:21 / 04:18:46 (100%) A-V:  0.000 Dropped: 308 Cache: 23s/17MB
AV: 04:18:22 / 04:18:46 (100%) A-V:  0.000 Dropped: 308 Cache: 23s/17MB
AV: 04:18:22 / 04:18:46 (100%) A-V:  0.000 Dropped: 308 Cache: 23s/16MB
AV: 04:18:22 / 04:18:46 (100%) A-V:  0.000 Dropped: 308 Cache: 22s/16MB
AV: 04:18:23 / 04:18:46 (100%) A-V:  0.000 Dropped: 308 Cache: 22s/16MB
AV: 04:18:23 / 04:18:46 (100%) A-V:  0.000 Dropped: 308 Cache: 22s/15MB
AV: 04:18:23 / 04:18:46 (100%) A-V:  0.000 Dropped: 308 Cache: 21s/15MB
AV: 04:18:24 / 04:18:46 (100%) A-V:  0.000 Dropped: 308 Cache: 21s/15MB
AV: 04:18:24 / 04:18:46 (100%) A-V:  0.000 Dropped: 308 Cache: 20s/15MB
AV: 04:18:24 / 04:18:46 (100%) A-V:  0.000 Dropped: 308 Cache: 20s/14MB
AV: 04:18:25 / 04:18:46 (100%) A-V:  0.000 Dropped: 308 Cache: 20s/14MB
AV: 04:18:25 / 04:18:46 (100%) A-V:  0.000 Dropped: 308 Cache: 19s/14MB
AV: 04:18:26 / 04:18:46 (100%) A-V:  0.000 Dropped: 308 Cache: 19s/14MB
AV: 04:18:26 / 04:18:48 (100%) A-V:  0.000 Dropped: 308 Cache: 22s/16MB
AV: 04:18:26 / 04:18:52 (100%) A-V:  0.000 Dropped: 308 Cache: 25s/18MB
AV: 04:18:26 / 04:18:52 (100%) A-V:  0.000 Dropped: 308 Cache: 24s/18MB
AV: 04:18:26 / 04:18:52 (100%) A-V:  0.000 Dropped: 308 Cache: 24s/17MB
AV: 04:18:27 / 04:18:52 (100%) A-V:  0.000 Dropped: 308 Cache: 24s/17MB
AV: 04:18:27 / 04:18:52 (100%) A-V:  0.000 Dropped: 308 Cache: 23s/17MB
AV: 04:18:28 / 04:18:52 (100%) A-V:  0.000 Dropped: 308 Cache: 23s/17MB
AV: 04:18:28 / 04:18:52 (100%) A-V:  0.000 Dropped: 308 Cache: 23s/16MB
AV: 04:18:28 / 04:18:52 (100%) A-V:  0.000 Dropped: 308 Cache: 22s/16MB
AV: 04:18:29 / 04:18:52 (100%) A-V:  0.000 Dropped: 308 Cache: 22s/16MB
AV: 04:18:29 / 04:18:52 (100%) A-V:  0.000 Dropped: 308 Cache: 22s/15MB
AV: 04:18:29 / 04:18:52 (100%) A-V:  0.000 Dropped: 308 Cache: 21s/15MB
AV: 04:18:30 / 04:18:52 (100%) A-V:  0.000 Dropped: 308 Cache: 21s/15MB
AV: 04:18:30 / 04:18:52 (100%) A-V:  0.000 Dropped: 308 Cache: 20s/15MB
AV: 04:18:31 / 04:18:52 (100%) A-V:  0.000 Dropped: 308 Cache: 20s/15MB
AV: 04:18:31 / 04:18:52 (100%) A-V:  0.000 Dropped: 308 Cache: 20s/14MB
AV: 04:18:31 / 04:18:52 (100%) A-V:  0.000 Dropped: 308 Cache: 19s/14MB
AV: 04:18:32 / 04:18:52 (100%) A-V:  0.000 Dropped: 308 Cache: 19s/14MB
AV: 04:18:32 / 04:18:53 (100%) A-V:  0.000 Dropped: 308 Cache: 21s/15MB
AV: 04:18:32 / 04:18:58 (100%) A-V:  0.000 Dropped: 308 Cache: 25s/18MB
AV: 04:18:32 / 04:18:58 (100%) A-V:  0.000 Dropped: 308 Cache: 25s/17MB
AV: 04:18:32 / 04:18:58 (100%) A-V:  0.000 Dropped: 308 Cache: 24s/17MB
AV: 04:18:33 / 04:18:58 (100%) A-V:  0.000 Dropped: 308 Cache: 24s/17MB
AV: 04:18:33 / 04:18:58 (100%) A-V:  0.000 Dropped: 308 Cache: 23s/17MB
AV: 04:18:33 / 04:18:58 (100%) A-V:  0.000 Dropped: 308 Cache: 23s/16MB
AV: 04:18:34 / 04:18:58 (100%) A-V:  0.000 Dropped: 308 Cache: 23s/16MB
AV: 04:18:34 / 04:18:58 (100%) A-V:  0.000 Dropped: 308 Cache: 22s/16MB
AV: 04:18:35 / 04:18:58 (100%) A-V:  0.000 Dropped: 308 Cache: 22s/16MB
AV: 04:18:35 / 04:18:58 (100%) A-V:  0.000 Dropped: 308 Cache: 22s/15MB
AV: 04:18:35 / 04:18:58 (100%) A-V:  0.000 Dropped: 308 Cache: 21s/15MB
AV: 04:18:36 / 04:18:58 (100%) A-V:  0.000 Dropped: 308 Cache: 21s/15MB
AV: 04:18:36 / 04:18:58 (100%) A-V:  0.000 Dropped: 308 Cache: 21s/14MB
AV: 04:18:36 / 04:18:58 (100%) A-V:  0.000 Dropped: 308 Cache: 20s/14MB
AV: 04:18:37 / 04:18:58 (100%) A-V:  0.000 Dropped: 308 Cache: 20s/14MB
AV: 04:18:37 / 04:18:58 (100%) A-V:  0.000 Dropped: 308 Cache: 19s/14MB
AV: 04:18:37 / 04:18:58 (100%) A-V:  0.000 Dropped: 308 Cache: 19s/13MB
AV: 04:18:38 / 04:18:58 (100%) A-V:  0.000 Dropped: 308 Cache: 19s/13MB
AV: 04:18:38 / 04:19:01 (100%) A-V:  0.000 Dropped: 308 Cache: 22s/16MB
AV: 04:18:38 / 04:19:04 (100%) A-V:  0.000 Dropped: 308 Cache: 25s/18MB
AV: 04:18:38 / 04:19:04 (100%) A-V:  0.000 Dropped: 308 Cache: 25s/17MB
AV: 04:18:38 / 04:19:04 (100%) A-V:  0.000 Dropped: 308 Cache: 24s/17MB
AV: 04:18:39 / 04:19:04 (100%) A-V:  0.000 Dropped: 308 Cache: 24s/17MB
AV: 04:18:39 / 04:19:04 (100%) A-V:  0.000 Dropped: 308 Cache: 23s/17MB
AV: 04:18:39 / 04:19:04 (100%) A-V:  0.000 Dropped: 308 Cache: 23s/16MB
AV: 04:18:40 / 04:19:04 (100%) A-V:  0.000 Dropped: 308 Cache: 23s/16MB
AV: 04:18:40 / 04:19:04 (100%) A-V:  0.000 Dropped: 308 Cache: 22s/16MB
AV: 04:18:41 / 04:19:04 (100%) A-V:  0.000 Dropped: 308 Cache: 22s/16MB
AV: 04:18:41 / 04:19:04 (100%) A-V:  0.000 Dropped: 308 Cache: 22s/15MB
AV: 04:18:41 / 04:19:04 (100%) A-V:  0.000 Dropped: 308 Cache: 21s/15MB
AV: 04:18:42 / 04:19:04 (100%) A-V:  0.000 Dropped: 308 Cache: 21s/15MB
AV: 04:18:42 / 04:19:04 (100%) A-V:  0.000 Dropped: 308 Cache: 20s/15MB
AV: 04:18:42 / 04:19:04 (100%) A-V:  0.000 Dropped: 308 Cache: 20s/14MB
AV: 04:18:43 / 04:19:04 (100%) A-V:  0.000 Dropped: 308 Cache: 20s/14MB
AV: 04:18:43 / 04:19:04 (100%) A-V:  0.000 Dropped: 308 Cache: 19s/14MB
AV: 04:18:44 / 04:19:04 (100%) A-V:  0.000 Dropped: 308 Cache: 19s/14MB
AV: 04:18:44 / 04:19:04 (100%) A-V:  0.000 Dropped: 308 Cache: 19s/13MB
AV: 04:18:44 / 04:19:10 (100%) A-V:  0.000 Dropped: 308 Cache: 25s/17MB
AV: 04:18:44 / 04:19:10 (100%) A-V:  0.000 Dropped: 308 Cache: 24s/17MB
AV: 04:18:45 / 04:19:10 (100%) A-V:  0.000 Dropped: 308 Cache: 24s/17MB
AV: 04:18:45 / 04:19:10 (100%) A-V:  0.000 Dropped: 308 Cache: 23s/17MB
AV: 04:18:46 / 04:19:10 (100%) A-V:  0.000 Dropped: 308 Cache: 23s/17MB
AV: 04:18:46 / 04:19:10 (100%) A-V:  0.000 Dropped: 308 Cache: 23s/16MB
AV: 04:18:46 / 04:19:10 (100%) A-V:  0.000 Dropped: 308 Cache: 22s/16MB
AV: 04:18:47 / 04:19:10 (100%) A-V:  0.000 Dropped: 308 Cache: 22s/16MB
AV: 04:18:47 / 04:19:10 (100%) A-V:  0.000 Dropped: 308 Cache: 22s/15MB
AV: 04:18:47 / 04:19:10 (100%) A-V:  0.000 Dropped: 308 Cache: 21s/15MB
AV: 04:18:48 / 04:19:10 (100%) A-V:  0.000 Dropped: 308 Cache: 21s/15MB
AV: 04:18:48 / 04:19:10 (100%) A-V:  0.000 Dropped: 308 Cache: 20s/15MB
AV: 04:18:48 / 04:19:10 (100%) A-V:  0.000 Dropped: 308 Cache: 20s/14MB
AV: 04:18:49 / 04:19:10 (100%) A-V:  0.000 Dropped: 308 Cache: 20s/14MB
AV: 04:18:49 / 04:19:10 (100%) A-V:  0.000 Dropped: 308 Cache: 19s/14MB
AV: 04:18:50 / 04:19:10 (100%) A-V:  0.000 Dropped: 308 Cache: 19s/14MB
AV: 04:18:50 / 04:19:10 (100%) A-V:  0.000 Dropped: 308 Cache: 19s/13MB
AV: 04:18:50 / 04:19:10 (100%) A-V:  0.000 Dropped: 308 Cache: 18s/13MB
AV: 04:18:50 / 04:19:15 (100%) A-V:  0.000 Dropped: 308 Cache: 24s/17MB
AV: 04:18:50 / 04:19:15 (100%) A-V:  0.000 Dropped: 308 Cache: 23s/17MB
AV: 04:18:51 / 04:19:15 (100%) A-V:  0.000 Dropped: 308 Cache: 23s/17MB
AV: 04:18:51 / 04:19:15 (100%) A-V:  0.000 Dropped: 308 Cache: 23s/16MB
AV: 04:18:51 / 04:19:15 (100%) A-V:  0.000 Dropped: 308 Cache: 22s/16MB
AV: 04:18:52 / 04:19:15 (100%) A-V:  0.000 Dropped: 308 Cache: 22s/16MB
AV: 04:18:52 / 04:19:15 (100%) A-V:  0.000 Dropped: 308 Cache: 22s/15MB
AV: 04:18:52 / 04:19:15 (100%) A-V:  0.000 Dropped: 308 Cache: 21s/15MB
AV: 04:18:53 / 04:19:15 (100%) A-V:  0.000 Dropped: 308 Cache: 21s/15MB
AV: 04:18:53 / 04:19:15 (100%) A-V:  0.000 Dropped: 308 Cache: 20s/15MB
AV: 04:18:54 / 04:19:15 (100%) A-V:  0.000 Dropped: 308 Cache: 20s/15MB
AV: 04:18:54 / 04:19:15 (100%) A-V:  0.000 Dropped: 308 Cache: 20s/14MB
AV: 04:18:54 / 04:19:15 (100%) A-V:  0.000 Dropped: 308 Cache: 19s/14MB
AV: 04:18:55 / 04:19:15 (100%) A-V:  0.000 Dropped: 308 Cache: 19s/14MB
AV: 04:18:55 / 04:19:15 (100%) A-V:  0.000 Dropped: 308 Cache: 19s/13MB
AV: 04:18:55 / 04:19:15 (100%) A-V:  0.000 Dropped: 308 Cache: 18s/13MB
AV: 04:18:56 / 04:19:15 (100%) A-V:  0.000 Dropped: 308 Cache: 18s/13MB
AV: 04:18:56 / 04:19:22 (100%) A-V:  0.000 Dropped: 308 Cache: 25s/18MB
AV: 04:18:56 / 04:19:22 (100%) A-V:  0.000 Dropped: 308 Cache: 24s/18MB
AV: 04:18:57 / 04:19:22 (100%) A-V:  0.000 Dropped: 308 Cache: 24s/18MB
AV: 04:18:57 / 04:19:22 (100%) A-V:  0.000 Dropped: 308 Cache: 24s/17MB
AV: 04:18:57 / 04:19:22 (100%) A-V:  0.000 Dropped: 308 Cache: 23s/17MB
AV: 04:18:58 / 04:19:22 (100%) A-V:  0.000 Dropped: 308 Cache: 23s/17MB
AV: 04:18:58 / 04:19:22 (100%) A-V:  0.000 Dropped: 308 Cache: 23s/16MB
AV: 04:18:58 / 04:19:22 (100%) A-V:  0.000 Dropped: 308 Cache: 22s/16MB
AV: 04:18:59 / 04:19:22 (100%) A-V:  0.000 Dropped: 308 Cache: 22s/16MB
AV: 04:18:59 / 04:19:22 (100%) A-V:  0.000 Dropped: 308 Cache: 22s/15MB
AV: 04:18:59 / 04:19:22 (100%) A-V:  0.000 Dropped: 308 Cache: 21s/15MB
AV: 04:19:00 / 04:19:22 (100%) A-V:  0.000 Dropped: 308 Cache: 21s/15MB
AV: 04:19:00 / 04:19:22 (100%) A-V:  0.000 Dropped: 308 Cache: 20s/15MB
AV: 04:19:00 / 04:19:22 (100%) A-V:  0.000 Dropped: 308 Cache: 20s/14MB
AV: 04:19:01 / 04:19:22 (100%) A-V:  0.000 Dropped: 308 Cache: 20s/14MB
AV: 04:19:01 / 04:19:22 (100%) A-V:  0.000 Dropped: 308 Cache: 19s/14MB
AV: 04:19:02 / 04:19:22 (100%) A-V:  0.000 Dropped: 308 Cache: 19s/14MB
AV: 04:19:02 / 04:19:22 (100%) A-V:  0.000 Dropped: 308 Cache: 19s/13MB
AV: 04:19:02 / 04:19:22 (100%) A-V:  0.000 Dropped: 308 Cache: 18s/13MB
AV: 04:19:03 / 04:19:22 (100%) A-V:  0.000 Dropped: 308 Cache: 18s/13MB
AV: 04:19:03 / 04:19:28 (100%) A-V:  0.000 Dropped: 308 Cache: 24s/17MB
AV: 04:19:03 / 04:19:28 (100%) A-V:  0.000 Dropped: 308 Cache: 23s/17MB
AV: 04:19:04 / 04:19:28 (100%) A-V:  0.000 Dropped: 308 Cache: 23s/16MB
AV: 04:19:04 / 04:19:28 (100%) A-V:  0.000 Dropped: 308 Cache: 22s/16MB
AV: 04:19:05 / 04:19:28 (100%) A-V:  0.000 Dropped: 308 Cache: 22s/16MB
AV: 04:19:05 / 04:19:28 (100%) A-V:  0.000 Dropped: 308 Cache: 22s/15MB
AV: 04:19:05 / 04:19:28 (100%) A-V:  0.000 Dropped: 308 Cache: 21s/15MB
AV: 04:19:06 / 04:19:28 (100%) A-V:  0.000 Dropped: 308 Cache: 21s/15MB
AV: 04:19:06 / 04:19:28 (100%) A-V:  0.000 Dropped: 308 Cache: 20s/15MB
AV: 04:19:06 / 04:19:28 (100%) A-V:  0.000 Dropped: 308 Cache: 20s/14MB
AV: 04:19:07 / 04:19:28 (100%) A-V:  0.000 Dropped: 308 Cache: 20s/14MB
AV: 04:19:07 / 04:19:28 (100%) A-V:  0.000 Dropped: 308 Cache: 19s/14MB
AV: 04:19:08 / 04:19:28 (100%) A-V:  0.000 Dropped: 308 Cache: 19s/14MB
AV: 04:19:08 / 04:19:28 (100%) A-V:  0.000 Dropped: 308 Cache: 19s/13MB
AV: 04:19:08 / 04:19:28 (100%) A-V:  0.000 Dropped: 308 Cache: 18s/13MB
AV: 04:19:09 / 04:19:28 (100%) A-V:  0.000 Dropped: 308 Cache: 18s/13MB
AV: 04:19:09 / 04:19:34 (100%) A-V:  0.000 Dropped: 308 Cache: 24s/17MB
AV: 04:19:09 / 04:19:34 (100%) A-V:  0.000 Dropped: 308 Cache: 23s/17MB
AV: 04:19:10 / 04:19:34 (100%) A-V:  0.000 Dropped: 308 Cache: 23s/17MB
AV: 04:19:10 / 04:19:34 (100%) A-V:  0.000 Dropped: 308 Cache: 23s/16MB
AV: 04:19:10 / 04:19:34 (100%) A-V:  0.000 Dropped: 308 Cache: 22s/16MB
AV: 04:19:11 / 04:19:34 (100%) A-V:  0.000 Dropped: 308 Cache: 22s/16MB
AV: 04:19:11 / 04:19:34 (100%) A-V:  0.000 Dropped: 308 Cache: 21s/16MB
AV: 04:19:11 / 04:19:34 (100%) A-V:  0.000 Dropped: 308 Cache: 21s/15MB
AV: 04:19:12 / 04:19:34 (100%) A-V:  0.000 Dropped: 308 Cache: 21s/15MB
AV: 04:19:12 / 04:19:34 (100%) A-V:  0.000 Dropped: 308 Cache: 20s/15MB
AV: 04:19:13 / 04:19:34 (100%) A-V:  0.000 Dropped: 308 Cache: 20s/15MB
AV: 04:19:13 / 04:19:34 (100%) A-V:  0.000 Dropped: 308 Cache: 20s/14MB
AV: 04:19:13 / 04:19:34 (100%) A-V:  0.000 Dropped: 308 Cache: 19s/14MB
AV: 04:19:14 / 04:19:34 (100%) A-V:  0.000 Dropped: 308 Cache: 19s/14MB
AV: 04:19:14 / 04:19:34 (100%) A-V:  0.000 Dropped: 308 Cache: 19s/13MB
AV: 04:19:14 / 04:19:34 (100%) A-V:  0.000 Dropped: 308 Cache: 18s/13MB
AV: 04:19:15 / 04:19:34 (100%) A-V:  0.000 Dropped: 308 Cache: 18s/13MB
AV: 04:19:15 / 04:19:40 (100%) A-V:  0.000 Dropped: 308 Cache: 24s/17MB
AV: 04:19:15 / 04:19:40 (100%) A-V:  0.000 Dropped: 308 Cache: 23s/17MB
AV: 04:19:16 / 04:19:40 (100%) A-V:  0.000 Dropped: 308 Cache: 23s/17MB
AV: 04:19:16 / 04:19:40 (100%) A-V:  0.000 Dropped: 308 Cache: 23s/16MB
AV: 04:19:16 / 04:19:40 (100%) A-V:  0.000 Dropped: 308 Cache: 22s/16MB
AV: 04:19:17 / 04:19:40 (100%) A-V:  0.000 Dropped: 308 Cache: 22s/16MB
AV: 04:19:17 / 04:19:40 (100%) A-V:  0.000 Dropped: 308 Cache: 21s/16MB
AV: 04:19:17 / 04:19:40 (100%) A-V:  0.000 Dropped: 308 Cache: 21s/15MB
AV: 04:19:18 / 04:19:40 (100%) A-V:  0.000 Dropped: 308 Cache: 21s/15MB
AV: 04:19:18 / 04:19:40 (100%) A-V:  0.000 Dropped: 308 Cache: 20s/15MB
AV: 04:19:19 / 04:19:40 (100%) A-V:  0.000 Dropped: 308 Cache: 20s/15MB
AV: 04:19:19 / 04:19:40 (100%) A-V:  0.000 Dropped: 308 Cache: 20s/14MB
AV: 04:19:19 / 04:19:40 (100%) A-V:  0.000 Dropped: 308 Cache: 19s/14MB
AV: 04:19:20 / 04:19:40 (100%) A-V:  0.000 Dropped: 308 Cache: 19s/14MB
AV: 04:19:20 / 04:19:40 (100%) A-V:  0.000 Dropped: 308 Cache: 19s/13MB
AV: 04:19:20 / 04:19:40 (100%) A-V:  0.000 Dropped: 308 Cache: 18s/13MB
AV: 04:19:21 / 04:19:40 (100%) A-V:  0.000 Dropped: 308 Cache: 18s/13MB
AV: 04:19:21 / 04:19:40 (100%) A-V:  0.000 Dropped: 308 Cache: 17s/13MB
AV: 04:19:21 / 04:19:40 (100%) A-V:  0.000 Dropped: 308 Cache: 17s/12MB
AV: 04:19:22 / 04:19:40 (100%) A-V:  0.000 Dropped: 308 Cache: 17s/12MB
AV: 04:19:22 / 04:19:40 (100%) A-V:  0.000 Dropped: 308 Cache: 16s/12MB
AV: 04:19:23 / 04:19:40 (100%) A-V:  0.000 Dropped: 308 Cache: 16s/12MB
AV: 04:19:23 / 04:19:40 (100%) A-V:  0.000 Dropped: 308 Cache: 16s/11MB
AV: 04:19:23 / 04:19:40 (100%) A-V:  0.000 Dropped: 308 Cache: 15s/11MB
AV: 04:19:24 / 04:19:40 (100%) A-V:  0.000 Dropped: 308 Cache: 15s/11MB
AV: 04:19:24 / 04:19:40 (100%) A-V:  0.000 Dropped: 308 Cache: 15s/10MB
AV: 04:19:24 / 04:19:40 (100%) A-V:  0.000 Dropped: 308 Cache: 14s/10MB
AV: 04:19:25 / 04:19:40 (100%) A-V:  0.000 Dropped: 308 Cache: 14s/10MB
AV: 04:19:25 / 04:19:40 (100%) A-V:  0.000 Dropped: 308 Cache: 13s/10MB
AV: 04:19:25 / 04:19:40 (100%) A-V:  0.000 Dropped: 308 Cache: 13s/9MB
AV: 04:19:25 / 04:19:46 (100%) A-V:  0.000 Dropped: 308 Cache: 19s/13MB
AV: 04:19:26 / 04:19:46 (100%) A-V:  0.000 Dropped: 308 Cache: 19s/13MB
AV: 04:19:26 / 04:19:52 (100%) A-V:  0.000 Dropped: 308 Cache: 25s/18MB
AV: 04:19:26 / 04:19:52 (100%) A-V:  0.000 Dropped: 308 Cache: 24s/18MB
AV: 04:19:26 / 04:19:52 (100%) A-V:  0.000 Dropped: 308 Cache: 24s/17MB
AV: 04:19:27 / 04:19:52 (100%) A-V:  0.000 Dropped: 308 Cache: 24s/17MB
AV: 04:19:27 / 04:19:52 (100%) A-V:  0.000 Dropped: 308 Cache: 23s/17MB
AV: 04:19:28 / 04:19:52 (100%) A-V:  0.000 Dropped: 308 Cache: 23s/17MB
AV: 04:19:28 / 04:19:52 (100%) A-V:  0.000 Dropped: 308 Cache: 23s/16MB
AV: 04:19:28 / 04:19:52 (100%) A-V:  0.000 Dropped: 308 Cache: 22s/16MB
AV: 04:19:29 / 04:19:52 (100%) A-V:  0.000 Dropped: 308 Cache: 22s/16MB
AV: 04:19:29 / 04:19:52 (100%) A-V:  0.000 Dropped: 308 Cache: 21s/16MB
AV: 04:19:29 / 04:19:52 (100%) A-V:  0.000 Dropped: 308 Cache: 21s/15MB
AV: 04:19:30 / 04:19:52 (100%) A-V:  0.000 Dropped: 308 Cache: 21s/15MB
AV: 04:19:30 / 04:19:52 (100%) A-V:  0.000 Dropped: 308 Cache: 20s/15MB
AV: 04:19:31 / 04:19:52 (100%) A-V:  0.000 Dropped: 308 Cache: 20s/15MB
AV: 04:19:31 / 04:19:52 (100%) A-V:  0.000 Dropped: 308 Cache: 20s/14MB
AV: 04:19:31 / 04:19:58 (100%) A-V:  0.000 Dropped: 308 Cache: 26s/19MB
AV: 04:19:31 / 04:19:58 (100%) A-V:  0.000 Dropped: 308 Cache: 25s/19MB
AV: 04:19:31 / 04:19:58 (100%) A-V:  0.000 Dropped: 308 Cache: 25s/18MB
AV: 04:19:32 / 04:19:58 (100%) A-V:  0.000 Dropped: 308 Cache: 25s/18MB
AV: 04:19:32 / 04:19:58 (100%) A-V:  0.000 Dropped: 308 Cache: 24s/18MB
AV: 04:19:32 / 04:19:58 (100%) A-V:  0.000 Dropped: 308 Cache: 24s/17MB
AV: 04:19:33 / 04:19:58 (100%) A-V:  0.000 Dropped: 308 Cache: 24s/17MB
AV: 04:19:33 / 04:19:58 (100%) A-V:  0.000 Dropped: 308 Cache: 23s/17MB
AV: 04:19:34 / 04:19:58 (100%) A-V:  0.000 Dropped: 308 Cache: 23s/17MB
AV: 04:19:34 / 04:19:58 (100%) A-V:  0.000 Dropped: 308 Cache: 23s/16MB
AV: 04:19:34 / 04:19:58 (100%) A-V:  0.000 Dropped: 308 Cache: 22s/16MB
AV: 04:19:35 / 04:19:58 (100%) A-V:  0.000 Dropped: 308 Cache: 22s/16MB
AV: 04:19:35 / 04:19:58 (100%) A-V:  0.000 Dropped: 308 Cache: 22s/15MB
AV: 04:19:35 / 04:19:58 (100%) A-V:  0.000 Dropped: 308 Cache: 21s/15MB
AV: 04:19:36 / 04:19:58 (100%) A-V:  0.000 Dropped: 308 Cache: 21s/15MB
AV: 04:19:36 / 04:19:58 (100%) A-V:  0.000 Dropped: 308 Cache: 20s/15MB
AV: 04:19:37 / 04:19:58 (100%) A-V:  0.000 Dropped: 308 Cache: 20s/15MB
AV: 04:19:37 / 04:19:58 (100%) A-V:  0.000 Dropped: 308 Cache: 20s/14MB
AV: 04:19:37 / 04:20:04 (100%) A-V:  0.000 Dropped: 308 Cache: 25s/18MB
AV: 04:19:38 / 04:20:04 (100%) A-V:  0.000 Dropped: 308 Cache: 25s/18MB
AV: 04:19:38 / 04:20:04 (100%) A-V:  0.000 Dropped: 308 Cache: 24s/18MB
AV: 04:19:38 / 04:20:04 (100%) A-V:  0.000 Dropped: 308 Cache: 24s/17MB
AV: 04:19:39 / 04:20:04 (100%) A-V:  0.000 Dropped: 308 Cache: 24s/17MB
AV: 04:19:39 / 04:20:04 (100%) A-V:  0.000 Dropped: 308 Cache: 23s/17MB
AV: 04:19:40 / 04:20:04 (100%) A-V:  0.000 Dropped: 308 Cache: 23s/17MB
AV: 04:19:40 / 04:20:04 (100%) A-V:  0.000 Dropped: 308 Cache: 23s/16MB
AV: 04:19:40 / 04:20:04 (100%) A-V:  0.000 Dropped: 308 Cache: 22s/16MB
AV: 04:19:41 / 04:20:04 (100%) A-V:  0.000 Dropped: 308 Cache: 22s/16MB
AV: 04:19:41 / 04:20:04 (100%) A-V:  0.000 Dropped: 308 Cache: 22s/15MB
AV: 04:19:41 / 04:20:04 (100%) A-V:  0.000 Dropped: 308 Cache: 21s/15MB
AV: 04:19:42 / 04:20:04 (100%) A-V:  0.000 Dropped: 308 Cache: 21s/15MB
AV: 04:19:42 / 04:20:04 (100%) A-V:  0.000 Dropped: 308 Cache: 20s/15MB
AV: 04:19:43 / 04:20:04 (100%) A-V:  0.000 Dropped: 308 Cache: 20s/15MB
AV: 04:19:43 / 04:20:04 (100%) A-V:  0.000 Dropped: 308 Cache: 20s/14MB
AV: 04:19:43 / 04:20:04 (100%) A-V:  0.000 Dropped: 308 Cache: 19s/14MB
AV: 04:19:43 / 04:20:10 (100%) A-V:  0.000 Dropped: 308 Cache: 25s/18MB
AV: 04:19:44 / 04:20:10 (100%) A-V:  0.000 Dropped: 308 Cache: 25s/18MB
AV: 04:19:44 / 04:20:10 (100%) A-V:  0.000 Dropped: 308 Cache: 24s/18MB
AV: 04:19:45 / 04:20:10 (100%) A-V:  0.000 Dropped: 308 Cache: 24s/18MB
AV: 04:19:45 / 04:20:10 (100%) A-V:  0.000 Dropped: 308 Cache: 24s/17MB
AV: 04:19:45 / 04:20:10 (100%) A-V:  0.000 Dropped: 308 Cache: 23s/17MB
AV: 04:19:46 / 04:20:10 (100%) A-V:  0.000 Dropped: 308 Cache: 23s/17MB
AV: 04:19:46 / 04:20:10 (100%) A-V:  0.000 Dropped: 308 Cache: 23s/16MB
AV: 04:19:46 / 04:20:10 (100%) A-V:  0.000 Dropped: 308 Cache: 22s/16MB
AV: 04:19:47 / 04:20:10 (100%) A-V:  0.000 Dropped: 308 Cache: 22s/16MB
AV: 04:19:47 / 04:20:10 (100%) A-V:  0.000 Dropped: 308 Cache: 21s/16MB
AV: 04:19:47 / 04:20:10 (100%) A-V:  0.000 Dropped: 308 Cache: 21s/15MB
AV: 04:19:48 / 04:20:10 (100%) A-V:  0.000 Dropped: 308 Cache: 21s/15MB
AV: 04:19:48 / 04:20:10 (100%) A-V:  0.000 Dropped: 308 Cache: 20s/15MB
AV: 04:19:49 / 04:20:10 (100%) A-V:  0.000 Dropped: 308 Cache: 20s/15MB
AV: 04:19:49 / 04:20:10 (100%) A-V:  0.000 Dropped: 308 Cache: 20s/14MB
AV: 04:19:49 / 04:20:10 (100%) A-V:  0.000 Dropped: 308 Cache: 19s/14MB
AV: 04:19:50 / 04:20:10 (100%) A-V:  0.000 Dropped: 308 Cache: 19s/14MB
AV: 04:19:50 / 04:20:12 (100%) A-V:  0.000 Dropped: 308 Cache: 22s/16MB
AV: 04:19:50 / 04:20:16 (100%) A-V:  0.000 Dropped: 308 Cache: 25s/18MB
AV: 04:19:50 / 04:20:16 (100%) A-V:  0.000 Dropped: 308 Cache: 24s/18MB
AV: 04:19:50 / 04:20:16 (100%) A-V:  0.000 Dropped: 308 Cache: 24s/17MB
AV: 04:19:51 / 04:20:16 (100%) A-V:  0.000 Dropped: 308 Cache: 24s/17MB
AV: 04:19:51 / 04:20:16 (100%) A-V:  0.000 Dropped: 308 Cache: 23s/17MB
AV: 04:19:52 / 04:20:16 (100%) A-V:  0.000 Dropped: 308 Cache: 23s/17MB
AV: 04:19:52 / 04:20:16 (100%) A-V:  0.000 Dropped: 308 Cache: 23s/16MB
AV: 04:19:52 / 04:20:16 (100%) A-V:  0.000 Dropped: 308 Cache: 22s/16MB
AV: 04:19:53 / 04:20:16 (100%) A-V:  0.000 Dropped: 308 Cache: 22s/16MB
AV: 04:19:53 / 04:20:16 (100%) A-V:  0.000 Dropped: 308 Cache: 21s/16MB
AV: 04:19:53 / 04:20:16 (100%) A-V:  0.000 Dropped: 308 Cache: 21s/15MB
AV: 04:19:54 / 04:20:16 (100%) A-V:  0.000 Dropped: 308 Cache: 21s/15MB
AV: 04:19:54 / 04:20:16 (100%) A-V:  0.000 Dropped: 308 Cache: 20s/15MB
AV: 04:19:55 / 04:20:16 (100%) A-V:  0.000 Dropped: 308 Cache: 20s/15MB
AV: 04:19:55 / 04:20:16 (100%) A-V:  0.000 Dropped: 308 Cache: 20s/14MB
AV: 04:19:55 / 04:20:16 (100%) A-V:  0.000 Dropped: 308 Cache: 19s/14MB
AV: 04:19:56 / 04:20:16 (100%) A-V:  0.000 Dropped: 308 Cache: 19s/14MB
AV: 04:19:56 / 04:20:17 (100%) A-V:  0.000 Dropped: 308 Cache: 21s/15MB
AV: 04:19:56 / 04:20:22 (100%) A-V:  0.000 Dropped: 308 Cache: 25s/18MB
AV: 04:19:56 / 04:20:22 (100%) A-V:  0.000 Dropped: 308 Cache: 25s/17MB
AV: 04:19:56 / 04:20:22 (100%) A-V:  0.000 Dropped: 308 Cache: 24s/17MB
AV: 04:19:57 / 04:20:22 (100%) A-V:  0.000 Dropped: 308 Cache: 24s/17MB
AV: 04:19:57 / 04:20:22 (100%) A-V:  0.000 Dropped: 308 Cache: 23s/17MB
AV: 04:19:57 / 04:20:22 (100%) A-V:  0.000 Dropped: 308 Cache: 23s/16MB
AV: 04:19:58 / 04:20:22 (100%) A-V:  0.000 Dropped: 308 Cache: 23s/16MB
AV: 04:19:58 / 04:20:22 (100%) A-V:  0.000 Dropped: 308 Cache: 22s/16MB
AV: 04:19:59 / 04:20:22 (100%) A-V:  0.000 Dropped: 308 Cache: 22s/16MB
AV: 04:19:59 / 04:20:22 (100%) A-V:  0.000 Dropped: 308 Cache: 22s/15MB
AV: 04:19:59 / 04:20:22 (100%) A-V:  0.000 Dropped: 308 Cache: 21s/15MB
AV: 04:20:00 / 04:20:22 (100%) A-V:  0.000 Dropped: 308 Cache: 21s/15MB
AV: 04:20:00 / 04:20:22 (100%) A-V:  0.000 Dropped: 308 Cache: 21s/14MB
AV: 04:20:00 / 04:20:22 (100%) A-V:  0.000 Dropped: 308 Cache: 20s/14MB
AV: 04:20:01 / 04:20:22 (100%) A-V:  0.000 Dropped: 308 Cache: 20s/14MB
AV: 04:20:01 / 04:20:22 (100%) A-V:  0.000 Dropped: 308 Cache: 19s/14MB
AV: 04:20:01 / 04:20:22 (100%) A-V:  0.000 Dropped: 308 Cache: 19s/13MB
AV: 04:20:02 / 04:20:22 (100%) A-V:  0.000 Dropped: 308 Cache: 19s/13MB
AV: 04:20:02 / 04:20:22 (100%) A-V:  0.000 Dropped: 308 Cache: 18s/13MB
AV: 04:20:03 / 04:20:22 (100%) A-V:  0.000 Dropped: 308 Cache: 18s/13MB
AV: 04:20:03 / 04:20:22 (100%) A-V:  0.000 Dropped: 308 Cache: 18s/12MB
AV: 04:20:03 / 04:20:22 (100%) A-V:  0.000 Dropped: 308 Cache: 17s/12MB
AV: 04:20:04 / 04:20:22 (100%) A-V:  0.000 Dropped: 308 Cache: 17s/12MB
AV: 04:20:04 / 04:20:22 (100%) A-V:  0.000 Dropped: 308 Cache: 16s/12MB
AV: 04:20:04 / 04:20:22 (100%) A-V:  0.000 Dropped: 308 Cache: 16s/11MB
AV: 04:20:05 / 04:20:22 (100%) A-V:  0.000 Dropped: 308 Cache: 16s/11MB
AV: 04:20:05 / 04:20:22 (100%) A-V:  0.000 Dropped: 308 Cache: 15s/11MB
AV: 04:20:06 / 04:20:22 (100%) A-V:  0.000 Dropped: 308 Cache: 15s/11MB
AV: 04:20:06 / 04:20:22 (100%) A-V:  0.000 Dropped: 308 Cache: 15s/10MB
AV: 04:20:06 / 04:20:22 (100%) A-V:  0.000 Dropped: 308 Cache: 14s/10MB
AV: 04:20:07 / 04:20:22 (100%) A-V:  0.000 Dropped: 308 Cache: 14s/10MB
AV: 04:20:07 / 04:20:22 (100%) A-V:  0.000 Dropped: 308 Cache: 14s/9MB
AV: 04:20:07 / 04:20:22 (100%) A-V:  0.000 Dropped: 308 Cache: 13s/9MB
AV: 04:20:08 / 04:20:22 (100%) A-V:  0.000 Dropped: 308 Cache: 13s/9MB
AV: 04:20:08 / 04:20:22 (100%) A-V:  0.000 Dropped: 308 Cache: 12s/9MB
AV: 04:20:09 / 04:20:22 (100%) A-V:  0.000 Dropped: 308 Cache: 12s/9MB
AV: 04:20:09 / 04:20:22 (100%) A-V:  0.000 Dropped: 308 Cache: 12s/8MB
AV: 04:20:09 / 04:20:22 (100%) A-V:  0.000 Dropped: 308 Cache: 11s/8MB
AV: 04:20:10 / 04:20:22 (100%) A-V:  0.000 Dropped: 308 Cache: 11s/8MB
AV: 04:20:10 / 04:20:22 (100%) A-V:  0.000 Dropped: 308 Cache: 11s/7MB
AV: 04:20:10 / 04:20:22 (100%) A-V:  0.000 Dropped: 308 Cache: 10s/7MB
AV: 04:20:11 / 04:20:22 (100%) A-V:  0.000 Dropped: 308 Cache: 10s/7MB
AV: 04:20:11 / 04:20:22 (100%) A-V:  0.000 Dropped: 308 Cache: 10s/6MB
AV: 04:20:11 / 04:20:22 (100%) A-V:  0.000 Dropped: 308 Cache: 10.0s/6MB
AV: 04:20:11 / 04:20:22 (100%) A-V:  0.000 Dropped: 308 Cache: 9.9s/6MB
AV: 04:20:11 / 04:20:22 (100%) A-V:  0.000 Dropped: 308 Cache: 9.8s/6MB
AV: 04:20:12 / 04:20:22 (100%) A-V:  0.000 Dropped: 308 Cache: 9.7s/6MB
AV: 04:20:12 / 04:20:22 (100%) A-V:  0.000 Dropped: 308 Cache: 9.6s/6MB
AV: 04:20:12 / 04:20:22 (100%) A-V:  0.000 Dropped: 308 Cache: 9.5s/6MB
AV: 04:20:12 / 04:20:22 (100%) A-V:  0.000 Dropped: 308 Cache: 9.4s/6MB
AV: 04:20:12 / 04:20:22 (100%) A-V:  0.000 Dropped: 308 Cache: 9.3s/6MB
AV: 04:20:12 / 04:20:22 (100%) A-V:  0.000 Dropped: 308 Cache: 9.2s/6MB
AV: 04:20:12 / 04:20:22 (100%) A-V:  0.000 Dropped: 308 Cache: 9.1s/6MB
AV: 04:20:12 / 04:20:22 (100%) A-V:  0.000 Dropped: 308 Cache: 9.0s/6MB
AV: 04:20:12 / 04:20:22 (100%) A-V:  0.000 Dropped: 308 Cache: 8.9s/6MB
AV: 04:20:12 / 04:20:22 (100%) A-V:  0.000 Dropped: 308 Cache: 8.8s/6MB
AV: 04:20:13 / 04:20:22 (100%) A-V:  0.000 Dropped: 308 Cache: 8.7s/6MB
AV: 04:20:13 / 04:20:22 (100%) A-V:  0.000 Dropped: 308 Cache: 8.7s/5MB
AV: 04:20:13 / 04:20:22 (100%) A-V:  0.000 Dropped: 308 Cache: 8.6s/5MB
AV: 04:20:13 / 04:20:22 (100%) A-V:  0.000 Dropped: 308 Cache: 8.5s/5MB
AV: 04:20:13 / 04:20:22 (100%) A-V:  0.000 Dropped: 308 Cache: 8.4s/5MB
AV: 04:20:13 / 04:20:22 (100%) A-V:  0.000 Dropped: 308 Cache: 8.3s/5MB
AV: 04:20:13 / 04:20:22 (100%) A-V:  0.000 Dropped: 308 Cache: 8.2s/5MB
AV: 04:20:13 / 04:20:22 (100%) A-V:  0.000 Dropped: 308 Cache: 8.1s/5MB
AV: 04:20:13 / 04:20:22 (100%) A-V:  0.000 Dropped: 308 Cache: 8.0s/5MB
AV: 04:20:13 / 04:20:22 (100%) A-V:  0.000 Dropped: 308 Cache: 7.9s/5MB
AV: 04:20:13 / 04:20:22 (100%) A-V:  0.000 Dropped: 308 Cache: 7.8s/5MB
AV: 04:20:14 / 04:20:22 (100%) A-V:  0.000 Dropped: 308 Cache: 7.7s/5MB
AV: 04:20:14 / 04:20:22 (100%) A-V:  0.000 Dropped: 308 Cache: 7.6s/5MB
AV: 04:20:14 / 04:20:22 (100%) A-V:  0.000 Dropped: 308 Cache: 7.5s/5MB
AV: 04:20:14 / 04:20:22 (100%) A-V:  0.000 Dropped: 308 Cache: 7.4s/5MB
AV: 04:20:14 / 04:20:22 (100%) A-V:  0.000 Dropped: 308 Cache: 7.3s/5MB
AV: 04:20:14 / 04:20:22 (100%) A-V:  0.000 Dropped: 308 Cache: 7.2s/5MB
AV: 04:20:14 / 04:20:22 (100%) A-V:  0.000 Dropped: 308 Cache: 7.1s/5MB
AV: 04:20:14 / 04:20:22 (100%) A-V:  0.000 Dropped: 308 Cache: 7.1s/4MB
AV: 04:20:14 / 04:20:22 (100%) A-V:  0.000 Dropped: 308 Cache: 7.0s/4MB
AV: 04:20:14 / 04:20:22 (100%) A-V:  0.000 Dropped: 308 Cache: 6.9s/4MB
AV: 04:20:14 / 04:20:22 (100%) A-V:  0.000 Dropped: 308 Cache: 6.8s/4MB
AV: 04:20:15 / 04:20:22 (100%) A-V:  0.000 Dropped: 308 Cache: 6.7s/4MB
AV: 04:20:15 / 04:20:22 (100%) A-V:  0.000 Dropped: 308 Cache: 6.6s/4MB
AV: 04:20:15 / 04:20:22 (100%) A-V:  0.000 Dropped: 308 Cache: 6.5s/4MB
AV: 04:20:15 / 04:20:22 (100%) A-V:  0.000 Dropped: 308 Cache: 6.4s/4MB
AV: 04:20:15 / 04:20:22 (100%) A-V:  0.000 Dropped: 308 Cache: 6.3s/4MB
AV: 04:20:15 / 04:20:22 (100%) A-V:  0.000 Dropped: 308 Cache: 6.2s/4MB
AV: 04:20:15 / 04:20:22 (100%) A-V:  0.000 Dropped: 308 Cache: 6.1s/4MB
AV: 04:20:15 / 04:20:22 (100%) A-V:  0.000 Dropped: 308 Cache: 6.0s/4MB
AV: 04:20:15 / 04:20:22 (100%) A-V:  0.000 Dropped: 308 Cache: 5.9s/4MB
AV: 04:20:15 / 04:20:22 (100%) A-V:  0.000 Dropped: 308 Cache: 5.8s/4MB
AV: 04:20:15 / 04:20:22 (100%) A-V:  0.000 Dropped: 308 Cache: 5.8s/3MB
AV: 04:20:16 / 04:20:22 (100%) A-V:  0.000 Dropped: 308 Cache: 5.7s/3MB
AV: 04:20:16 / 04:20:22 (100%) A-V:  0.000 Dropped: 308 Cache: 5.6s/3MB
AV: 04:20:16 / 04:20:22 (100%) A-V:  0.000 Dropped: 308 Cache: 5.5s/3MB
AV: 04:20:16 / 04:20:22 (100%) A-V:  0.000 Dropped: 308 Cache: 5.4s/3MB
AV: 04:20:16 / 04:20:22 (100%) A-V:  0.000 Dropped: 308 Cache: 5.3s/3MB
AV: 04:20:16 / 04:20:22 (100%) A-V:  0.000 Dropped: 308 Cache: 5.2s/3MB
AV: 04:20:16 / 04:20:22 (100%) A-V:  0.000 Dropped: 308 Cache: 5.1s/3MB
AV: 04:20:16 / 04:20:22 (100%) A-V:  0.000 Dropped: 308 Cache: 5.0s/3MB
AV: 04:20:16 / 04:20:22 (100%) A-V:  0.000 Dropped: 308 Cache: 4.9s/3MB
AV: 04:20:16 / 04:20:22 (100%) A-V:  0.000 Dropped: 308 Cache: 4.8s/3MB
AV: 04:20:17 / 04:20:22 (100%) A-V:  0.000 Dropped: 308 Cache: 4.7s/3MB
AV: 04:20:17 / 04:20:22 (100%) A-V:  0.000 Dropped: 308 Cache: 4.6s/3MB
AV: 04:20:17 / 04:20:22 (100%) A-V:  0.000 Dropped: 308 Cache: 4.5s/3MB
AV: 04:20:17 / 04:20:22 (100%) A-V:  0.000 Dropped: 308 Cache: 4.4s/3MB
AV: 04:20:17 / 04:20:22 (100%) A-V:  0.000 Dropped: 308 Cache: 4.3s/3MB
AV: 04:20:17 / 04:20:22 (100%) A-V:  0.000 Dropped: 308 Cache: 4.3s/2MB
AV: 04:20:17 / 04:20:22 (100%) A-V:  0.000 Dropped: 308 Cache: 4.2s/2MB
AV: 04:20:17 / 04:20:22 (100%) A-V:  0.000 Dropped: 308 Cache: 4.1s/2MB
AV: 04:20:17 / 04:20:22 (100%) A-V:  0.000 Dropped: 308 Cache: 4.0s/2MB
AV: 04:20:17 / 04:20:22 (100%) A-V:  0.000 Dropped: 308 Cache: 3.9s/2MB
AV: 04:20:17 / 04:20:22 (100%) A-V:  0.000 Dropped: 308 Cache: 3.8s/2MB
AV: 04:20:18 / 04:20:22 (100%) A-V:  0.000 Dropped: 308 Cache: 3.7s/2MB
AV: 04:20:18 / 04:20:22 (100%) A-V:  0.000 Dropped: 308 Cache: 3.6s/2MB
AV: 04:20:18 / 04:20:22 (100%) A-V:  0.000 Dropped: 308 Cache: 3.5s/2MB
AV: 04:20:18 / 04:20:22 (100%) A-V:  0.000 Dropped: 308 Cache: 3.4s/2MB
AV: 04:20:18 / 04:20:22 (100%) A-V:  0.000 Dropped: 308 Cache: 3.3s/2MB
AV: 04:20:18 / 04:20:22 (100%) A-V:  0.000 Dropped: 308 Cache: 3.2s/2MB
AV: 04:20:18 / 04:20:22 (100%) A-V:  0.000 Dropped: 308 Cache: 3.1s/2MB
AV: 04:20:18 / 04:20:22 (100%) A-V:  0.000 Dropped: 308 Cache: 3.0s/2MB
AV: 04:20:18 / 04:20:22 (100%) A-V:  0.000 Dropped: 308 Cache: 3.0s/1MB
AV: 04:20:18 / 04:20:22 (100%) A-V:  0.000 Dropped: 308 Cache: 2.9s/1MB
AV: 04:20:18 / 04:20:22 (100%) A-V:  0.000 Dropped: 308 Cache: 2.8s/1MB
AV: 04:20:19 / 04:20:22 (100%) A-V:  0.000 Dropped: 308 Cache: 2.7s/1MB
AV: 04:20:19 / 04:20:22 (100%) A-V:  0.000 Dropped: 308 Cache: 2.6s/1MB
AV: 04:20:19 / 04:20:22 (100%) A-V:  0.000 Dropped: 308 Cache: 2.5s/1MB
AV: 04:20:19 / 04:20:22 (100%) A-V:  0.000 Dropped: 308 Cache: 2.4s/1MB
AV: 04:20:19 / 04:20:22 (100%) A-V:  0.000 Dropped: 308 Cache: 2.3s/1MB
AV: 04:20:19 / 04:20:22 (100%) A-V:  0.000 Dropped: 308 Cache: 2.2s/1MB
AV: 04:20:19 / 04:20:22 (100%) A-V:  0.000 Dropped: 308 Cache: 2.1s/1MB
AV: 04:20:19 / 04:20:22 (100%) A-V:  0.000 Dropped: 308 Cache: 2.0s/1MB
AV: 04:20:19 / 04:20:22 (100%) A-V:  0.000 Dropped: 308 Cache: 1.9s/1MB
AV: 04:20:19 / 04:20:22 (100%) A-V:  0.000 Dropped: 308 Cache: 1.8s/1MB
AV: 04:20:19 / 04:20:22 (100%) A-V:  0.000 Dropped: 308 Cache: 1.8s/1023KB
AV: 04:20:19 / 04:20:22 (100%) A-V:  0.000 Dropped: 308 Cache: 1.8s/1018KB
AV: 04:20:19 / 04:20:22 (100%) A-V:  0.000 Dropped: 308 Cache: 1.8s/999KB
AV: 04:20:20 / 04:20:22 (100%) A-V:  0.000 Dropped: 308 Cache: 1.7s/981KB
AV: 04:20:20 / 04:20:22 (100%) A-V:  0.000 Dropped: 308 Cache: 1.7s/977KB
AV: 04:20:20 / 04:20:22 (100%) A-V:  0.000 Dropped: 308 Cache: 1.7s/973KB
AV: 04:20:20 / 04:20:22 (100%) A-V:  0.000 Dropped: 308 Cache: 1.7s/970KB
AV: 04:20:20 / 04:20:22 (100%) A-V:  0.000 Dropped: 308 Cache: 1.7s/966KB
AV: 04:20:20 / 04:20:22 (100%) A-V:  0.000 Dropped: 308 Cache: 1.6s/942KB
AV: 04:20:20 / 04:20:22 (100%) A-V:  0.000 Dropped: 308 Cache: 1.6s/932KB
AV: 04:20:20 / 04:20:22 (100%) A-V:  0.000 Dropped: 308 Cache: 1.6s/929KB
AV: 04:20:20 / 04:20:22 (100%) A-V:  0.000 Dropped: 308 Cache: 1.6s/925KB
AV: 04:20:20 / 04:20:22 (100%) A-V:  0.000 Dropped: 308 Cache: 1.6s/922KB
AV: 04:20:20 / 04:20:22 (100%) A-V:  0.000 Dropped: 308 Cache: 1.6s/918KB
AV: 04:20:20 / 04:20:22 (100%) A-V:  0.000 Dropped: 308 Cache: 1.5s/889KB
AV: 04:20:20 / 04:20:22 (100%) A-V:  0.000 Dropped: 308 Cache: 1.5s/873KB
AV: 04:20:20 / 04:20:22 (100%) A-V:  0.000 Dropped: 308 Cache: 1.5s/869KB
AV: 04:20:20 / 04:20:22 (100%) A-V:  0.000 Dropped: 308 Cache: 1.5s/866KB
AV: 04:20:20 / 04:20:22 (100%) A-V:  0.000 Dropped: 308 Cache: 1.5s/863KB
AV: 04:20:20 / 04:20:22 (100%) A-V:  0.000 Dropped: 308 Cache: 1.5s/858KB
AV: 04:20:20 / 04:20:22 (100%) A-V:  0.000 Dropped: 308 Cache: 1.5s/839KB
AV: 04:20:20 / 04:20:22 (100%) A-V:  0.000 Dropped: 308 Cache: 1.4s/823KB
AV: 04:20:20 / 04:20:22 (100%) A-V:  0.000 Dropped: 308 Cache: 1.4s/819KB
AV: 04:20:20 / 04:20:22 (100%) A-V:  0.000 Dropped: 308 Cache: 1.4s/815KB
AV: 04:20:20 / 04:20:22 (100%) A-V:  0.000 Dropped: 308 Cache: 1.4s/813KB
AV: 04:20:20 / 04:20:22 (100%) A-V:  0.000 Dropped: 308 Cache: 1.4s/808KB
AV: 04:20:20 / 04:20:22 (100%) A-V:  0.000 Dropped: 308 Cache: 1.3s/787KB
AV: 04:20:20 / 04:20:22 (100%) A-V:  0.000 Dropped: 308 Cache: 1.3s/770KB
AV: 04:20:20 / 04:20:22 (100%) A-V:  0.000 Dropped: 308 Cache: 1.3s/767KB
AV: 04:20:20 / 04:20:22 (100%) A-V:  0.000 Dropped: 308 Cache: 1.3s/763KB
AV: 04:20:20 / 04:20:22 (100%) A-V:  0.000 Dropped: 308 Cache: 1.3s/760KB
AV: 04:20:20 / 04:20:22 (100%) A-V:  0.000 Dropped: 308 Cache: 1.3s/755KB
AV: 04:20:20 / 04:20:22 (100%) A-V:  0.000 Dropped: 308 Cache: 1.2s/725KB
AV: 04:20:20 / 04:20:22 (100%) A-V:  0.000 Dropped: 308 Cache: 1.2s/707KB
AV: 04:20:20 / 04:20:22 (100%) A-V:  0.000 Dropped: 308 Cache: 1.2s/703KB
AV: 04:20:20 / 04:20:22 (100%) A-V:  0.000 Dropped: 308 Cache: 1.2s/701KB
AV: 04:20:20 / 04:20:22 (100%) A-V:  0.000 Dropped: 308 Cache: 1.2s/698KB
AV: 04:20:20 / 04:20:22 (100%) A-V:  0.000 Dropped: 308 Cache: 1.2s/694KB
AV: 04:20:20 / 04:20:22 (100%) A-V:  0.000 Dropped: 308 Cache: 1.1s/673KB
AV: 04:20:20 / 04:20:22 (100%) A-V:  0.000 Dropped: 308 Cache: 1.1s/657KB
AV: 04:20:20 / 04:20:22 (100%) A-V:  0.000 Dropped: 308 Cache: 1.1s/653KB
AV: 04:20:20 / 04:20:22 (100%) A-V:  0.000 Dropped: 308 Cache: 1.1s/650KB
AV: 04:20:20 / 04:20:22 (100%) A-V:  0.000 Dropped: 308 Cache: 1.1s/647KB
AV: 04:20:20 / 04:20:22 (100%) A-V:  0.000 Dropped: 308 Cache: 1.1s/643KB
AV: 04:20:20 / 04:20:22 (100%) A-V:  0.000 Dropped: 308 Cache: 1.0s/622KB
AV: 04:20:20 / 04:20:22 (100%) A-V:  0.000 Dropped: 308 Cache: 1.0s/605KB
AV: 04:20:20 / 04:20:22 (100%) A-V:  0.000 Dropped: 308 Cache: 1.0s/601KB
AV: 04:20:20 / 04:20:22 (100%) A-V:  0.000 Dropped: 308 Cache: 1.0s/597KB
AV: 04:20:20 / 04:20:22 (100%) A-V:  0.000 Dropped: 308 Cache: 1.0s/594KB
AV: 04:20:20 / 04:20:22 (100%) A-V:  0.000 Dropped: 308 Cache: 1.0s/591KB
AV: 04:20:20 / 04:20:22 (100%) A-V:  0.000 Dropped: 308 Cache: 1.0s/559KB
AV: 04:20:20 / 04:20:22 (100%) A-V:  0.000 Dropped: 308 Cache: 0.9s/546KB
AV: 04:20:20 / 04:20:22 (100%) A-V:  0.000 Dropped: 308 Cache: 0.9s/541KB
AV: 04:20:20 / 04:20:22 (100%) A-V:  0.000 Dropped: 308 Cache: 0.9s/539KB
AV: 04:20:20 / 04:20:22 (100%) A-V:  0.000 Dropped: 308 Cache: 0.9s/535KB
AV: 04:20:20 / 04:20:22 (100%) A-V:  0.000 Dropped: 308 Cache: 0.9s/531KB
AV: 04:20:20 / 04:20:22 (100%) A-V:  0.000 Dropped: 308 Cache: 0.8s/498KB
AV: 04:20:20 / 04:20:22 (100%) A-V:  0.000 Dropped: 308 Cache: 0.8s/486KB
AV: 04:20:20 / 04:20:22 (100%) A-V:  0.000 Dropped: 308 Cache: 0.8s/481KB
AV: 04:20:20 / 04:20:22 (100%) A-V:  0.000 Dropped: 308 Cache: 0.8s/478KB
AV: 04:20:20 / 04:20:22 (100%) A-V:  0.000 Dropped: 308 Cache: 0.8s/474KB
AV: 04:20:20 / 04:20:22 (100%) A-V:  0.000 Dropped: 308 Cache: 0.8s/470KB
AV: 04:20:20 / 04:20:22 (100%) A-V:  0.000 Dropped: 308 Cache: 0.8s/438KB
AV: 04:20:21 / 04:20:22 (100%) A-V:  0.000 Dropped: 308 Cache: 0.7s/428KB
AV: 04:20:21 / 04:20:22 (100%) A-V:  0.000 Dropped: 308 Cache: 0.7s/423KB
AV: 04:20:21 / 04:20:22 (100%) A-V:  0.000 Dropped: 308 Cache: 0.7s/419KB
AV: 04:20:21 / 04:20:22 (100%) A-V:  0.000 Dropped: 308 Cache: 0.7s/415KB
AV: 04:20:21 / 04:20:22 (100%) A-V:  0.000 Dropped: 308 Cache: 0.7s/411KB
AV: 04:20:21 / 04:20:22 (100%) A-V:  0.000 Dropped: 308 Cache: 0.6s/380KB
AV: 04:20:21 / 04:20:22 (100%) A-V:  0.000 Dropped: 308 Cache: 0.6s/369KB
AV: 04:20:21 / 04:20:22 (100%) A-V:  0.000 Dropped: 308 Cache: 0.6s/364KB
AV: 04:20:21 / 04:20:22 (100%) A-V:  0.000 Dropped: 308 Cache: 0.6s/360KB
AV: 04:20:21 / 04:20:22 (100%) A-V:  0.000 Dropped: 308 Cache: 0.6s/356KB
AV: 04:20:21 / 04:20:22 (100%) A-V:  0.000 Dropped: 308 Cache: 0.6s/352KB
AV: 04:20:21 / 04:20:22 (100%) A-V:  0.000 Dropped: 308 Cache: 0.5s/322KB
AV: 04:20:21 / 04:20:22 (100%) A-V:  0.000 Dropped: 308 Cache: 0.5s/310KB
AV: 04:20:21 / 04:20:22 (100%) A-V:  0.000 Dropped: 308 Cache: 0.5s/305KB
AV: 04:20:21 / 04:20:22 (100%) A-V:  0.000 Dropped: 308 Cache: 0.5s/302KB
AV: 04:20:21 / 04:20:22 (100%) A-V:  0.000 Dropped: 308 Cache: 0.5s/298KB
AV: 04:20:21 / 04:20:22 (100%) A-V:  0.000 Dropped: 308 Cache: 0.5s/294KB
AV: 04:20:21 / 04:20:22 (100%) A-V:  0.000 Dropped: 308 Cache: 0.5s/266KB
AV: 04:20:21 / 04:20:22 (100%) A-V:  0.000 Dropped: 308 Cache: 0.4s/254KB
AV: 04:20:21 / 04:20:22 (100%) A-V:  0.000 Dropped: 308 Cache: 0.4s/249KB
AV: 04:20:21 / 04:20:22 (100%) A-V:  0.000 Dropped: 308 Cache: 0.4s/245KB
AV: 04:20:21 / 04:20:22 (100%) A-V:  0.000 Dropped: 308 Cache: 0.4s/242KB
AV: 04:20:21 / 04:20:22 (100%) A-V:  0.000 Dropped: 308 Cache: 0.4s/237KB
AV: 04:20:21 / 04:20:22 (100%) A-V:  0.000 Dropped: 308 Cache: 0.3s/208KB
AV: 04:20:21 / 04:20:22 (100%) A-V:  0.000 Dropped: 308 Cache: 0.3s/195KB
AV: 04:20:21 / 04:20:22 (100%) A-V:  0.000 Dropped: 308 Cache: 0.3s/191KB
AV: 04:20:21 / 04:20:22 (100%) A-V:  0.000 Dropped: 308 Cache: 0.3s/187KB
AV: 04:20:21 / 04:20:22 (100%) A-V:  0.000 Dropped: 308 Cache: 0.3s/183KB
AV: 04:20:21 / 04:20:22 (100%) A-V:  0.000 Dropped: 308 Cache: 0.3s/179KB
AV: 04:20:21 / 04:20:22 (100%) A-V:  0.000 Dropped: 308 Cache: 0.2s/150KB
AV: 04:20:21 / 04:20:22 (100%) A-V:  0.000 Dropped: 308 Cache: 0.2s/139KB
AV: 04:20:21 / 04:20:22 (100%) A-V:  0.000 Dropped: 308 Cache: 0.2s/134KB
AV: 04:20:21 / 04:20:22 (100%) A-V:  0.000 Dropped: 308 Cache: 0.2s/130KB
AV: 04:20:21 / 04:20:22 (100%) A-V:  0.000 Dropped: 308 Cache: 0.2s/126KB
AV: 04:20:21 / 04:20:22 (100%) A-V:  0.000 Dropped: 308 Cache: 0.2s/119KB
AV: 04:20:21 / 04:20:22 (100%) A-V:  0.000 Dropped: 308 Cache: 0.1s/92KB
AV: 04:20:21 / 04:20:22 (100%) A-V:  0.000 Dropped: 308 Cache: 0.1s/84KB
AV: 04:20:21 / 04:20:22 (100%) A-V:  0.000 Dropped: 308 Cache: 0.1s/76KB
AV: 04:20:21 / 04:20:22 (100%) A-V:  0.000 Dropped: 308 Cache: 0.1s/72KB
AV: 04:20:21 / 04:20:22 (100%) A-V:  0.000 Dropped: 308 Cache: 0.1s/64KB
AV: 04:20:21 / 04:20:22 (100%) A-V:  0.000 Dropped: 308 Cache: 0.1s/58KB
AV: 04:20:21 / 04:20:22 (100%) A-V:  0.000 Dropped: 308 Cache: 0.0s/21KB
AV: 04:20:21 / 04:20:22 (100%) A-V:  0.000 Dropped: 308 Cache: 0.0s/14KB
AV: 04:20:21 / 04:20:22 (100%) A-V:  0.000 Dropped: 308 Cache: 0.0s/9KB
AV: 04:20:21 / 04:20:22 (100%) A-V:  0.000 Dropped: 308 Cache: 0.0s/3KB
AV: 04:20:21 / 04:20:22 (100%) A-V:  0.000 Dropped: 308 Cache: 0.0s/1KB
(Buffering) AV: 04:20:21 / 04:20:22 (100%) A-V:  0.000 Dropped: 308 Cache: 0.0s/1KB
[ffmpeg/demuxer] hls: skipping 1 segments ahead, expired from playlists
(Buffering) AV: 04:20:21 / 04:20:22 (100%) A-V:  0.000 Dropped: 308 Cache: 0.0s/1KB
(Buffering) AV: 04:20:21 / 04:20:28 (100%) A-V:  0.000 Dropped: 308 Cache: 0.0s/9KB
AV: 04:20:21 / 04:20:28 (100%) A-V:  0.001 Dropped: 308 Cache: 6.2s/257KB
AV: 04:20:21 / 04:20:28 (100%) A-V:  0.000 Dropped: 308 Cache: 0.4s/272KB
AV: 04:20:21 / 04:20:29 (100%) A-V:  0.000 Dropped: 308 Cache: 1.2s/837KB
AV: 04:20:21 / 04:20:34 (100%) A-V:  0.000 Dropped: 308 Cache: 5.9s/4MB
Invalid audio PTS: 15622.069782 -> 15628.061233
AV: 04:20:21 / 04:20:34 (100%) A-V:  0.000 Dropped: 308 Cache: 5.9s/4MB
Reset playback due to audio timestamp reset.
AV: 04:20:21 / 04:20:34 (100%) A-V:  0.000 Dropped: 308 Cache: 5.9s/4MB
[ffmpeg/video] h264: co located POCs unavailable
AV: 04:20:21 / 04:20:34 (100%) A-V:  0.000 Dropped: 308 Cache: 5.9s/4MB
(...) AV: 00:00:00 / 04:20:34 (0%) A-V:  0.000 Cache: 3.7s/2MB
AV: 04:20:30 / 04:20:34 (100%) A-V:  0.000 Cache: 3.6s/2MB
AV: 04:20:30 / 04:20:40 (100%) A-V:  0.000 Cache: 9.6s/7MB

Audio/Video desynchronisation detected! Possible reasons include too slow
hardware, temporary CPU spikes, broken drivers, and broken files. Audio
position will not match to the video (see A-V status field).
Consider trying `--profile=fast` and/or `--hwdec=auto` as they may help.

AV: 04:20:30 / 04:20:40 (100%) A-V:  0.000 Cache: 9.6s/7MB
AV: 04:20:30 / 04:20:40 (100%) A-V: -2.001 Cache: 9.6s/7MB
AV: 04:20:30 / 04:20:40 (100%) A-V: -1.995 Cache: 9.6s/7MB
AV: 04:20:30 / 04:20:40 (100%) A-V: -1.988 Cache: 9.6s/7MB
AV: 04:20:30 / 04:20:40 (100%) A-V: -1.981 Cache: 9.6s/7MB
AV: 04:20:30 / 04:20:40 (100%) A-V: -1.975 Cache: 9.6s/7MB
AV: 04:20:30 / 04:20:40 (100%) A-V: -1.968 Cache: 9.6s/7MB
AV: 04:20:30 / 04:20:40 (100%) A-V: -1.961 Cache: 9.5s/6MB
AV: 04:20:30 / 04:20:40 (100%) A-V: -1.955 Cache: 9.5s/6MB
AV: 04:20:30 / 04:20:40 (100%) A-V: -1.948 ct: -0.053 Cache: 9.5s/6MB
AV: 04:20:30 / 04:20:40 (100%) A-V: -1.941 ct: -0.060 Cache: 10s/7MB
AV: 04:20:30 / 04:20:46 (100%) A-V: -1.935 ct: -0.066 Cache: 15s/11MB
AV: 04:20:30 / 04:20:46 (100%) A-V: -1.928 ct: -0.073 Cache: 15s/11MB
AV: 04:20:30 / 04:20:46 (100%) A-V: -1.921 ct: -0.080 Cache: 15s/11MB
AV: 04:20:30 / 04:20:46 (100%) A-V: -1.915 ct: -0.086 Cache: 15s/11MB
AV: 04:20:30 / 04:20:46 (100%) A-V: -1.908 ct: -0.093 Cache: 15s/11MB
AV: 04:20:30 / 04:20:46 (100%) A-V: -1.901 ct: -0.100 Cache: 15s/11MB
AV: 04:20:30 / 04:20:46 (100%) A-V: -1.895 ct: -0.106 Cache: 15s/11MB
AV: 04:20:30 / 04:20:46 (100%) A-V: -1.888 ct: -0.113 Cache: 15s/11MB
AV: 04:20:30 / 04:20:46 (100%) A-V: -1.881 ct: -0.120 Cache: 15s/11MB
AV: 04:20:30 / 04:20:52 (100%) A-V: -1.875 ct: -0.126 Cache: 21s/15MB
AV: 04:20:30 / 04:20:52 (100%) A-V: -1.868 ct: -0.133 Cache: 21s/15MB
AV: 04:20:30 / 04:20:52 (100%) A-V: -1.861 ct: -0.140 Cache: 21s/15MB
AV: 04:20:30 / 04:20:52 (100%) A-V: -1.855 ct: -0.146 Cache: 21s/15MB
AV: 04:20:30 / 04:20:52 (100%) A-V: -1.848 ct: -0.153 Cache: 21s/15MB
AV: 04:20:30 / 04:20:52 (100%) A-V: -1.841 ct: -0.160 Cache: 21s/15MB
AV: 04:20:30 / 04:20:52 (100%) A-V: -1.835 ct: -0.166 Cache: 21s/15MB
AV: 04:20:30 / 04:20:52 (100%) A-V: -1.828 ct: -0.173 Cache: 21s/15MB
AV: 04:20:30 / 04:20:52 (100%) A-V: -1.821 ct: -0.180 Cache: 21s/15MB
AV: 04:20:30 / 04:20:52 (100%) A-V: -1.815 ct: -0.186 Cache: 21s/15MB
AV: 04:20:30 / 04:20:52 (100%) A-V: -1.808 ct: -0.193 Cache: 21s/15MB
AV: 04:20:30 / 04:20:52 (100%) A-V: -1.801 ct: -0.200 Cache: 21s/15MB
AV: 04:20:30 / 04:20:52 (100%) A-V: -1.795 ct: -0.206 Cache: 21s/15MB
AV: 04:20:30 / 04:20:52 (100%) A-V: -1.788 ct: -0.213 Cache: 21s/15MB
AV: 04:20:30 / 04:20:52 (100%) A-V: -1.781 ct: -0.220 Cache: 21s/15MB
AV: 04:20:30 / 04:20:52 (100%) A-V: -1.775 ct: -0.226 Cache: 21s/15MB
AV: 04:20:30 / 04:20:52 (100%) A-V: -1.768 ct: -0.233 Cache: 21s/15MB
AV: 04:20:30 / 04:20:52 (100%) A-V: -1.761 ct: -0.240 Cache: 21s/15MB
AV: 04:20:30 / 04:20:52 (100%) A-V: -1.755 ct: -0.246 Cache: 21s/15MB
AV: 04:20:30 / 04:20:52 (100%) A-V: -1.748 ct: -0.253 Cache: 21s/15MB
AV: 04:20:30 / 04:20:52 (100%) A-V: -1.741 ct: -0.260 Cache: 21s/15MB
AV: 04:20:30 / 04:20:52 (100%) A-V: -1.735 ct: -0.266 Cache: 20s/15MB
AV: 04:20:30 / 04:20:52 (100%) A-V: -1.728 ct: -0.273 Cache: 20s/15MB
AV: 04:20:30 / 04:20:52 (100%) A-V: -1.721 ct: -0.280 Cache: 20s/15MB
AV: 04:20:30 / 04:20:52 (100%) A-V: -1.715 ct: -0.286 Cache: 20s/15MB
AV: 04:20:30 / 04:20:52 (100%) A-V: -1.708 ct: -0.293 Cache: 20s/15MB
AV: 04:20:30 / 04:20:52 (100%) A-V: -1.701 ct: -0.300 Cache: 20s/15MB
AV: 04:20:30 / 04:20:52 (100%) A-V: -1.695 ct: -0.306 Cache: 20s/15MB
AV: 04:20:30 / 04:20:52 (100%) A-V: -1.688 ct: -0.313 Cache: 20s/15MB
AV: 04:20:30 / 04:20:52 (100%) A-V: -1.681 ct: -0.320 Cache: 20s/15MB
AV: 04:20:30 / 04:20:52 (100%) A-V: -1.675 ct: -0.326 Cache: 20s/15MB
AV: 04:20:30 / 04:20:52 (100%) A-V: -1.668 ct: -0.333 Cache: 20s/15MB
AV: 04:20:30 / 04:20:52 (100%) A-V: -1.661 ct: -0.340 Cache: 20s/15MB
AV: 04:20:30 / 04:20:52 (100%) A-V: -1.655 ct: -0.346 Cache: 20s/15MB
AV: 04:20:30 / 04:20:52 (100%) A-V: -1.648 ct: -0.353 Cache: 20s/15MB
AV: 04:20:30 / 04:20:52 (100%) A-V: -1.641 ct: -0.360 Cache: 20s/15MB
AV: 04:20:31 / 04:20:52 (100%) A-V: -1.635 ct: -0.366 Cache: 20s/15MB
AV: 04:20:31 / 04:20:52 (100%) A-V: -1.628 ct: -0.373 Cache: 20s/15MB
AV: 04:20:31 / 04:20:52 (100%) A-V: -1.621 ct: -0.380 Cache: 20s/15MB
AV: 04:20:31 / 04:20:52 (100%) A-V: -1.615 ct: -0.386 Cache: 20s/15MB
AV: 04:20:31 / 04:20:52 (100%) A-V: -1.608 ct: -0.393 Cache: 20s/15MB
AV: 04:20:31 / 04:20:52 (100%) A-V: -1.601 ct: -0.400 Cache: 20s/15MB
AV: 04:20:31 / 04:20:52 (100%) A-V: -1.595 ct: -0.406 Cache: 20s/15MB
AV: 04:20:31 / 04:20:52 (100%) A-V: -1.588 ct: -0.413 Cache: 20s/15MB
AV: 04:20:31 / 04:20:52 (100%) A-V: -1.581 ct: -0.420 Cache: 20s/15MB
AV: 04:20:31 / 04:20:52 (100%) A-V: -1.575 ct: -0.426 Cache: 20s/15MB
AV: 04:20:31 / 04:20:52 (100%) A-V: -1.568 ct: -0.433 Cache: 20s/15MB
AV: 04:20:31 / 04:20:52 (100%) A-V: -1.561 ct: -0.440 Cache: 20s/15MB
AV: 04:20:31 / 04:20:52 (100%) A-V: -1.555 ct: -0.446 Cache: 20s/15MB
AV: 04:20:31 / 04:20:52 (100%) A-V: -1.548 ct: -0.453 Cache: 20s/15MB
AV: 04:20:31 / 04:20:52 (100%) A-V: -1.541 ct: -0.460 Cache: 20s/15MB
AV: 04:20:31 / 04:20:52 (100%) A-V: -1.535 ct: -0.466 Cache: 20s/15MB
AV: 04:20:31 / 04:20:52 (100%) A-V: -1.528 ct: -0.473 Cache: 20s/15MB
AV: 04:20:31 / 04:20:52 (100%) A-V: -1.521 ct: -0.480 Cache: 20s/15MB
AV: 04:20:31 / 04:20:52 (100%) A-V: -1.515 ct: -0.486 Cache: 20s/15MB
AV: 04:20:31 / 04:20:52 (100%) A-V: -1.508 ct: -0.493 Cache: 20s/15MB
AV: 04:20:31 / 04:20:52 (100%) A-V: -1.501 ct: -0.500 Cache: 20s/15MB
AV: 04:20:31 / 04:20:52 (100%) A-V: -1.495 ct: -0.506 Cache: 20s/15MB
AV: 04:20:31 / 04:20:52 (100%) A-V: -1.488 ct: -0.513 Cache: 20s/15MB
AV: 04:20:31 / 04:20:52 (100%) A-V: -1.481 ct: -0.520 Cache: 20s/15MB
AV: 04:20:31 / 04:20:52 (100%) A-V: -1.475 ct: -0.526 Cache: 20s/15MB
AV: 04:20:31 / 04:20:52 (100%) A-V: -1.468 ct: -0.533 Cache: 20s/15MB
AV: 04:20:31 / 04:20:52 (100%) A-V: -1.461 ct: -0.540 Cache: 20s/15MB
AV: 04:20:31 / 04:20:52 (100%) A-V: -1.455 ct: -0.546 Cache: 20s/15MB
AV: 04:20:31 / 04:20:52 (100%) A-V: -1.448 ct: -0.553 Cache: 20s/15MB
AV: 04:20:31 / 04:20:52 (100%) A-V: -1.441 ct: -0.560 Cache: 20s/15MB
AV: 04:20:31 / 04:20:52 (100%) A-V: -1.435 ct: -0.566 Cache: 20s/15MB
AV: 04:20:31 / 04:20:52 (100%) A-V: -1.428 ct: -0.573 Cache: 20s/15MB
AV: 04:20:31 / 04:20:52 (100%) A-V: -1.421 ct: -0.580 Cache: 20s/15MB
AV: 04:20:31 / 04:20:52 (100%) A-V: -1.415 ct: -0.586 Cache: 20s/15MB
AV: 04:20:31 / 04:20:52 (100%) A-V: -1.408 ct: -0.593 Cache: 20s/15MB
AV: 04:20:31 / 04:20:52 (100%) A-V: -1.401 ct: -0.600 Cache: 20s/15MB
AV: 04:20:31 / 04:20:52 (100%) A-V: -1.395 ct: -0.606 Cache: 20s/14MB
AV: 04:20:31 / 04:20:52 (100%) A-V: -1.388 ct: -0.613 Cache: 20s/14MB
AV: 04:20:31 / 04:20:52 (100%) A-V: -1.381 ct: -0.620 Cache: 20s/14MB
AV: 04:20:31 / 04:20:52 (100%) A-V: -1.375 ct: -0.626 Cache: 20s/14MB
AV: 04:20:31 / 04:20:52 (100%) A-V: -1.368 ct: -0.633 Cache: 20s/14MB
AV: 04:20:31 / 04:20:52 (100%) A-V: -1.361 ct: -0.640 Cache: 20s/14MB
AV: 04:20:31 / 04:20:52 (100%) A-V: -1.355 ct: -0.646 Cache: 20s/14MB
AV: 04:20:31 / 04:20:52 (100%) A-V: -1.348 ct: -0.653 Cache: 20s/14MB
AV: 04:20:31 / 04:20:52 (100%) A-V: -1.341 ct: -0.660 Cache: 20s/14MB
AV: 04:20:31 / 04:20:52 (100%) A-V: -1.335 ct: -0.666 Cache: 19s/14MB
AV: 04:20:31 / 04:20:52 (100%) A-V: -1.328 ct: -0.673 Cache: 19s/14MB
AV: 04:20:31 / 04:20:52 (100%) A-V: -1.321 ct: -0.680 Cache: 19s/14MB
AV: 04:20:31 / 04:20:52 (100%) A-V: -1.315 ct: -0.686 Cache: 19s/14MB
AV: 04:20:31 / 04:20:52 (100%) A-V: -1.308 ct: -0.693 Cache: 19s/14MB
AV: 04:20:31 / 04:20:52 (100%) A-V: -1.301 ct: -0.700 Cache: 19s/14MB
AV: 04:20:31 / 04:20:52 (100%) A-V: -1.295 ct: -0.706 Cache: 19s/14MB
AV: 04:20:31 / 04:20:52 (100%) A-V: -1.288 ct: -0.713 Cache: 19s/14MB
AV: 04:20:31 / 04:20:52 (100%) A-V: -1.281 ct: -0.720 Cache: 19s/14MB
AV: 04:20:31 / 04:20:52 (100%) A-V: -1.275 ct: -0.726 Cache: 19s/14MB
AV: 04:20:31 / 04:20:52 (100%) A-V: -1.268 ct: -0.733 Cache: 19s/14MB
AV: 04:20:31 / 04:20:52 (100%) A-V: -1.261 ct: -0.740 Cache: 19s/14MB
AV: 04:20:31 / 04:20:52 (100%) A-V: -1.255 ct: -0.746 Cache: 19s/14MB
AV: 04:20:31 / 04:20:52 (100%) A-V: -1.248 ct: -0.753 Cache: 19s/14MB
AV: 04:20:31 / 04:20:52 (100%) A-V: -1.241 ct: -0.760 Cache: 19s/14MB
AV: 04:20:32 / 04:20:52 (100%) A-V: -1.235 ct: -0.766 Cache: 19s/14MB
AV: 04:20:32 / 04:20:52 (100%) A-V: -1.228 ct: -0.773 Cache: 19s/14MB
AV: 04:20:32 / 04:20:52 (100%) A-V: -1.221 ct: -0.780 Cache: 19s/14MB
AV: 04:20:32 / 04:20:52 (100%) A-V: -1.215 ct: -0.786 Cache: 19s/14MB
AV: 04:20:32 / 04:20:52 (100%) A-V: -1.208 ct: -0.793 Cache: 19s/14MB
AV: 04:20:32 / 04:20:52 (100%) A-V: -1.201 ct: -0.800 Cache: 19s/14MB
AV: 04:20:32 / 04:20:52 (100%) A-V: -1.195 ct: -0.806 Cache: 19s/14MB
AV: 04:20:32 / 04:20:52 (100%) A-V: -1.188 ct: -0.813 Cache: 19s/14MB
AV: 04:20:32 / 04:20:52 (100%) A-V: -1.181 ct: -0.820 Cache: 19s/14MB
AV: 04:20:32 / 04:20:52 (100%) A-V: -1.175 ct: -0.826 Cache: 19s/14MB
AV: 04:20:32 / 04:20:52 (100%) A-V: -1.168 ct: -0.833 Cache: 19s/14MB
AV: 04:20:32 / 04:20:52 (100%) A-V: -1.161 ct: -0.840 Cache: 19s/14MB
AV: 04:20:32 / 04:20:52 (100%) A-V: -1.155 ct: -0.846 Cache: 19s/14MB
AV: 04:20:32 / 04:20:52 (100%) A-V: -1.148 ct: -0.853 Cache: 19s/14MB
AV: 04:20:32 / 04:20:52 (100%) A-V: -1.141 ct: -0.860 Cache: 19s/14MB
AV: 04:20:32 / 04:20:52 (100%) A-V: -1.135 ct: -0.866 Cache: 19s/14MB
AV: 04:20:32 / 04:20:52 (100%) A-V: -1.128 ct: -0.873 Cache: 19s/14MB
AV: 04:20:32 / 04:20:52 (100%) A-V: -1.121 ct: -0.880 Cache: 19s/14MB
AV: 04:20:32 / 04:20:52 (100%) A-V: -1.115 ct: -0.886 Cache: 19s/14MB
AV: 04:20:32 / 04:20:52 (100%) A-V: -1.108 ct: -0.893 Cache: 19s/14MB
AV: 04:20:32 / 04:20:52 (100%) A-V: -1.101 ct: -0.900 Cache: 19s/14MB
AV: 04:20:32 / 04:20:52 (100%) A-V: -1.095 ct: -0.906 Cache: 19s/14MB
AV: 04:20:32 / 04:20:52 (100%) A-V: -1.088 ct: -0.913 Cache: 19s/14MB
AV: 04:20:32 / 04:20:52 (100%) A-V: -1.081 ct: -0.920 Cache: 19s/14MB
AV: 04:20:32 / 04:20:52 (100%) A-V: -1.075 ct: -0.926 Cache: 19s/14MB
AV: 04:20:32 / 04:20:52 (100%) A-V: -1.068 ct: -0.933 Cache: 19s/14MB
AV: 04:20:32 / 04:20:52 (100%) A-V: -1.061 ct: -0.940 Cache: 19s/14MB
AV: 04:20:32 / 04:20:52 (100%) A-V: -1.055 ct: -0.946 Cache: 19s/14MB
AV: 04:20:32 / 04:20:52 (100%) A-V: -1.048 ct: -0.953 Cache: 19s/14MB
AV: 04:20:32 / 04:20:52 (100%) A-V: -1.041 ct: -0.960 Cache: 19s/14MB
AV: 04:20:32 / 04:20:52 (100%) A-V: -1.035 ct: -0.966 Cache: 19s/14MB
AV: 04:20:32 / 04:20:52 (100%) A-V: -1.028 ct: -0.973 Cache: 19s/14MB
AV: 04:20:32 / 04:20:52 (100%) A-V: -1.021 ct: -0.980 Cache: 19s/14MB
AV: 04:20:32 / 04:20:52 (100%) A-V: -1.015 ct: -0.986 Cache: 19s/14MB
AV: 04:20:32 / 04:20:52 (100%) A-V: -1.008 ct: -0.993 Cache: 19s/14MB
AV: 04:20:32 / 04:20:52 (100%) A-V: -1.001 ct: -1.000 Cache: 19s/14MB
AV: 04:20:32 / 04:20:52 (100%) A-V: -0.995 ct: -1.006 Cache: 19s/14MB
AV: 04:20:32 / 04:20:52 (100%) A-V: -0.988 ct: -1.013 Cache: 19s/14MB
AV: 04:20:32 / 04:20:52 (100%) A-V: -0.981 ct: -1.020 Cache: 19s/14MB
AV: 04:20:32 / 04:20:52 (100%) A-V: -0.975 ct: -1.026 Cache: 19s/14MB
AV: 04:20:32 / 04:20:52 (100%) A-V: -0.968 ct: -1.033 Cache: 19s/14MB
AV: 04:20:32 / 04:20:52 (100%) A-V: -0.961 ct: -1.040 Cache: 19s/14MB
AV: 04:20:32 / 04:20:52 (100%) A-V: -0.955 ct: -1.046 Cache: 19s/13MB
AV: 04:20:32 / 04:20:52 (100%) A-V: -0.948 ct: -1.053 Cache: 19s/13MB
AV: 04:20:32 / 04:20:52 (100%) A-V: -0.941 ct: -1.060 Cache: 19s/13MB
AV: 04:20:32 / 04:20:52 (100%) A-V: -0.935 ct: -1.066 Cache: 18s/13MB
AV: 04:20:32 / 04:20:52 (100%) A-V: -0.928 ct: -1.073 Cache: 18s/13MB
AV: 04:20:32 / 04:20:52 (100%) A-V: -0.921 ct: -1.080 Cache: 18s/13MB
AV: 04:20:32 / 04:20:52 (100%) A-V: -0.915 ct: -1.086 Cache: 18s/13MB
AV: 04:20:32 / 04:20:52 (100%) A-V: -0.908 ct: -1.093 Cache: 18s/13MB
AV: 04:20:32 / 04:20:52 (100%) A-V: -0.901 ct: -1.100 Cache: 18s/13MB
AV: 04:20:32 / 04:20:52 (100%) A-V: -0.895 ct: -1.106 Cache: 18s/13MB
AV: 04:20:32 / 04:20:52 (100%) A-V: -0.888 ct: -1.113 Cache: 18s/13MB
AV: 04:20:32 / 04:20:52 (100%) A-V: -0.881 ct: -1.120 Cache: 18s/13MB
AV: 04:20:32 / 04:20:52 (100%) A-V: -0.875 ct: -1.126 Cache: 18s/13MB
AV: 04:20:32 / 04:20:52 (100%) A-V: -0.868 ct: -1.133 Cache: 18s/13MB
AV: 04:20:32 / 04:20:52 (100%) A-V: -0.861 ct: -1.140 Cache: 18s/13MB
AV: 04:20:32 / 04:20:52 (100%) A-V: -0.855 ct: -1.146 Cache: 18s/13MB
AV: 04:20:32 / 04:20:52 (100%) A-V: -0.848 ct: -1.153 Cache: 18s/13MB
AV: 04:20:32 / 04:20:52 (100%) A-V: -0.841 ct: -1.160 Cache: 18s/13MB
AV: 04:20:33 / 04:20:52 (100%) A-V: -0.835 ct: -1.166 Cache: 18s/13MB
AV: 04:20:33 / 04:20:52 (100%) A-V: -0.828 ct: -1.173 Cache: 18s/13MB
AV: 04:20:33 / 04:20:52 (100%) A-V: -0.821 ct: -1.180 Cache: 18s/13MB
AV: 04:20:33 / 04:20:52 (100%) A-V: -0.815 ct: -1.186 Cache: 18s/13MB
AV: 04:20:33 / 04:20:52 (100%) A-V: -0.808 ct: -1.193 Cache: 18s/13MB
AV: 04:20:33 / 04:20:52 (100%) A-V: -0.801 ct: -1.200 Cache: 18s/13MB
AV: 04:20:33 / 04:20:52 (100%) A-V: -0.795 ct: -1.206 Cache: 18s/13MB
AV: 04:20:33 / 04:20:52 (100%) A-V: -0.788 ct: -1.213 Cache: 18s/13MB
AV: 04:20:33 / 04:20:52 (100%) A-V: -0.781 ct: -1.220 Cache: 18s/13MB
AV: 04:20:33 / 04:20:52 (100%) A-V: -0.775 ct: -1.226 Cache: 18s/13MB
AV: 04:20:33 / 04:20:52 (100%) A-V: -0.768 ct: -1.233 Cache: 18s/13MB
AV: 04:20:33 / 04:20:52 (100%) A-V: -0.761 ct: -1.240 Cache: 18s/13MB
AV: 04:20:33 / 04:20:52 (100%) A-V: -0.755 ct: -1.246 Cache: 18s/13MB
AV: 04:20:33 / 04:20:52 (100%) A-V: -0.748 ct: -1.253 Cache: 18s/13MB
AV: 04:20:33 / 04:20:52 (100%) A-V: -0.741 ct: -1.260 Cache: 18s/13MB
AV: 04:20:33 / 04:20:52 (100%) A-V: -0.735 ct: -1.266 Cache: 18s/13MB
AV: 04:20:33 / 04:20:52 (100%) A-V: -0.728 ct: -1.273 Cache: 18s/13MB
AV: 04:20:33 / 04:20:52 (100%) A-V: -0.721 ct: -1.280 Cache: 18s/13MB
AV: 04:20:33 / 04:20:52 (100%) A-V: -0.715 ct: -1.286 Cache: 18s/13MB
AV: 04:20:33 / 04:20:52 (100%) A-V: -0.708 ct: -1.293 Cache: 18s/13MB
AV: 04:20:33 / 04:20:52 (100%) A-V: -0.701 ct: -1.300 Cache: 18s/13MB
AV: 04:20:33 / 04:20:52 (100%) A-V: -0.695 ct: -1.306 Cache: 18s/13MB
AV: 04:20:33 / 04:20:52 (100%) A-V: -0.688 ct: -1.313 Cache: 18s/13MB
AV: 04:20:33 / 04:20:52 (100%) A-V: -0.681 ct: -1.320 Cache: 18s/13MB
AV: 04:20:33 / 04:20:52 (100%) A-V: -0.675 ct: -1.326 Cache: 18s/13MB
AV: 04:20:33 / 04:20:52 (100%) A-V: -0.668 ct: -1.333 Cache: 18s/13MB
AV: 04:20:33 / 04:20:52 (100%) A-V: -0.661 ct: -1.340 Cache: 18s/13MB
AV: 04:20:33 / 04:20:52 (100%) A-V: -0.655 ct: -1.346 Cache: 18s/13MB
AV: 04:20:33 / 04:20:52 (100%) A-V: -0.648 ct: -1.353 Cache: 18s/13MB
AV: 04:20:33 / 04:20:52 (100%) A-V: -0.641 ct: -1.360 Cache: 18s/13MB
AV: 04:20:33 / 04:20:52 (100%) A-V: -0.635 ct: -1.366 Cache: 18s/13MB
AV: 04:20:33 / 04:20:52 (100%) A-V: -0.628 ct: -1.373 Cache: 18s/13MB
AV: 04:20:33 / 04:20:52 (100%) A-V: -0.621 ct: -1.380 Cache: 18s/13MB
AV: 04:20:33 / 04:20:52 (100%) A-V: -0.615 ct: -1.386 Cache: 18s/13MB
AV: 04:20:33 / 04:20:52 (100%) A-V: -0.608 ct: -1.393 Cache: 18s/13MB
AV: 04:20:33 / 04:20:52 (100%) A-V: -0.601 ct: -1.400 Cache: 18s/13MB
AV: 04:20:33 / 04:20:52 (100%) A-V: -0.595 ct: -1.406 Cache: 18s/13MB
AV: 04:20:33 / 04:20:52 (100%) A-V: -0.588 ct: -1.413 Cache: 18s/13MB
AV: 04:20:33 / 04:20:52 (100%) A-V: -0.581 ct: -1.420 Cache: 18s/13MB
AV: 04:20:33 / 04:20:52 (100%) A-V: -0.575 ct: -1.426 Cache: 18s/13MB
AV: 04:20:33 / 04:20:52 (100%) A-V: -0.568 ct: -1.433 Cache: 18s/13MB
AV: 04:20:33 / 04:20:52 (100%) A-V: -0.561 ct: -1.440 Cache: 18s/13MB
AV: 04:20:33 / 04:20:52 (100%) A-V: -0.555 ct: -1.446 Cache: 18s/13MB
AV: 04:20:33 / 04:20:52 (100%) A-V: -0.548 ct: -1.453 Cache: 18s/13MB
AV: 04:20:33 / 04:20:52 (100%) A-V: -0.541 ct: -1.460 Cache: 18s/13MB
AV: 04:20:33 / 04:20:52 (100%) A-V: -0.535 ct: -1.466 Cache: 17s/13MB
AV: 04:20:33 / 04:20:52 (100%) A-V: -0.528 ct: -1.473 Cache: 17s/13MB
AV: 04:20:33 / 04:20:52 (100%) A-V: -0.521 ct: -1.480 Cache: 17s/13MB
AV: 04:20:33 / 04:20:52 (100%) A-V: -0.515 ct: -1.486 Cache: 17s/13MB
AV: 04:20:33 / 04:20:52 (100%) A-V: -0.508 ct: -1.493 Cache: 17s/13MB
AV: 04:20:33 / 04:20:52 (100%) A-V: -0.501 ct: -1.500 Cache: 17s/13MB
AV: 04:20:33 / 04:20:52 (100%) A-V: -0.495 ct: -1.506 Cache: 17s/13MB
AV: 04:20:33 / 04:20:52 (100%) A-V: -0.488 ct: -1.513 Cache: 17s/13MB
AV: 04:20:33 / 04:20:52 (100%) A-V: -0.481 ct: -1.520 Cache: 17s/13MB
AV: 04:20:33 / 04:20:52 (100%) A-V: -0.475 ct: -1.526 Cache: 17s/13MB
AV: 04:20:33 / 04:20:52 (100%) A-V: -0.468 ct: -1.533 Cache: 17s/13MB
AV: 04:20:33 / 04:20:52 (100%) A-V: -0.461 ct: -1.540 Cache: 17s/13MB
AV: 04:20:33 / 04:20:52 (100%) A-V: -0.455 ct: -1.546 Cache: 17s/13MB
AV: 04:20:33 / 04:20:52 (100%) A-V: -0.448 ct: -1.553 Cache: 17s/13MB
AV: 04:20:33 / 04:20:52 (100%) A-V: -0.441 ct: -1.560 Cache: 17s/13MB
AV: 04:20:34 / 04:20:52 (100%) A-V: -0.435 ct: -1.566 Cache: 17s/13MB
AV: 04:20:34 / 04:20:52 (100%) A-V: -0.428 ct: -1.573 Cache: 17s/12MB
AV: 04:20:34 / 04:20:52 (100%) A-V: -0.421 ct: -1.580 Cache: 17s/12MB
AV: 04:20:34 / 04:20:52 (100%) A-V: -0.415 ct: -1.586 Cache: 17s/12MB
AV: 04:20:34 / 04:20:52 (100%) A-V: -0.408 ct: -1.593 Cache: 17s/12MB
AV: 04:20:34 / 04:20:52 (100%) A-V: -0.401 ct: -1.600 Cache: 17s/12MB
AV: 04:20:34 / 04:20:52 (100%) A-V: -0.395 ct: -1.606 Cache: 17s/12MB
AV: 04:20:34 / 04:20:52 (100%) A-V: -0.388 ct: -1.613 Cache: 17s/12MB
AV: 04:20:34 / 04:20:52 (100%) A-V: -0.381 ct: -1.620 Cache: 17s/12MB
AV: 04:20:34 / 04:20:52 (100%) A-V: -0.375 ct: -1.626 Cache: 17s/12MB
AV: 04:20:34 / 04:20:52 (100%) A-V: -0.368 ct: -1.633 Cache: 17s/12MB
AV: 04:20:34 / 04:20:52 (100%) A-V: -0.361 ct: -1.640 Cache: 17s/12MB
AV: 04:20:34 / 04:20:52 (100%) A-V: -0.355 ct: -1.646 Cache: 17s/12MB
AV: 04:20:34 / 04:20:52 (100%) A-V: -0.348 ct: -1.653 Cache: 17s/12MB
AV: 04:20:34 / 04:20:52 (100%) A-V: -0.341 ct: -1.660 Cache: 17s/12MB
AV: 04:20:34 / 04:20:58 (100%) A-V: -0.335 ct: -1.666 Cache: 23s/16MB
AV: 04:20:34 / 04:20:58 (100%) A-V: -0.328 ct: -1.673 Cache: 23s/16MB
AV: 04:20:34 / 04:20:58 (100%) A-V: -0.321 ct: -1.680 Cache: 23s/16MB
AV: 04:20:34 / 04:20:58 (100%) A-V: -0.315 ct: -1.686 Cache: 23s/16MB
AV: 04:20:34 / 04:20:58 (100%) A-V: -0.308 ct: -1.693 Cache: 23s/16MB
AV: 04:20:34 / 04:20:58 (100%) A-V: -0.301 ct: -1.700 Cache: 23s/16MB
AV: 04:20:34 / 04:20:58 (100%) A-V: -0.295 ct: -1.706 Cache: 23s/16MB
AV: 04:20:34 / 04:20:58 (100%) A-V: -0.293 ct: -1.708 Cache: 23s/16MB
AV: 04:20:34 / 04:20:58 (100%) A-V: -0.291 ct: -1.710 Cache: 23s/16MB
AV: 04:20:34 / 04:20:58 (100%) A-V: -0.290 ct: -1.711 Cache: 23s/16MB
AV: 04:20:34 / 04:20:58 (100%) A-V: -0.288 ct: -1.713 Cache: 23s/16MB
AV: 04:20:34 / 04:20:58 (100%) A-V: -0.286 ct: -1.715 Cache: 23s/16MB
AV: 04:20:34 / 04:20:58 (100%) A-V: -0.285 ct: -1.716 Cache: 23s/16MB
AV: 04:20:34 / 04:20:58 (100%) A-V: -0.283 ct: -1.718 Cache: 23s/16MB
AV: 04:20:34 / 04:20:58 (100%) A-V: -0.281 ct: -1.720 Cache: 23s/16MB
AV: 04:20:34 / 04:20:58 (100%) A-V: -0.280 ct: -1.721 Cache: 23s/16MB
AV: 04:20:34 / 04:20:58 (100%) A-V: -0.278 ct: -1.723 Cache: 23s/16MB
AV: 04:20:34 / 04:20:58 (100%) A-V: -0.276 ct: -1.725 Cache: 23s/16MB
AV: 04:20:34 / 04:20:58 (100%) A-V: -0.275 ct: -1.726 Cache: 23s/16MB
AV: 04:20:34 / 04:20:58 (100%) A-V: -0.273 ct: -1.728 Cache: 23s/16MB
AV: 04:20:34 / 04:20:58 (100%) A-V: -0.271 ct: -1.730 Cache: 23s/16MB
AV: 04:20:34 / 04:20:58 (100%) A-V: -0.270 ct: -1.731 Cache: 23s/16MB
AV: 04:20:34 / 04:20:58 (100%) A-V: -0.268 ct: -1.733 Cache: 23s/16MB
AV: 04:20:34 / 04:20:58 (100%) A-V: -0.266 ct: -1.735 Cache: 23s/16MB
AV: 04:20:34 / 04:20:58 (100%) A-V: -0.265 ct: -1.736 Cache: 23s/16MB
AV: 04:20:34 / 04:20:58 (100%) A-V: -0.263 ct: -1.738 Cache: 23s/16MB
AV: 04:20:34 / 04:20:58 (100%) A-V: -0.261 ct: -1.740 Cache: 23s/16MB
AV: 04:20:34 / 04:20:58 (100%) A-V: -0.260 ct: -1.741 Cache: 23s/16MB
AV: 04:20:34 / 04:20:58 (100%) A-V: -0.258 ct: -1.743 Cache: 23s/16MB
AV: 04:20:34 / 04:20:58 (100%) A-V: -0.256 ct: -1.745 Cache: 23s/16MB
AV: 04:20:34 / 04:20:58 (100%) A-V: -0.255 ct: -1.746 Cache: 22s/16MB
AV: 04:20:34 / 04:20:58 (100%) A-V: -0.253 ct: -1.748 Cache: 22s/16MB
AV: 04:20:34 / 04:20:58 (100%) A-V: -0.251 ct: -1.750 Cache: 22s/16MB
AV: 04:20:34 / 04:20:58 (100%) A-V: -0.250 ct: -1.751 Cache: 22s/16MB
AV: 04:20:34 / 04:20:58 (100%) A-V: -0.248 ct: -1.753 Cache: 22s/16MB
AV: 04:20:34 / 04:20:58 (100%) A-V: -0.246 ct: -1.755 Cache: 22s/16MB
AV: 04:20:34 / 04:20:58 (100%) A-V: -0.245 ct: -1.756 Cache: 22s/16MB
AV: 04:20:34 / 04:20:58 (100%) A-V: -0.243 ct: -1.758 Cache: 22s/16MB
AV: 04:20:34 / 04:20:58 (100%) A-V: -0.241 ct: -1.760 Cache: 22s/16MB
AV: 04:20:34 / 04:20:58 (100%) A-V: -0.240 ct: -1.761 Cache: 22s/16MB
AV: 04:20:34 / 04:20:58 (100%) A-V: -0.238 ct: -1.763 Cache: 22s/16MB
AV: 04:20:34 / 04:20:58 (100%) A-V: -0.236 ct: -1.765 Cache: 22s/16MB
AV: 04:20:34 / 04:20:58 (100%) A-V: -0.235 ct: -1.766 Cache: 22s/16MB
AV: 04:20:34 / 04:20:58 (100%) A-V: -0.233 ct: -1.768 Cache: 22s/16MB
AV: 04:20:34 / 04:20:58 (100%) A-V: -0.231 ct: -1.770 Cache: 22s/16MB
AV: 04:20:35 / 04:20:58 (100%) A-V: -0.230 ct: -1.771 Cache: 22s/16MB
AV: 04:20:35 / 04:20:58 (100%) A-V: -0.228 ct: -1.773 Cache: 22s/16MB
AV: 04:20:35 / 04:20:58 (100%) A-V: -0.226 ct: -1.775 Cache: 22s/16MB
AV: 04:20:35 / 04:20:58 (100%) A-V: -0.225 ct: -1.776 Cache: 22s/16MB
AV: 04:20:35 / 04:20:58 (100%) A-V: -0.223 ct: -1.778 Cache: 22s/16MB
AV: 04:20:35 / 04:20:58 (100%) A-V: -0.221 ct: -1.780 Cache: 22s/16MB
AV: 04:20:35 / 04:20:58 (100%) A-V: -0.220 ct: -1.781 Cache: 22s/16MB
AV: 04:20:35 / 04:20:58 (100%) A-V: -0.218 ct: -1.783 Cache: 22s/16MB
AV: 04:20:35 / 04:20:58 (100%) A-V: -0.216 ct: -1.785 Cache: 22s/16MB
AV: 04:20:35 / 04:20:58 (100%) A-V: -0.215 ct: -1.786 Cache: 22s/16MB
AV: 04:20:35 / 04:20:58 (100%) A-V: -0.213 ct: -1.788 Cache: 22s/16MB
AV: 04:20:35 / 04:20:58 (100%) A-V: -0.211 ct: -1.790 Cache: 22s/16MB
AV: 04:20:35 / 04:20:58 (100%) A-V: -0.210 ct: -1.791 Cache: 22s/16MB
AV: 04:20:35 / 04:20:58 (100%) A-V: -0.208 ct: -1.793 Cache: 22s/16MB
AV: 04:20:35 / 04:20:58 (100%) A-V: -0.206 ct: -1.795 Cache: 22s/16MB
AV: 04:20:35 / 04:20:58 (100%) A-V: -0.205 ct: -1.796 Cache: 22s/16MB
AV: 04:20:35 / 04:20:58 (100%) A-V: -0.203 ct: -1.798 Cache: 22s/16MB
AV: 04:20:35 / 04:20:58 (100%) A-V: -0.201 ct: -1.800 Cache: 22s/16MB
AV: 04:20:35 / 04:20:58 (100%) A-V: -0.200 ct: -1.801 Cache: 22s/16MB
AV: 04:20:35 / 04:20:58 (100%) A-V: -0.198 ct: -1.803 Cache: 22s/16MB
AV: 04:20:35 / 04:20:58 (100%) A-V: -0.196 ct: -1.805 Cache: 22s/16MB
AV: 04:20:35 / 04:20:58 (100%) A-V: -0.195 ct: -1.806 Cache: 22s/16MB
AV: 04:20:35 / 04:20:58 (100%) A-V: -0.193 ct: -1.808 Cache: 22s/16MB
AV: 04:20:35 / 04:20:58 (100%) A-V: -0.191 ct: -1.810 Cache: 22s/16MB
AV: 04:20:35 / 04:20:58 (100%) A-V: -0.190 ct: -1.811 Cache: 22s/16MB
AV: 04:20:35 / 04:20:58 (100%) A-V: -0.188 ct: -1.813 Cache: 22s/16MB
AV: 04:20:35 / 04:20:58 (100%) A-V: -0.186 ct: -1.815 Cache: 22s/16MB
AV: 04:20:35 / 04:20:58 (100%) A-V: -0.185 ct: -1.816 Cache: 22s/16MB
AV: 04:20:35 / 04:20:58 (100%) A-V: -0.183 ct: -1.818 Cache: 22s/16MB
AV: 04:20:35 / 04:20:58 (100%) A-V: -0.181 ct: -1.820 Cache: 22s/16MB
AV: 04:20:35 / 04:20:58 (100%) A-V: -0.180 ct: -1.821 Cache: 22s/16MB
AV: 04:20:35 / 04:20:58 (100%) A-V: -0.178 ct: -1.823 Cache: 22s/16MB
AV: 04:20:35 / 04:20:58 (100%) A-V: -0.176 ct: -1.825 Cache: 22s/16MB
AV: 04:20:35 / 04:20:58 (100%) A-V: -0.175 ct: -1.826 Cache: 22s/16MB
AV: 04:20:35 / 04:20:58 (100%) A-V: -0.173 ct: -1.828 Cache: 22s/16MB
AV: 04:20:35 / 04:20:58 (100%) A-V: -0.171 ct: -1.830 Cache: 22s/15MB
AV: 04:20:35 / 04:20:58 (100%) A-V: -0.170 ct: -1.831 Cache: 22s/15MB
AV: 04:20:35 / 04:20:58 (100%) A-V: -0.168 ct: -1.833 Cache: 22s/15MB
AV: 04:20:35 / 04:20:58 (100%) A-V: -0.166 ct: -1.835 Cache: 22s/15MB
AV: 04:20:35 / 04:20:58 (100%) A-V: -0.165 ct: -1.836 Cache: 22s/15MB
AV: 04:20:35 / 04:20:58 (100%) A-V: -0.163 ct: -1.838 Cache: 22s/15MB
AV: 04:20:35 / 04:20:58 (100%) A-V: -0.161 ct: -1.840 Cache: 22s/15MB
AV: 04:20:35 / 04:20:58 (100%) A-V: -0.160 ct: -1.841 Cache: 22s/15MB
AV: 04:20:35 / 04:20:58 (100%) A-V: -0.158 ct: -1.843 Cache: 22s/15MB
AV: 04:20:35 / 04:20:58 (100%) A-V: -0.156 ct: -1.845 Cache: 22s/15MB
AV: 04:20:35 / 04:20:58 (100%) A-V: -0.155 ct: -1.846 Cache: 21s/15MB
AV: 04:20:35 / 04:20:58 (100%) A-V: -0.153 ct: -1.848 Cache: 21s/15MB
AV: 04:20:35 / 04:20:58 (100%) A-V: -0.151 ct: -1.850 Cache: 21s/15MB
AV: 04:20:35 / 04:20:58 (100%) A-V: -0.150 ct: -1.851 Cache: 21s/15MB
AV: 04:20:35 / 04:20:58 (100%) A-V: -0.148 ct: -1.853 Cache: 21s/15MB
AV: 04:20:35 / 04:20:58 (100%) A-V: -0.146 ct: -1.855 Cache: 21s/15MB
AV: 04:20:35 / 04:20:58 (100%) A-V: -0.145 ct: -1.856 Cache: 21s/15MB
AV: 04:20:35 / 04:20:58 (100%) A-V: -0.143 ct: -1.858 Cache: 21s/15MB
AV: 04:20:35 / 04:20:58 (100%) A-V: -0.141 ct: -1.860 Cache: 21s/15MB
AV: 04:20:35 / 04:20:58 (100%) A-V: -0.140 ct: -1.861 Cache: 21s/15MB
AV: 04:20:35 / 04:20:58 (100%) A-V: -0.138 ct: -1.863 Cache: 21s/15MB
AV: 04:20:35 / 04:20:58 (100%) A-V: -0.136 ct: -1.865 Cache: 21s/15MB
AV: 04:20:35 / 04:20:58 (100%) A-V: -0.135 ct: -1.866 Cache: 21s/15MB
AV: 04:20:35 / 04:20:58 (100%) A-V: -0.133 ct: -1.868 Cache: 21s/15MB
AV: 04:20:35 / 04:20:58 (100%) A-V: -0.131 ct: -1.870 Cache: 21s/15MB
AV: 04:20:36 / 04:20:58 (100%) A-V: -0.130 ct: -1.871 Cache: 21s/15MB
AV: 04:20:36 / 04:20:58 (100%) A-V: -0.128 ct: -1.873 Cache: 21s/15MB
AV: 04:20:36 / 04:20:58 (100%) A-V: -0.126 ct: -1.875 Cache: 21s/15MB
AV: 04:20:36 / 04:20:58 (100%) A-V: -0.125 ct: -1.876 Cache: 21s/15MB
AV: 04:20:36 / 04:20:58 (100%) A-V: -0.123 ct: -1.878 Cache: 21s/15MB
AV: 04:20:36 / 04:20:58 (100%) A-V: -0.121 ct: -1.880 Cache: 21s/15MB
AV: 04:20:36 / 04:20:58 (100%) A-V: -0.120 ct: -1.881 Cache: 21s/15MB
AV: 04:20:36 / 04:20:58 (100%) A-V: -0.118 ct: -1.883 Cache: 21s/15MB
AV: 04:20:36 / 04:20:58 (100%) A-V: -0.116 ct: -1.885 Cache: 21s/15MB
AV: 04:20:36 / 04:20:58 (100%) A-V: -0.115 ct: -1.886 Cache: 21s/15MB
AV: 04:20:36 / 04:20:58 (100%) A-V: -0.113 ct: -1.888 Cache: 21s/15MB
AV: 04:20:36 / 04:20:58 (100%) A-V: -0.111 ct: -1.890 Cache: 21s/15MB
AV: 04:20:36 / 04:20:58 (100%) A-V: -0.110 ct: -1.891 Cache: 21s/15MB
AV: 04:20:36 / 04:20:58 (100%) A-V: -0.108 ct: -1.893 Cache: 21s/15MB
AV: 04:20:36 / 04:20:58 (100%) A-V: -0.106 ct: -1.895 Cache: 21s/15MB
AV: 04:20:36 / 04:20:58 (100%) A-V: -0.105 ct: -1.896 Cache: 21s/15MB
AV: 04:20:36 / 04:20:58 (100%) A-V: -0.103 ct: -1.898 Cache: 21s/15MB
AV: 04:20:36 / 04:20:58 (100%) A-V: -0.101 ct: -1.900 Cache: 21s/15MB
AV: 04:20:36 / 04:20:58 (100%) A-V: -0.100 ct: -1.901 Cache: 21s/15MB
AV: 04:20:36 / 04:20:58 (100%) A-V: -0.098 ct: -1.903 Cache: 21s/15MB
AV: 04:20:36 / 04:20:58 (100%) A-V: -0.096 ct: -1.905 Cache: 21s/15MB
AV: 04:20:36 / 04:20:58 (100%) A-V: -0.095 ct: -1.906 Cache: 21s/15MB
AV: 04:20:36 / 04:20:58 (100%) A-V: -0.093 ct: -1.908 Cache: 21s/15MB
AV: 04:20:36 / 04:20:58 (100%) A-V: -0.091 ct: -1.910 Cache: 21s/15MB
AV: 04:20:36 / 04:20:58 (100%) A-V: -0.090 ct: -1.911 Cache: 21s/15MB
AV: 04:20:36 / 04:20:58 (100%) A-V: -0.088 ct: -1.913 Cache: 21s/15MB
AV: 04:20:36 / 04:20:58 (100%) A-V: -0.086 ct: -1.915 Cache: 21s/15MB
AV: 04:20:36 / 04:20:58 (100%) A-V: -0.085 ct: -1.916 Cache: 21s/15MB
AV: 04:20:36 / 04:20:58 (100%) A-V: -0.083 ct: -1.918 Cache: 21s/15MB
AV: 04:20:36 / 04:20:58 (100%) A-V: -0.081 ct: -1.920 Cache: 21s/15MB
AV: 04:20:36 / 04:20:58 (100%) A-V: -0.080 ct: -1.921 Cache: 21s/15MB
AV: 04:20:36 / 04:20:58 (100%) A-V: -0.078 ct: -1.923 Cache: 21s/15MB
AV: 04:20:36 / 04:20:58 (100%) A-V: -0.076 ct: -1.925 Cache: 21s/15MB
AV: 04:20:36 / 04:20:58 (100%) A-V: -0.075 ct: -1.926 Cache: 21s/15MB
AV: 04:20:36 / 04:20:58 (100%) A-V: -0.073 ct: -1.928 Cache: 21s/15MB
AV: 04:20:36 / 04:20:58 (100%) A-V: -0.071 ct: -1.930 Cache: 21s/15MB
AV: 04:20:36 / 04:20:58 (100%) A-V: -0.070 ct: -1.931 Cache: 21s/15MB
AV: 04:20:36 / 04:20:58 (100%) A-V: -0.068 ct: -1.933 Cache: 21s/15MB
AV: 04:20:36 / 04:20:58 (100%) A-V: -0.066 ct: -1.935 Cache: 21s/15MB
AV: 04:20:36 / 04:20:58 (100%) A-V: -0.065 ct: -1.936 Cache: 21s/15MB
AV: 04:20:36 / 04:20:58 (100%) A-V: -0.063 ct: -1.938 Cache: 21s/15MB
AV: 04:20:36 / 04:20:58 (100%) A-V: -0.061 ct: -1.940 Cache: 21s/15MB
AV: 04:20:36 / 04:20:58 (100%) A-V: -0.060 ct: -1.941 Cache: 21s/15MB
AV: 04:20:36 / 04:20:58 (100%) A-V: -0.058 ct: -1.943 Cache: 21s/15MB
AV: 04:20:36 / 04:20:58 (100%) A-V: -0.056 ct: -1.945 Cache: 21s/15MB
AV: 04:20:36 / 04:20:58 (100%) A-V: -0.055 ct: -1.946 Cache: 20s/14MB
AV: 04:20:36 / 04:20:58 (100%) A-V: -0.053 ct: -1.948 Cache: 20s/14MB
AV: 04:20:36 / 04:20:58 (100%) A-V: -0.051 ct: -1.950 Cache: 20s/14MB
AV: 04:20:36 / 04:20:58 (100%) A-V: -0.050 ct: -1.951 Cache: 20s/14MB
AV: 04:20:36 / 04:20:58 (100%) A-V: -0.048 ct: -1.953 Cache: 20s/14MB
AV: 04:20:36 / 04:20:58 (100%) A-V: -0.046 ct: -1.955 Cache: 20s/14MB
AV: 04:20:36 / 04:20:58 (100%) A-V: -0.045 ct: -1.956 Cache: 20s/14MB
AV: 04:20:36 / 04:20:58 (100%) A-V: -0.043 ct: -1.958 Cache: 20s/14MB
AV: 04:20:36 / 04:20:58 (100%) A-V: -0.041 ct: -1.960 Cache: 20s/14MB
AV: 04:20:36 / 04:20:58 (100%) A-V: -0.040 ct: -1.961 Cache: 20s/14MB
AV: 04:20:36 / 04:20:58 (100%) A-V: -0.038 ct: -1.963 Cache: 20s/14MB
AV: 04:20:36 / 04:20:58 (100%) A-V: -0.036 ct: -1.965 Cache: 20s/14MB
AV: 04:20:36 / 04:20:58 (100%) A-V: -0.035 ct: -1.966 Cache: 20s/14MB
AV: 04:20:36 / 04:20:58 (100%) A-V: -0.033 ct: -1.968 Cache: 20s/14MB
AV: 04:20:36 / 04:20:58 (100%) A-V: -0.031 ct: -1.970 Cache: 20s/14MB
AV: 04:20:37 / 04:20:58 (100%) A-V: -0.030 ct: -1.971 Cache: 20s/14MB
AV: 04:20:37 / 04:20:58 (100%) A-V: -0.028 ct: -1.973 Cache: 20s/14MB
AV: 04:20:37 / 04:20:58 (100%) A-V: -0.026 ct: -1.975 Cache: 20s/14MB
AV: 04:20:37 / 04:20:58 (100%) A-V: -0.025 ct: -1.976 Cache: 20s/14MB
AV: 04:20:37 / 04:20:58 (100%) A-V: -0.023 ct: -1.978 Cache: 20s/14MB
AV: 04:20:37 / 04:20:58 (100%) A-V: -0.021 ct: -1.980 Cache: 20s/14MB
AV: 04:20:37 / 04:20:58 (100%) A-V: -0.020 ct: -1.981 Cache: 20s/14MB
AV: 04:20:37 / 04:20:58 (100%) A-V: -0.018 ct: -1.983 Cache: 20s/14MB
AV: 04:20:37 / 04:20:58 (100%) A-V: -0.016 ct: -1.985 Cache: 20s/14MB
AV: 04:20:37 / 04:20:58 (100%) A-V: -0.015 ct: -1.986 Cache: 20s/14MB
AV: 04:20:37 / 04:20:58 (100%) A-V: -0.013 ct: -1.988 Cache: 20s/14MB
AV: 04:20:37 / 04:20:58 (100%) A-V: -0.012 ct: -1.989 Cache: 20s/14MB
AV: 04:20:37 / 04:20:58 (100%) A-V: -0.011 ct: -1.990 Cache: 20s/14MB
AV: 04:20:37 / 04:20:58 (100%) A-V: -0.010 ct: -1.991 Cache: 20s/14MB
AV: 04:20:37 / 04:20:58 (100%) A-V: -0.009 ct: -1.992 Cache: 20s/14MB
AV: 04:20:37 / 04:20:58 (100%) A-V: -0.008 ct: -1.993 Cache: 20s/14MB
AV: 04:20:37 / 04:20:58 (100%) A-V: -0.007 ct: -1.994 Cache: 20s/14MB
AV: 04:20:37 / 04:20:58 (100%) A-V: -0.006 ct: -1.995 Cache: 20s/14MB
AV: 04:20:37 / 04:20:58 (100%) A-V: -0.005 ct: -1.996 Cache: 20s/14MB
AV: 04:20:37 / 04:20:58 (100%) A-V: -0.004 ct: -1.997 Cache: 20s/14MB
AV: 04:20:37 / 04:20:58 (100%) A-V: -0.003 ct: -1.998 Cache: 20s/14MB
AV: 04:20:37 / 04:20:58 (100%) A-V: -0.002 ct: -1.999 Cache: 20s/14MB
AV: 04:20:37 / 04:20:58 (100%) A-V: -0.001 ct: -2.000 Cache: 20s/14MB
AV: 04:20:37 / 04:20:58 (100%) A-V: -0.000 ct: -2.000 Cache: 20s/14MB
AV: 04:20:37 / 04:20:58 (100%) A-V: -0.000 ct: -2.001 Cache: 20s/14MB
AV: 04:20:37 / 04:20:58 (100%) A-V: -0.000 ct: -2.001 Cache: 19s/14MB
AV: 04:20:38 / 04:20:58 (100%) A-V: -0.000 ct: -2.001 Cache: 19s/14MB
AV: 04:20:38 / 04:20:58 (100%) A-V: -0.000 ct: -2.001 Cache: 19s/13MB
AV: 04:20:38 / 04:20:58 (100%) A-V:  0.000 ct: -2.001 Cache: 19s/13MB
AV: 04:20:38 / 04:20:58 (100%) A-V: -0.000 ct: -2.001 Cache: 19s/13MB
AV: 04:20:38 / 04:20:58 (100%) A-V:  0.000 ct: -2.001 Cache: 19s/13MB
AV: 04:20:38 / 04:20:58 (100%) A-V: -0.000 ct: -2.001 Cache: 19s/13MB
AV: 04:20:38 / 04:20:58 (100%) A-V:  0.000 ct: -2.001 Cache: 19s/13MB
AV: 04:20:38 / 04:20:58 (100%) A-V:  0.000 ct: -2.001 Cache: 18s/13MB
AV: 04:20:39 / 04:20:58 (100%) A-V:  0.000 ct: -2.001 Cache: 18s/13MB
AV: 04:20:39 / 04:20:58 (100%) A-V:  0.000 ct: -2.001 Cache: 18s/12MB
AV: 04:20:39 / 04:20:58 (100%) A-V:  0.000 ct: -2.001 Cache: 17s/12MB
AV: 04:20:40 / 04:20:58 (100%) A-V:  0.000 ct: -2.001 Cache: 17s/12MB
AV: 04:20:40 / 04:21:00 (100%) A-V:  0.000 ct: -2.001 Cache: 19s/14MB
AV: 04:20:40 / 04:21:04 (100%) A-V:  0.000 ct: -2.001 Cache: 23s/17MB
AV: 04:20:40 / 04:21:04 (100%) A-V:  0.000 ct: -2.001 Cache: 23s/16MB
AV: 04:20:40 / 04:21:04 (100%) A-V:  0.000 ct: -2.001 Cache: 22s/16MB
AV: 04:20:41 / 04:21:04 (100%) A-V:  0.000 ct: -2.001 Cache: 22s/16MB
AV: 04:20:41 / 04:21:04 (100%) A-V:  0.000 ct: -2.001 Cache: 22s/15MB
AV: 04:20:41 / 04:21:04 (100%) A-V:  0.000 ct: -2.001 Cache: 21s/15MB
AV: 04:20:42 / 04:21:04 (100%) A-V:  0.000 ct: -2.001 Cache: 21s/15MB
AV: 04:20:42 / 04:21:04 (100%) A-V:  0.000 ct: -2.001 Cache: 20s/15MB
AV: 04:20:42 / 04:21:04 (100%) A-V:  0.000 ct: -2.001 Cache: 20s/14MB
AV: 04:20:43 / 04:21:04 (100%) A-V:  0.000 ct: -2.001 Cache: 20s/14MB
AV: 04:20:43 / 04:21:04 (100%) A-V:  0.000 ct: -2.001 Cache: 19s/14MB
AV: 04:20:44 / 04:21:04 (100%) A-V:  0.000 ct: -2.001 Cache: 19s/14MB
AV: 04:20:44 / 04:21:04 (100%) A-V:  0.000 ct: -2.001 Cache: 19s/13MB
AV: 04:20:44 / 04:21:04 (100%) A-V:  0.000 ct: -2.001 Cache: 18s/13MB
AV: 04:20:45 / 04:21:04 (100%) A-V:  0.000 ct: -2.001 Cache: 18s/13MB
AV: 04:20:45 / 04:21:04 (100%) A-V:  0.000 ct: -2.001 Cache: 18s/12MB
AV: 04:20:45 / 04:21:04 (100%) A-V:  0.000 ct: -2.001 Cache: 17s/12MB
AV: 04:20:46 / 04:21:04 (100%) A-V:  0.000 ct: -2.001 Cache: 17s/12MB
AV: 04:20:46 / 04:21:10 (100%) A-V:  0.000 ct: -2.001 Cache: 23s/16MB
AV: 04:20:46 / 04:21:10 (100%) A-V:  0.000 ct: -2.001 Cache: 22s/16MB
AV: 04:20:47 / 04:21:10 (100%) A-V:  0.000 ct: -2.001 Cache: 22s/16MB
AV: 04:20:47 / 04:21:10 (100%) A-V:  0.000 ct: -2.001 Cache: 22s/15MB
AV: 04:20:47 / 04:21:10 (100%) A-V:  0.000 ct: -2.001 Cache: 21s/15MB
AV: 04:20:48 / 04:21:10 (100%) A-V:  0.000 ct: -2.001 Cache: 21s/15MB
AV: 04:20:48 / 04:21:10 (100%) A-V:  0.000 ct: -2.001 Cache: 20s/15MB
AV: 04:20:48 / 04:21:10 (100%) A-V:  0.000 ct: -2.001 Cache: 20s/14MB
AV: 04:20:49 / 04:21:10 (100%) A-V:  0.000 ct: -2.001 Cache: 20s/14MB
AV: 04:20:49 / 04:21:10 (100%) A-V:  0.000 ct: -2.001 Cache: 19s/14MB
AV: 04:20:50 / 04:21:10 (100%) A-V:  0.000 ct: -2.001 Cache: 19s/14MB
AV: 04:20:50 / 04:21:10 (100%) A-V:  0.000 ct: -2.001 Cache: 19s/13MB
AV: 04:20:50 / 04:21:10 (100%) A-V:  0.000 ct: -2.001 Cache: 18s/13MB
AV: 04:20:51 / 04:21:10 (100%) A-V:  0.000 ct: -2.001 Cache: 18s/13MB
AV: 04:20:51 / 04:21:10 (100%) A-V:  0.000 ct: -2.001 Cache: 18s/12MB
AV: 04:20:51 / 04:21:10 (100%) A-V:  0.000 ct: -2.001 Cache: 17s/12MB
AV: 04:20:52 / 04:21:10 (100%) A-V:  0.000 ct: -2.001 Cache: 17s/12MB
AV: 04:20:52 / 04:21:10 (100%) A-V:  0.000 ct: -2.001 Cache: 18s/13MB
AV: 04:20:52 / 04:21:16 (100%) A-V:  0.000 ct: -2.001 Cache: 23s/16MB
AV: 04:20:52 / 04:21:16 (100%) A-V:  0.000 ct: -2.001 Cache: 22s/16MB
AV: 04:20:53 / 04:21:16 (100%) A-V:  0.000 ct: -2.001 Cache: 22s/16MB
AV: 04:20:53 / 04:21:16 (100%) A-V:  0.000 ct: -2.001 Cache: 22s/15MB
AV: 04:20:53 / 04:21:16 (100%) A-V:  0.000 ct: -2.001 Cache: 21s/15MB
AV: 04:20:54 / 04:21:16 (100%) A-V:  0.000 ct: -2.001 Cache: 21s/15MB
AV: 04:20:54 / 04:21:16 (100%) A-V:  0.000 ct: -2.001 Cache: 20s/15MB
AV: 04:20:54 / 04:21:16 (100%) A-V:  0.000 ct: -2.001 Cache: 20s/14MB
AV: 04:20:55 / 04:21:16 (100%) A-V:  0.000 ct: -2.001 Cache: 20s/14MB
AV: 04:20:55 / 04:21:16 (100%) A-V:  0.000 ct: -2.001 Cache: 19s/14MB
AV: 04:20:56 / 04:21:16 (100%) A-V:  0.000 ct: -2.001 Cache: 19s/14MB
AV: 04:20:56 / 04:21:16 (100%) A-V:  0.000 ct: -2.001 Cache: 19s/13MB
AV: 04:20:56 / 04:21:16 (100%) A-V:  0.000 ct: -2.001 Cache: 18s/13MB
AV: 04:20:57 / 04:21:16 (100%) A-V:  0.000 ct: -2.001 Cache: 18s/13MB
AV: 04:20:57 / 04:21:16 (100%) A-V:  0.000 ct: -2.001 Cache: 17s/13MB
AV: 04:20:57 / 04:21:16 (100%) A-V:  0.000 ct: -2.001 Cache: 17s/12MB
AV: 04:20:58 / 04:21:16 (100%) A-V:  0.000 ct: -2.001 Cache: 17s/12MB
AV: 04:20:58 / 04:21:22 (100%) A-V:  0.000 ct: -2.001 Cache: 23s/16MB
AV: 04:20:58 / 04:21:22 (100%) A-V:  0.000 ct: -2.001 Cache: 22s/16MB
AV: 04:20:59 / 04:21:22 (100%) A-V:  0.000 ct: -2.001 Cache: 22s/16MB
AV: 04:20:59 / 04:21:22 (100%) A-V:  0.000 ct: -2.001 Cache: 21s/16MB
AV: 04:20:59 / 04:21:22 (100%) A-V:  0.000 ct: -2.001 Cache: 21s/15MB
AV: 04:21:00 / 04:21:22 (100%) A-V:  0.000 ct: -2.001 Cache: 21s/15MB
AV: 04:21:00 / 04:21:22 (100%) A-V:  0.000 ct: -2.001 Cache: 20s/15MB
AV: 04:21:01 / 04:21:22 (100%) A-V:  0.000 ct: -2.001 Cache: 20s/15MB
AV: 04:21:01 / 04:21:22 (100%) A-V:  0.000 ct: -2.001 Cache: 20s/14MB
AV: 04:21:01 / 04:21:22 (100%) A-V:  0.000 ct: -2.001 Cache: 19s/14MB
AV: 04:21:02 / 04:21:22 (100%) A-V:  0.000 ct: -2.001 Cache: 19s/14MB
AV: 04:21:02 / 04:21:22 (100%) A-V:  0.000 ct: -2.001 Cache: 19s/13MB
AV: 04:21:02 / 04:21:22 (100%) A-V:  0.000 ct: -2.001 Cache: 18s/13MB
AV: 04:21:03 / 04:21:22 (100%) A-V:  0.000 ct: -2.001 Cache: 18s/13MB
AV: 04:21:03 / 04:21:22 (100%) A-V:  0.000 ct: -2.001 Cache: 17s/13MB
AV: 04:21:03 / 04:21:22 (100%) A-V:  0.000 ct: -2.001 Cache: 17s/12MB
AV: 04:21:04 / 04:21:22 (100%) A-V:  0.000 ct: -2.001 Cache: 17s/12MB
AV: 04:21:04 / 04:21:22 (100%) A-V:  0.000 ct: -2.001 Cache: 16s/12MB
AV: 04:21:04 / 04:21:28 (100%) A-V:  0.000 ct: -2.001 Cache: 22s/16MB
AV: 04:21:05 / 04:21:28 (100%) A-V:  0.000 ct: -2.001 Cache: 22s/16MB
AV: 04:21:05 / 04:21:28 (100%) A-V:  0.000 ct: -2.001 Cache: 21s/16MB
AV: 04:21:05 / 04:21:28 (100%) A-V:  0.000 ct: -2.001 Cache: 21s/15MB
AV: 04:21:06 / 04:21:28 (100%) A-V:  0.000 ct: -2.001 Cache: 21s/15MB
AV: 04:21:06 / 04:21:28 (100%) A-V:  0.000 ct: -2.001 Cache: 20s/15MB
AV: 04:21:07 / 04:21:28 (100%) A-V:  0.000 ct: -2.001 Cache: 20s/15MB
AV: 04:21:07 / 04:21:28 (100%) A-V:  0.000 ct: -2.001 Cache: 20s/14MB
AV: 04:21:07 / 04:21:28 (100%) A-V:  0.000 ct: -2.001 Cache: 19s/14MB
AV: 04:21:08 / 04:21:28 (100%) A-V:  0.000 ct: -2.001 Cache: 19s/14MB
AV: 04:21:08 / 04:21:28 (100%) A-V:  0.000 ct: -2.001 Cache: 19s/13MB
AV: 04:21:08 / 04:21:28 (100%) A-V:  0.000 ct: -2.001 Cache: 18s/13MB
AV: 04:21:09 / 04:21:28 (100%) A-V:  0.000 ct: -2.001 Cache: 18s/13MB
AV: 04:21:09 / 04:21:28 (100%) A-V:  0.000 ct: -2.001 Cache: 17s/12MB
AV: 04:21:10 / 04:21:28 (100%) A-V:  0.000 ct: -2.001 Cache: 17s/12MB
AV: 04:21:10 / 04:21:28 (100%) A-V:  0.000 ct: -2.001 Cache: 16s/12MB
AV: 04:21:10 / 04:21:28 (100%) A-V:  0.000 ct: -2.001 Cache: 16s/11MB
AV: 04:21:11 / 04:21:28 (100%) A-V:  0.000 ct: -2.001 Cache: 16s/11MB
AV: 04:21:11 / 04:21:31 (100%) A-V:  0.000 ct: -2.001 Cache: 20s/14MB
AV: 04:21:11 / 04:21:34 (100%) A-V:  0.000 ct: -2.001 Cache: 22s/16MB
AV: 04:21:11 / 04:21:34 (100%) A-V:  0.000 ct: -2.001 Cache: 22s/15MB
AV: 04:21:11 / 04:21:34 (100%) A-V:  0.000 ct: -2.001 Cache: 21s/15MB
AV: 04:21:12 / 04:21:34 (100%) A-V:  0.000 ct: -2.001 Cache: 21s/15MB
AV: 04:21:12 / 04:21:34 (100%) A-V:  0.000 ct: -2.001 Cache: 21s/14MB
AV: 04:21:12 / 04:21:34 (100%) A-V:  0.000 ct: -2.001 Cache: 20s/14MB
AV: 04:21:13 / 04:21:34 (100%) A-V:  0.000 ct: -2.001 Cache: 20s/14MB
AV: 04:21:13 / 04:21:34 (100%) A-V:  0.000 ct: -2.001 Cache: 19s/14MB
AV: 04:21:14 / 04:21:34 (100%) A-V:  0.000 ct: -2.001 Cache: 19s/14MB
AV: 04:21:14 / 04:21:34 (100%) A-V:  0.000 ct: -2.001 Cache: 19s/13MB
AV: 04:21:14 / 04:21:34 (100%) A-V:  0.000 ct: -2.001 Cache: 18s/13MB
AV: 04:21:15 / 04:21:34 (100%) A-V:  0.000 ct: -2.001 Cache: 18s/13MB
AV: 04:21:15 / 04:21:34 (100%) A-V:  0.000 ct: -2.001 Cache: 17s/13MB
AV: 04:21:15 / 04:21:34 (100%) A-V:  0.000 ct: -2.001 Cache: 17s/12MB
AV: 04:21:16 / 04:21:34 (100%) A-V:  0.000 ct: -2.001 Cache: 17s/12MB
AV: 04:21:16 / 04:21:34 (100%) A-V:  0.000 ct: -2.001 Cache: 16s/12MB
AV: 04:21:17 / 04:21:34 (100%) A-V:  0.000 ct: -2.001 Cache: 16s/12MB
AV: 04:21:17 / 04:21:34 (100%) A-V:  0.000 ct: -2.001 Cache: 16s/11MB
AV: 04:21:17 / 04:21:36 (100%) A-V:  0.000 ct: -2.001 Cache: 18s/13MB
AV: 04:21:17 / 04:21:40 (100%) A-V:  0.000 ct: -2.001 Cache: 22s/16MB
AV: 04:21:17 / 04:21:40 (100%) A-V:  0.000 ct: -2.001 Cache: 22s/15MB
AV: 04:21:17 / 04:21:40 (100%) A-V:  0.000 ct: -2.001 Cache: 21s/15MB
AV: 04:21:18 / 04:21:40 (100%) A-V:  0.000 ct: -2.001 Cache: 21s/15MB
AV: 04:21:18 / 04:21:40 (100%) A-V:  0.000 ct: -2.001 Cache: 20s/15MB
AV: 04:21:18 / 04:21:40 (100%) A-V:  0.000 ct: -2.001 Cache: 20s/14MB
AV: 04:21:19 / 04:21:40 (100%) A-V:  0.000 ct: -2.001 Cache: 20s/14MB
AV: 04:21:19 / 04:21:40 (100%) A-V:  0.000 ct: -2.001 Cache: 19s/14MB
AV: 04:21:20 / 04:21:40 (100%) A-V:  0.000 ct: -2.001 Cache: 19s/14MB
AV: 04:21:20 / 04:21:40 (100%) A-V:  0.000 ct: -2.001 Cache: 19s/13MB
AV: 04:21:20 / 04:21:40 (100%) A-V:  0.000 ct: -2.001 Cache: 18s/13MB
AV: 04:21:21 / 04:21:40 (100%) A-V:  0.000 ct: -2.001 Cache: 18s/13MB
AV: 04:21:21 / 04:21:40 (100%) A-V:  0.000 ct: -2.001 Cache: 17s/13MB
AV: 04:21:21 / 04:21:40 (100%) A-V:  0.000 ct: -2.001 Cache: 17s/12MB
AV: 04:21:22 / 04:21:40 (100%) A-V:  0.000 ct: -2.001 Cache: 17s/12MB
AV: 04:21:22 / 04:21:40 (100%) A-V:  0.000 ct: -2.001 Cache: 16s/12MB
AV: 04:21:23 / 04:21:40 (100%) A-V:  0.000 ct: -2.001 Cache: 16s/12MB
AV: 04:21:23 / 04:21:40 (100%) A-V:  0.000 ct: -2.001 Cache: 16s/11MB
AV: 04:21:23 / 04:21:40 (100%) A-V:  0.000 ct: -2.001 Cache: 16s/12MB
AV: 04:21:23 / 04:21:46 (100%) A-V:  0.000 ct: -2.001 Cache: 22s/16MB
AV: 04:21:23 / 04:21:46 (100%) A-V:  0.000 ct: -2.001 Cache: 22s/15MB
AV: 04:21:23 / 04:21:46 (100%) A-V:  0.000 ct: -2.001 Cache: 21s/15MB
AV: 04:21:24 / 04:21:46 (100%) A-V:  0.000 ct: -2.001 Cache: 21s/15MB
AV: 04:21:24 / 04:21:46 (100%) A-V:  0.000 ct: -2.001 Cache: 20s/15MB
AV: 04:21:25 / 04:21:46 (100%) A-V:  0.000 ct: -2.001 Cache: 20s/14MB
AV: 04:21:25 / 04:21:46 (100%) A-V:  0.000 ct: -2.001 Cache: 19s/14MB
AV: 04:21:26 / 04:21:46 (100%) A-V:  0.000 ct: -2.001 Cache: 19s/14MB
AV: 04:21:26 / 04:21:46 (100%) A-V:  0.000 ct: -2.001 Cache: 19s/13MB
AV: 04:21:26 / 04:21:46 (100%) A-V:  0.000 ct: -2.001 Cache: 18s/13MB
AV: 04:21:27 / 04:21:46 (100%) A-V:  0.000 ct: -2.001 Cache: 18s/13MB
AV: 04:21:27 / 04:21:46 (100%) A-V:  0.000 ct: -2.001 Cache: 17s/13MB
AV: 04:21:27 / 04:21:46 (100%) A-V:  0.000 ct: -2.001 Cache: 17s/12MB
AV: 04:21:28 / 04:21:46 (100%) A-V:  0.000 ct: -2.001 Cache: 17s/12MB
AV: 04:21:28 / 04:21:46 (100%) A-V:  0.000 ct: -2.001 Cache: 16s/12MB
AV: 04:21:28 / 04:21:46 (100%) A-V:  0.000 ct: -2.001 Cache: 16s/11MB
AV: 04:21:29 / 04:21:46 (100%) A-V:  0.000 ct: -2.001 Cache: 16s/11MB
AV: 04:21:29 / 04:21:52 (100%) A-V:  0.000 ct: -2.001 Cache: 22s/15MB
AV: 04:21:29 / 04:21:52 (100%) A-V:  0.000 ct: -2.001 Cache: 21s/15MB
AV: 04:21:30 / 04:21:52 (100%) A-V:  0.000 ct: -2.001 Cache: 21s/15MB
AV: 04:21:30 / 04:21:52 (100%) A-V:  0.000 ct: -2.001 Cache: 20s/15MB
AV: 04:21:30 / 04:21:52 (100%) A-V:  0.000 ct: -2.001 Cache: 20s/14MB
AV: 04:21:31 / 04:21:52 (100%) A-V:  0.000 ct: -2.001 Cache: 20s/14MB
AV: 04:21:31 / 04:21:52 (100%) A-V:  0.000 ct: -2.001 Cache: 19s/14MB
AV: 04:21:32 / 04:21:52 (100%) A-V:  0.000 ct: -2.001 Cache: 19s/14MB
AV: 04:21:32 / 04:21:52 (100%) A-V:  0.000 ct: -2.001 Cache: 19s/13MB
AV: 04:21:32 / 04:21:52 (100%) A-V:  0.000 ct: -2.001 Cache: 18s/13MB
AV: 04:21:33 / 04:21:52 (100%) A-V:  0.000 ct: -2.001 Cache: 18s/13MB
AV: 04:21:33 / 04:21:52 (100%) A-V:  0.000 ct: -2.001 Cache: 17s/13MB
AV: 04:21:33 / 04:21:52 (100%) A-V:  0.000 ct: -2.001 Cache: 17s/12MB
AV: 04:21:34 / 04:21:52 (100%) A-V:  0.000 ct: -2.001 Cache: 17s/12MB
AV: 04:21:34 / 04:21:52 (100%) A-V:  0.000 ct: -2.001 Cache: 16s/12MB
AV: 04:21:34 / 04:21:52 (100%) A-V:  0.000 ct: -2.001 Cache: 16s/11MB
AV: 04:21:35 / 04:21:52 (100%) A-V:  0.000 ct: -2.001 Cache: 16s/11MB
AV: 04:21:35 / 04:21:58 (100%) A-V:  0.000 ct: -2.001 Cache: 22s/15MB
AV: 04:21:35 / 04:21:58 (100%) A-V:  0.000 ct: -2.001 Cache: 21s/15MB
AV: 04:21:36 / 04:21:58 (100%) A-V:  0.000 ct: -2.001 Cache: 21s/15MB
AV: 04:21:36 / 04:21:58 (100%) A-V:  0.000 ct: -2.001 Cache: 20s/15MB
AV: 04:21:36 / 04:21:58 (100%) A-V:  0.000 ct: -2.001 Cache: 20s/14MB
AV: 04:21:37 / 04:21:58 (100%) A-V:  0.000 ct: -2.001 Cache: 20s/14MB
AV: 04:21:37 / 04:21:58 (100%) A-V:  0.000 ct: -2.001 Cache: 19s/14MB
AV: 04:21:38 / 04:21:58 (100%) A-V:  0.000 ct: -2.001 Cache: 19s/14MB
AV: 04:21:38 / 04:21:58 (100%) A-V:  0.000 ct: -2.001 Cache: 19s/13MB
AV: 04:21:38 / 04:21:58 (100%) A-V:  0.000 ct: -2.001 Cache: 18s/13MB
AV: 04:21:39 / 04:21:58 (100%) A-V:  0.000 ct: -2.001 Cache: 18s/13MB
AV: 04:21:39 / 04:21:58 (100%) A-V:  0.000 ct: -2.001 Cache: 17s/13MB
AV: 04:21:39 / 04:21:58 (100%) A-V:  0.000 ct: -2.001 Cache: 17s/12MB
AV: 04:21:40 / 04:21:58 (100%) A-V:  0.000 ct: -2.001 Cache: 17s/12MB
AV: 04:21:40 / 04:21:58 (100%) A-V:  0.000 ct: -2.001 Cache: 16s/12MB
AV: 04:21:41 / 04:21:58 (100%) A-V:  0.000 ct: -2.001 Cache: 16s/12MB
AV: 04:21:41 / 04:21:58 (100%) A-V:  0.000 ct: -2.001 Cache: 16s/11MB
AV: 04:21:41 / 04:21:58 (100%) A-V:  0.000 ct: -2.001 Cache: 15s/11MB
AV: 04:21:41 / 04:22:04 (100%) A-V:  0.000 ct: -2.001 Cache: 21s/16MB
AV: 04:21:41 / 04:22:04 (100%) A-V:  0.000 ct: -2.001 Cache: 21s/15MB
AV: 04:21:42 / 04:22:04 (100%) A-V:  0.000 ct: -2.001 Cache: 21s/15MB
AV: 04:21:42 / 04:22:04 (100%) A-V:  0.000 ct: -2.001 Cache: 20s/15MB
AV: 04:21:43 / 04:22:04 (100%) A-V:  0.000 ct: -2.001 Cache: 20s/15MB
AV: 04:21:43 / 04:22:04 (100%) A-V:  0.000 ct: -2.001 Cache: 20s/14MB
AV: 04:21:43 / 04:22:04 (100%) A-V:  0.000 ct: -2.001 Cache: 19s/14MB
AV: 04:21:44 / 04:22:04 (100%) A-V:  0.000 ct: -2.001 Cache: 19s/14MB
AV: 04:21:44 / 04:22:04 (100%) A-V:  0.000 ct: -2.001 Cache: 19s/13MB
AV: 04:21:44 / 04:22:04 (100%) A-V:  0.000 ct: -2.001 Cache: 18s/13MB
AV: 04:21:45 / 04:22:04 (100%) A-V:  0.000 ct: -2.001 Cache: 18s/13MB
AV: 04:21:45 / 04:22:04 (100%) A-V:  0.000 ct: -2.001 Cache: 17s/13MB
AV: 04:21:45 / 04:22:04 (100%) A-V:  0.000 ct: -2.001 Cache: 17s/12MB
AV: 04:21:46 / 04:22:04 (100%) A-V:  0.000 ct: -2.001 Cache: 17s/12MB
AV: 04:21:46 / 04:22:04 (100%) A-V:  0.000 ct: -2.001 Cache: 16s/12MB
AV: 04:21:47 / 04:22:04 (100%) A-V:  0.000 ct: -2.001 Cache: 16s/12MB
AV: 04:21:47 / 04:22:04 (100%) A-V:  0.000 ct: -2.001 Cache: 16s/11MB
AV: 04:21:47 / 04:22:04 (100%) A-V:  0.000 ct: -2.001 Cache: 15s/11MB
AV: 04:21:48 / 04:22:10 (100%) A-V:  0.000 ct: -2.001 Cache: 21s/15MB
AV: 04:21:48 / 04:22:10 (100%) A-V:  0.000 ct: -2.001 Cache: 20s/15MB
AV: 04:21:48 / 04:22:10 (100%) A-V:  0.000 ct: -2.001 Cache: 20s/14MB
AV: 04:21:49 / 04:22:10 (100%) A-V:  0.000 ct: -2.001 Cache: 20s/14MB
AV: 04:21:49 / 04:22:10 (100%) A-V:  0.000 ct: -2.001 Cache: 19s/14MB
AV: 04:21:50 / 04:22:10 (100%) A-V:  0.000 ct: -2.001 Cache: 19s/14MB
AV: 04:21:50 / 04:22:10 (100%) A-V:  0.000 ct: -2.001 Cache: 19s/13MB
AV: 04:21:50 / 04:22:10 (100%) A-V:  0.000 ct: -2.001 Cache: 18s/13MB
AV: 04:21:51 / 04:22:10 (100%) A-V:  0.000 ct: -2.001 Cache: 18s/13MB
AV: 04:21:51 / 04:22:10 (100%) A-V:  0.000 ct: -2.001 Cache: 17s/13MB
AV: 04:21:51 / 04:22:10 (100%) A-V:  0.000 ct: -2.001 Cache: 17s/12MB
AV: 04:21:52 / 04:22:10 (100%) A-V:  0.000 ct: -2.001 Cache: 17s/12MB
AV: 04:21:52 / 04:22:10 (100%) A-V:  0.000 ct: -2.001 Cache: 16s/12MB
AV: 04:21:53 / 04:22:10 (100%) A-V:  0.000 ct: -2.001 Cache: 16s/12MB
AV: 04:21:53 / 04:22:10 (100%) A-V:  0.000 ct: -2.001 Cache: 16s/11MB
AV: 04:21:53 / 04:22:10 (100%) A-V:  0.000 ct: -2.001 Cache: 15s/11MB
AV: 04:21:54 / 04:22:10 (100%) A-V:  0.000 ct: -2.001 Cache: 15s/11MB
AV: 04:21:54 / 04:22:16 (100%) A-V:  0.000 ct: -2.001 Cache: 21s/15MB
AV: 04:21:54 / 04:22:16 (100%) A-V:  0.000 ct: -2.001 Cache: 20s/15MB
AV: 04:21:55 / 04:22:16 (100%) A-V:  0.000 ct: -2.001 Cache: 20s/15MB
AV: 04:21:55 / 04:22:16 (100%) A-V:  0.000 ct: -2.001 Cache: 20s/14MB
AV: 04:21:55 / 04:22:16 (100%) A-V:  0.000 ct: -2.001 Cache: 19s/14MB
AV: 04:21:56 / 04:22:16 (100%) A-V:  0.000 ct: -2.001 Cache: 19s/14MB
AV: 04:21:56 / 04:22:16 (100%) A-V:  0.000 ct: -2.001 Cache: 19s/13MB
AV: 04:21:56 / 04:22:16 (100%) A-V:  0.000 ct: -2.001 Cache: 18s/13MB
AV: 04:21:57 / 04:22:16 (100%) A-V:  0.000 ct: -2.001 Cache: 18s/13MB
AV: 04:21:57 / 04:22:16 (100%) A-V:  0.000 ct: -2.001 Cache: 17s/13MB
AV: 04:21:57 / 04:22:16 (100%) A-V:  0.000 ct: -2.001 Cache: 17s/12MB
AV: 04:21:58 / 04:22:16 (100%) A-V:  0.000 ct: -2.001 Cache: 17s/12MB
AV: 04:21:58 / 04:22:16 (100%) A-V:  0.000 ct: -2.001 Cache: 16s/12MB
AV: 04:21:59 / 04:22:16 (100%) A-V:  0.000 ct: -2.001 Cache: 16s/12MB
AV: 04:21:59 / 04:22:16 (100%) A-V:  0.000 ct: -2.001 Cache: 16s/11MB
AV: 04:21:59 / 04:22:16 (100%) A-V:  0.000 ct: -2.001 Cache: 15s/11MB
AV: 04:22:00 / 04:22:16 (100%) A-V:  0.000 ct: -2.001 Cache: 15s/11MB
AV: 04:22:00 / 04:22:22 (100%) A-V:  0.000 ct: -2.001 Cache: 21s/15MB
AV: 04:22:00 / 04:22:22 (100%) A-V:  0.000 ct: -2.001 Cache: 20s/15MB
AV: 04:22:01 / 04:22:22 (100%) A-V:  0.000 ct: -2.001 Cache: 20s/15MB
AV: 04:22:01 / 04:22:22 (100%) A-V:  0.000 ct: -2.001 Cache: 20s/14MB
AV: 04:22:01 / 04:22:22 (100%) A-V:  0.000 ct: -2.001 Cache: 19s/14MB
AV: 04:22:02 / 04:22:22 (100%) A-V:  0.000 ct: -2.001 Cache: 19s/14MB
AV: 04:22:02 / 04:22:22 (100%) A-V:  0.000 ct: -2.001 Cache: 19s/13MB
AV: 04:22:02 / 04:22:22 (100%) A-V:  0.000 ct: -2.001 Cache: 18s/13MB
AV: 04:22:03 / 04:22:22 (100%) A-V:  0.000 ct: -2.001 Cache: 18s/13MB
AV: 04:22:03 / 04:22:22 (100%) A-V:  0.000 ct: -2.001 Cache: 17s/13MB
AV: 04:22:03 / 04:22:22 (100%) A-V:  0.000 ct: -2.001 Cache: 17s/12MB
AV: 04:22:04 / 04:22:22 (100%) A-V:  0.000 ct: -2.001 Cache: 17s/12MB
AV: 04:22:04 / 04:22:22 (100%) A-V:  0.000 ct: -2.001 Cache: 16s/12MB
AV: 04:22:05 / 04:22:22 (100%) A-V:  0.000 ct: -2.001 Cache: 16s/12MB
AV: 04:22:05 / 04:22:22 (100%) A-V:  0.000 ct: -2.001 Cache: 16s/11MB
AV: 04:22:05 / 04:22:22 (100%) A-V:  0.000 ct: -2.001 Cache: 15s/11MB
AV: 04:22:06 / 04:22:22 (100%) A-V:  0.000 ct: -2.001 Cache: 15s/11MB
AV: 04:22:06 / 04:22:22 (100%) A-V:  0.000 ct: -2.001 Cache: 15s/10MB
AV: 04:22:06 / 04:22:27 (100%) A-V:  0.000 ct: -2.001 Cache: 20s/14MB
AV: 04:22:07 / 04:22:27 (100%) A-V:  0.000 ct: -2.001 Cache: 20s/14MB
AV: 04:22:07 / 04:22:27 (100%) A-V:  0.000 ct: -2.001 Cache: 19s/14MB
AV: 04:22:07 / 04:22:27 (100%) A-V:  0.000 ct: -2.001 Cache: 19s/13MB
AV: 04:22:08 / 04:22:27 (100%) A-V:  0.000 ct: -2.001 Cache: 19s/13MB
AV: 04:22:08 / 04:22:27 (100%) A-V:  0.000 ct: -2.001 Cache: 18s/13MB
AV: 04:22:09 / 04:22:27 (100%) A-V:  0.000 ct: -2.001 Cache: 18s/13MB
AV: 04:22:09 / 04:22:27 (100%) A-V:  0.000 ct: -2.001 Cache: 18s/12MB
AV: 04:22:09 / 04:22:27 (100%) A-V:  0.000 ct: -2.001 Cache: 17s/12MB
AV: 04:22:10 / 04:22:27 (100%) A-V:  0.000 ct: -2.001 Cache: 17s/12MB
AV: 04:22:10 / 04:22:27 (100%) A-V:  0.000 ct: -2.001 Cache: 16s/12MB
AV: 04:22:10 / 04:22:27 (100%) A-V:  0.000 ct: -2.001 Cache: 16s/11MB
AV: 04:22:11 / 04:22:27 (100%) A-V:  0.000 ct: -2.001 Cache: 16s/11MB
AV: 04:22:11 / 04:22:27 (100%) A-V:  0.000 ct: -2.001 Cache: 15s/11MB
AV: 04:22:11 / 04:22:27 (100%) A-V:  0.000 ct: -2.001 Cache: 15s/10MB
AV: 04:22:12 / 04:22:27 (100%) A-V:  0.000 ct: -2.001 Cache: 15s/10MB
AV: 04:22:12 / 04:22:27 (100%) A-V:  0.000 ct: -2.001 Cache: 14s/10MB
AV: 04:22:12 / 04:22:28 (100%) A-V:  0.000 ct: -2.001 Cache: 16s/11MB
AV: 04:22:12 / 04:22:34 (100%) A-V:  0.000 ct: -2.001 Cache: 21s/15MB
AV: 04:22:12 / 04:22:34 (100%) A-V:  0.000 ct: -2.001 Cache: 20s/15MB
AV: 04:22:13 / 04:22:34 (100%) A-V:  0.000 ct: -2.001 Cache: 20s/15MB
AV: 04:22:13 / 04:22:34 (100%) A-V:  0.000 ct: -2.001 Cache: 20s/14MB
AV: 04:22:13 / 04:22:34 (100%) A-V:  0.000 ct: -2.001 Cache: 19s/14MB
AV: 04:22:14 / 04:22:34 (100%) A-V:  0.000 ct: -2.001 Cache: 19s/14MB
AV: 04:22:14 / 04:22:34 (100%) A-V:  0.000 ct: -2.001 Cache: 19s/13MB
AV: 04:22:14 / 04:22:34 (100%) A-V:  0.000 ct: -2.001 Cache: 18s/13MB
AV: 04:22:15 / 04:22:34 (100%) A-V:  0.000 ct: -2.001 Cache: 18s/13MB
AV: 04:22:15 / 04:22:34 (100%) A-V:  0.000 ct: -2.001 Cache: 17s/13MB
AV: 04:22:15 / 04:22:34 (100%) A-V:  0.000 ct: -2.001 Cache: 17s/12MB
AV: 04:22:16 / 04:22:34 (100%) A-V:  0.000 ct: -2.001 Cache: 17s/12MB
AV: 04:22:16 / 04:22:34 (100%) A-V:  0.000 ct: -2.001 Cache: 16s/12MB
AV: 04:22:17 / 04:22:34 (100%) A-V:  0.000 ct: -2.001 Cache: 16s/12MB
AV: 04:22:17 / 04:22:34 (100%) A-V:  0.000 ct: -2.001 Cache: 16s/11MB
AV: 04:22:17 / 04:22:34 (100%) A-V:  0.000 ct: -2.001 Cache: 15s/11MB
AV: 04:22:18 / 04:22:34 (100%) A-V:  0.000 ct: -2.001 Cache: 15s/11MB
AV: 04:22:18 / 04:22:34 (100%) A-V:  0.000 ct: -2.001 Cache: 14s/11MB
AV: 04:22:18 / 04:22:34 (100%) A-V:  0.000 ct: -2.001 Cache: 14s/10MB
AV: 04:22:19 / 04:22:34 (100%) A-V:  0.000 ct: -2.001 Cache: 14s/10MB
AV: 04:22:19 / 04:22:38 (100%) A-V:  0.000 ct: -2.001 Cache: 19s/14MB
AV: 04:22:19 / 04:22:40 (100%) A-V:  0.000 ct: -2.001 Cache: 20s/15MB
AV: 04:22:19 / 04:22:40 (100%) A-V:  0.000 ct: -2.001 Cache: 20s/14MB
AV: 04:22:19 / 04:22:40 (100%) A-V:  0.000 ct: -2.001 Cache: 19s/14MB
AV: 04:22:20 / 04:22:40 (100%) A-V:  0.000 ct: -2.001 Cache: 19s/14MB
AV: 04:22:20 / 04:22:40 (100%) A-V:  0.000 ct: -2.001 Cache: 19s/13MB
AV: 04:22:20 / 04:22:40 (100%) A-V:  0.000 ct: -2.001 Cache: 18s/13MB
AV: 04:22:21 / 04:22:40 (100%) A-V:  0.000 ct: -2.001 Cache: 18s/13MB
AV: 04:22:21 / 04:22:40 (100%) A-V:  0.000 ct: -2.001 Cache: 18s/12MB
AV: 04:22:21 / 04:22:40 (100%) A-V:  0.000 ct: -2.001 Cache: 17s/12MB
AV: 04:22:22 / 04:22:40 (100%) A-V:  0.000 ct: -2.001 Cache: 17s/12MB
AV: 04:22:22 / 04:22:40 (100%) A-V:  0.000 ct: -2.001 Cache: 16s/12MB
AV: 04:22:23 / 04:22:40 (100%) A-V:  0.000 ct: -2.001 Cache: 16s/12MB
AV: 04:22:23 / 04:22:40 (100%) A-V:  0.000 ct: -2.001 Cache: 16s/11MB
AV: 04:22:23 / 04:22:40 (100%) A-V:  0.000 ct: -2.001 Cache: 15s/11MB
AV: 04:22:24 / 04:22:40 (100%) A-V:  0.000 ct: -2.001 Cache: 15s/11MB
AV: 04:22:24 / 04:22:40 (100%) A-V:  0.000 ct: -2.001 Cache: 14s/11MB
AV: 04:22:24 / 04:22:40 (100%) A-V:  0.000 ct: -2.001 Cache: 14s/10MB
AV: 04:22:25 / 04:22:40 (100%) A-V:  0.000 ct: -2.001 Cache: 14s/10MB
AV: 04:22:25 / 04:22:40 (100%) A-V:  0.000 ct: -2.001 Cache: 15s/11MB
AV: 04:22:25 / 04:22:46 (100%) A-V:  0.000 ct: -2.001 Cache: 20s/15MB
AV: 04:22:25 / 04:22:51 (100%) A-V:  0.000 ct: -2.001 Cache: 25s/18MB
AV: 04:22:25 / 04:22:51 (100%) A-V:  0.000 ct: -2.001 Cache: 24s/18MB
AV: 04:22:26 / 04:22:51 (100%) A-V:  0.000 ct: -2.001 Cache: 24s/18MB
AV: 04:22:26 / 04:22:51 (100%) A-V:  0.000 ct: -2.001 Cache: 24s/17MB
AV: 04:22:26 / 04:22:51 (100%) A-V:  0.000 ct: -2.001 Cache: 23s/17MB
AV: 04:22:27 / 04:22:51 (100%) A-V:  0.000 ct: -2.001 Cache: 23s/17MB
AV: 04:22:27 / 04:22:51 (100%) A-V:  0.000 ct: -2.001 Cache: 23s/16MB
AV: 04:22:27 / 04:22:51 (100%) A-V:  0.000 ct: -2.001 Cache: 22s/16MB
AV: 04:22:28 / 04:22:51 (100%) A-V:  0.000 ct: -2.001 Cache: 22s/16MB
AV: 04:22:28 / 04:22:51 (100%) A-V:  0.000 ct: -2.001 Cache: 22s/15MB
AV: 04:22:28 / 04:22:51 (100%) A-V:  0.000 ct: -2.001 Cache: 21s/15MB
AV: 04:22:29 / 04:22:51 (100%) A-V:  0.000 ct: -2.001 Cache: 21s/15MB
AV: 04:22:29 / 04:22:51 (100%) A-V:  0.000 ct: -2.001 Cache: 21s/14MB
AV: 04:22:29 / 04:22:51 (100%) A-V:  0.000 ct: -2.001 Cache: 20s/14MB
AV: 04:22:30 / 04:22:51 (100%) A-V:  0.000 ct: -2.001 Cache: 20s/14MB
AV: 04:22:30 / 04:22:51 (100%) A-V:  0.000 ct: -2.001 Cache: 19s/14MB
AV: 04:22:31 / 04:22:51 (100%) A-V:  0.000 ct: -2.001 Cache: 19s/14MB
AV: 04:22:31 / 04:22:51 (100%) A-V:  0.000 ct: -2.001 Cache: 19s/13MB
AV: 04:22:31 / 04:22:51 (100%) A-V:  0.000 ct: -2.001 Cache: 18s/13MB
AV: 04:22:32 / 04:22:51 (100%) A-V:  0.000 ct: -2.001 Cache: 18s/13MB
AV: 04:22:32 / 04:22:51 (100%) A-V:  0.000 ct: -2.001 Cache: 17s/13MB
AV: 04:22:32 / 04:22:51 (100%) A-V:  0.000 ct: -2.001 Cache: 17s/12MB
AV: 04:22:33 / 04:22:51 (100%) A-V:  0.000 ct: -2.001 Cache: 17s/12MB
AV: 04:22:33 / 04:22:51 (100%) A-V:  0.000 ct: -2.001 Cache: 16s/12MB
AV: 04:22:34 / 04:22:51 (100%) A-V:  0.000 ct: -2.001 Cache: 16s/12MB
AV: 04:22:34 / 04:22:51 (100%) A-V:  0.000 ct: -2.001 Cache: 16s/11MB
AV: 04:22:34 / 04:22:51 (100%) A-V:  0.000 ct: -2.001 Cache: 15s/11MB
AV: 04:22:34 / 04:22:58 (100%) A-V:  0.000 ct: -2.001 Cache: 22s/16MB
AV: 04:22:35 / 04:22:58 (100%) A-V:  0.000 ct: -2.001 Cache: 22s/16MB
AV: 04:22:35 / 04:22:58 (100%) A-V:  0.000 ct: -2.001 Cache: 22s/15MB
AV: 04:22:35 / 04:22:58 (100%) A-V:  0.000 ct: -2.001 Cache: 21s/15MB
AV: 04:22:36 / 04:22:58 (100%) A-V:  0.000 ct: -2.001 Cache: 21s/15MB
AV: 04:22:36 / 04:22:58 (100%) A-V:  0.000 ct: -2.001 Cache: 20s/15MB
AV: 04:22:36 / 04:22:58 (100%) A-V:  0.000 ct: -2.001 Cache: 20s/14MB
AV: 04:22:37 / 04:22:58 (100%) A-V:  0.000 ct: -2.001 Cache: 20s/14MB
AV: 04:22:37 / 04:22:58 (100%) A-V:  0.000 ct: -2.001 Cache: 19s/14MB
AV: 04:22:38 / 04:22:58 (100%) A-V:  0.000 ct: -2.001 Cache: 19s/14MB
AV: 04:22:38 / 04:22:58 (100%) A-V:  0.000 ct: -2.001 Cache: 19s/13MB
AV: 04:22:38 / 04:22:58 (100%) A-V:  0.000 ct: -2.001 Cache: 18s/13MB
AV: 04:22:39 / 04:22:58 (100%) A-V:  0.000 ct: -2.001 Cache: 18s/13MB
AV: 04:22:39 / 04:22:58 (100%) A-V:  0.000 ct: -2.001 Cache: 18s/12MB
AV: 04:22:39 / 04:22:58 (100%) A-V:  0.000 ct: -2.001 Cache: 17s/12MB
AV: 04:22:40 / 04:22:58 (100%) A-V:  0.000 ct: -2.001 Cache: 17s/12MB
AV: 04:22:40 / 04:22:58 (100%) A-V:  0.000 ct: -2.001 Cache: 17s/11MB
AV: 04:22:40 / 04:22:58 (100%) A-V:  0.000 ct: -2.001 Cache: 16s/11MB
AV: 04:22:41 / 04:22:58 (100%) A-V:  0.000 ct: -2.001 Cache: 16s/11MB
AV: 04:22:41 / 04:22:58 (100%) A-V:  0.000 ct: -2.001 Cache: 15s/11MB
AV: 04:22:41 / 04:22:58 (100%) A-V:  0.000 ct: -2.001 Cache: 15s/10MB
AV: 04:22:42 / 04:22:58 (100%) A-V:  0.000 ct: -2.001 Cache: 15s/10MB
AV: 04:22:42 / 04:22:58 (100%) A-V:  0.000 ct: -2.001 Cache: 14s/10MB
AV: 04:22:43 / 04:22:58 (100%) A-V:  0.000 ct: -2.001 Cache: 14s/10MB
AV: 04:22:43 / 04:22:58 (100%) A-V:  0.000 ct: -2.001 Cache: 14s/9MB
AV: 04:22:43 / 04:22:58 (100%) A-V:  0.000 ct: -2.001 Cache: 13s/9MB
AV: 04:22:44 / 04:22:58 (100%) A-V:  0.000 ct: -2.001 Cache: 13s/9MB
AV: 04:22:44 / 04:22:58 (100%) A-V:  0.000 ct: -2.001 Cache: 12s/9MB
AV: 04:22:44 / 04:22:58 (100%) A-V:  0.000 ct: -2.001 Cache: 12s/8MB
AV: 04:22:45 / 04:22:58 (100%) A-V:  0.000 ct: -2.001 Cache: 12s/8MB
AV: 04:22:45 / 04:22:58 (100%) A-V:  0.000 ct: -2.001 Cache: 11s/8MB
AV: 04:22:46 / 04:22:58 (100%) A-V:  0.000 ct: -2.001 Cache: 11s/8MB
AV: 04:22:46 / 04:22:58 (100%) A-V:  0.000 ct: -2.001 Cache: 11s/7MB
AV: 04:22:46 / 04:22:58 (100%) A-V:  0.000 ct: -2.001 Cache: 10s/7MB
AV: 04:22:47 / 04:22:58 (100%) A-V:  0.000 ct: -2.001 Cache: 10s/7MB
AV: 04:22:47 / 04:22:58 (100%) A-V:  0.000 ct: -2.001 Cache: 10.0s/7MB
AV: 04:22:47 / 04:22:58 (100%) A-V:  0.000 ct: -2.001 Cache: 10.0s/6MB
AV: 04:22:47 / 04:22:58 (100%) A-V:  0.000 ct: -2.001 Cache: 9.9s/6MB
AV: 04:22:47 / 04:22:58 (100%) A-V:  0.000 ct: -2.001 Cache: 9.8s/6MB
AV: 04:22:48 / 04:22:58 (100%) A-V:  0.000 ct: -2.001 Cache: 9.7s/6MB
AV: 04:22:48 / 04:22:58 (100%) A-V:  0.000 ct: -2.001 Cache: 9.6s/6MB
AV: 04:22:48 / 04:22:58 (100%) A-V:  0.000 ct: -2.001 Cache: 9.5s/6MB
AV: 04:22:48 / 04:22:58 (100%) A-V:  0.000 ct: -2.001 Cache: 9.4s/6MB
AV: 04:22:48 / 04:22:58 (100%) A-V:  0.000 ct: -2.001 Cache: 9.3s/6MB
AV: 04:22:48 / 04:22:58 (100%) A-V:  0.000 ct: -2.001 Cache: 9.2s/6MB
AV: 04:22:48 / 04:22:58 (100%) A-V:  0.000 ct: -2.001 Cache: 9.1s/6MB
AV: 04:22:48 / 04:22:58 (100%) A-V:  0.000 ct: -2.001 Cache: 9.0s/6MB
AV: 04:22:48 / 04:22:58 (100%) A-V:  0.000 ct: -2.001 Cache: 8.9s/6MB
AV: 04:22:48 / 04:22:58 (100%) A-V:  0.000 ct: -2.001 Cache: 8.8s/6MB
AV: 04:22:49 / 04:22:58 (100%) A-V:  0.000 ct: -2.001 Cache: 8.7s/6MB
AV: 04:22:49 / 04:22:58 (100%) A-V:  0.000 ct: -2.001 Cache: 8.6s/6MB
AV: 04:22:49 / 04:22:58 (100%) A-V:  0.000 ct: -2.001 Cache: 8.6s/5MB
AV: 04:22:49 / 04:22:58 (100%) A-V:  0.000 ct: -2.001 Cache: 8.5s/5MB
AV: 04:22:49 / 04:22:58 (100%) A-V:  0.000 ct: -2.001 Cache: 8.4s/5MB
AV: 04:22:49 / 04:22:58 (100%) A-V:  0.000 ct: -2.001 Cache: 8.3s/5MB
AV: 04:22:49 / 04:22:58 (100%) A-V:  0.000 ct: -2.001 Cache: 8.2s/5MB
AV: 04:22:49 / 04:22:58 (100%) A-V:  0.000 ct: -2.001 Cache: 8.1s/5MB
AV: 04:22:49 / 04:22:58 (100%) A-V:  0.000 ct: -2.001 Cache: 8.0s/5MB
AV: 04:22:49 / 04:22:58 (100%) A-V:  0.000 ct: -2.001 Cache: 7.9s/5MB
AV: 04:22:49 / 04:22:58 (100%) A-V:  0.000 ct: -2.001 Cache: 7.8s/5MB
AV: 04:22:50 / 04:22:58 (100%) A-V:  0.000 ct: -2.001 Cache: 7.7s/5MB
AV: 04:22:50 / 04:22:58 (100%) A-V:  0.000 ct: -2.001 Cache: 7.6s/5MB
AV: 04:22:50 / 04:22:58 (100%) A-V:  0.000 ct: -2.001 Cache: 7.5s/5MB
AV: 04:22:50 / 04:22:58 (100%) A-V:  0.000 ct: -2.001 Cache: 7.4s/5MB
AV: 04:22:50 / 04:22:58 (100%) A-V:  0.000 ct: -2.001 Cache: 7.3s/4MB
AV: 04:22:50 / 04:22:58 (100%) A-V:  0.000 ct: -2.001 Cache: 7.2s/4MB
AV: 04:22:50 / 04:22:58 (100%) A-V:  0.000 ct: -2.001 Cache: 7.1s/4MB
AV: 04:22:50 / 04:22:58 (100%) A-V:  0.000 ct: -2.001 Cache: 7.0s/4MB
AV: 04:22:50 / 04:22:58 (100%) A-V:  0.000 ct: -2.001 Cache: 6.9s/4MB
AV: 04:22:50 / 04:22:58 (100%) A-V:  0.000 ct: -2.001 Cache: 6.8s/4MB
AV: 04:22:51 / 04:22:58 (100%) A-V:  0.000 ct: -2.001 Cache: 6.7s/4MB
AV: 04:22:51 / 04:22:58 (100%) A-V:  0.000 ct: -2.001 Cache: 6.6s/4MB
AV: 04:22:51 / 04:22:58 (100%) A-V:  0.000 ct: -2.001 Cache: 6.5s/4MB
AV: 04:22:51 / 04:22:58 (100%) A-V:  0.000 ct: -2.001 Cache: 6.4s/4MB
AV: 04:22:51 / 04:22:58 (100%) A-V:  0.000 ct: -2.001 Cache: 6.3s/4MB
AV: 04:22:51 / 04:22:58 (100%) A-V:  0.000 ct: -2.001 Cache: 6.2s/4MB
AV: 04:22:51 / 04:22:58 (100%) A-V:  0.000 ct: -2.001 Cache: 6.1s/4MB
AV: 04:22:51 / 04:22:58 (100%) A-V:  0.000 ct: -2.001 Cache: 6.0s/4MB
AV: 04:22:51 / 04:22:58 (100%) A-V:  0.000 ct: -2.001 Cache: 5.9s/4MB
AV: 04:22:51 / 04:22:58 (100%) A-V:  0.000 ct: -2.001 Cache: 5.8s/3MB
AV: 04:22:52 / 04:22:58 (100%) A-V:  0.000 ct: -2.001 Cache: 5.7s/3MB
AV: 04:22:52 / 04:22:58 (100%) A-V:  0.000 ct: -2.001 Cache: 5.6s/3MB
AV: 04:22:52 / 04:22:58 (100%) A-V:  0.000 ct: -2.001 Cache: 5.5s/3MB
AV: 04:22:52 / 04:23:04 (100%) A-V:  0.000 ct: -2.001 Cache: 11s/8MB
AV: 04:22:52 / 04:23:10 (100%) A-V:  0.000 ct: -2.001 Cache: 17s/12MB
AV: 04:22:52 / 04:23:15 (100%) A-V:  0.000 ct: -2.001 Cache: 22s/16MB
AV: 04:22:52 / 04:23:16 (100%) A-V:  0.000 ct: -2.001 Cache: 22s/16MB
AV: 04:22:53 / 04:23:16 (100%) A-V:  0.000 ct: -2.001 Cache: 22s/16MB
AV: 04:22:53 / 04:23:16 (100%) A-V:  0.000 ct: -2.001 Cache: 21s/16MB
AV: 04:22:54 / 04:23:16 (100%) A-V:  0.000 ct: -2.001 Cache: 21s/16MB
AV: 04:22:54 / 04:23:16 (100%) A-V:  0.000 ct: -2.001 Cache: 21s/15MB
AV: 04:22:54 / 04:23:16 (100%) A-V:  0.000 ct: -2.001 Cache: 20s/15MB
AV: 04:22:55 / 04:23:16 (100%) A-V:  0.000 ct: -2.001 Cache: 20s/15MB
AV: 04:22:55 / 04:23:16 (100%) A-V:  0.000 ct: -2.001 Cache: 20s/14MB
AV: 04:22:55 / 04:23:16 (100%) A-V:  0.000 ct: -2.001 Cache: 19s/14MB
AV: 04:22:56 / 04:23:16 (100%) A-V:  0.000 ct: -2.001 Cache: 19s/14MB
AV: 04:22:56 / 04:23:16 (100%) A-V:  0.000 ct: -2.001 Cache: 18s/14MB
AV: 04:22:56 / 04:23:16 (100%) A-V:  0.000 ct: -2.001 Cache: 18s/13MB
AV: 04:22:57 / 04:23:16 (100%) A-V:  0.000 ct: -2.001 Cache: 18s/13MB
AV: 04:22:57 / 04:23:16 (100%) A-V:  0.000 ct: -2.001 Cache: 17s/13MB
AV: 04:22:58 / 04:23:16 (100%) A-V:  0.000 ct: -2.001 Cache: 17s/13MB
AV: 04:22:58 / 04:23:16 (100%) A-V:  0.000 ct: -2.001 Cache: 17s/12MB
AV: 04:22:58 / 04:23:16 (100%) A-V:  0.000 ct: -2.001 Cache: 16s/12MB
AV: 04:22:59 / 04:23:16 (100%) A-V:  0.000 ct: -2.001 Cache: 16s/12MB
AV: 04:22:59 / 04:23:16 (100%) A-V:  0.000 ct: -2.001 Cache: 16s/11MB
AV: 04:22:59 / 04:23:16 (100%) A-V:  0.000 ct: -2.001 Cache: 15s/11MB
AV: 04:23:00 / 04:23:16 (100%) A-V:  0.000 ct: -2.001 Cache: 15s/11MB
AV: 04:23:00 / 04:23:16 (100%) A-V:  0.000 ct: -2.001 Cache: 14s/11MB
AV: 04:23:00 / 04:23:16 (100%) A-V:  0.000 ct: -2.001 Cache: 14s/10MB
AV: 04:23:01 / 04:23:16 (100%) A-V:  0.000 ct: -2.001 Cache: 14s/10MB
AV: 04:23:01 / 04:23:16 (100%) A-V:  0.000 ct: -2.001 Cache: 13s/10MB
AV: 04:23:01 / 04:23:16 (100%) A-V:  0.000 ct: -2.001 Cache: 13s/9MB
AV: 04:23:02 / 04:23:16 (100%) A-V:  0.000 ct: -2.001 Cache: 13s/9MB
AV: 04:23:02 / 04:23:22 (100%) A-V:  0.000 ct: -2.001 Cache: 19s/14MB
AV: 04:23:02 / 04:23:22 (100%) A-V:  0.000 ct: -2.001 Cache: 19s/13MB
AV: 04:23:02 / 04:23:22 (100%) A-V:  0.000 ct: -2.001 Cache: 18s/13MB
AV: 04:23:03 / 04:23:22 (100%) A-V:  0.000 ct: -2.001 Cache: 18s/13MB
AV: 04:23:03 / 04:23:22 (100%) A-V:  0.000 ct: -2.001 Cache: 17s/13MB
AV: 04:23:03 / 04:23:22 (100%) A-V:  0.000 ct: -2.001 Cache: 17s/12MB
AV: 04:23:04 / 04:23:22 (100%) A-V:  0.000 ct: -2.001 Cache: 17s/12MB
AV: 04:23:04 / 04:23:22 (100%) A-V:  0.000 ct: -2.001 Cache: 16s/12MB
AV: 04:23:05 / 04:23:22 (100%) A-V:  0.000 ct: -2.001 Cache: 16s/12MB
AV: 04:23:05 / 04:23:22 (100%) A-V:  0.000 ct: -2.001 Cache: 16s/11MB
AV: 04:23:05 / 04:23:22 (100%) A-V:  0.000 ct: -2.001 Cache: 15s/11MB
AV: 04:23:06 / 04:23:22 (100%) A-V:  0.000 ct: -2.001 Cache: 15s/11MB
AV: 04:23:06 / 04:23:22 (100%) A-V:  0.000 ct: -2.001 Cache: 15s/10MB
AV: 04:23:06 / 04:23:22 (100%) A-V:  0.000 ct: -2.001 Cache: 14s/10MB
AV: 04:23:07 / 04:23:22 (100%) A-V:  0.000 ct: -2.001 Cache: 14s/10MB
AV: 04:23:07 / 04:23:22 (100%) A-V:  0.000 ct: -2.001 Cache: 13s/9MB
AV: 04:23:08 / 04:23:22 (100%) A-V:  0.000 ct: -2.001 Cache: 13s/9MB
AV: 04:23:08 / 04:23:28 (100%) A-V:  0.000 ct: -2.001 Cache: 19s/13MB
AV: 04:23:08 / 04:23:34 (100%) A-V:  0.000 ct: -2.001 Cache: 25s/18MB
AV: 04:23:08 / 04:23:34 (100%) A-V:  0.000 ct: -2.001 Cache: 24s/17MB
AV: 04:23:09 / 04:23:34 (100%) A-V:  0.000 ct: -2.001 Cache: 24s/17MB
AV: 04:23:09 / 04:23:34 (100%) A-V:  0.000 ct: -2.001 Cache: 23s/17MB
AV: 04:23:10 / 04:23:34 (100%) A-V:  0.000 ct: -2.001 Cache: 23s/17MB
AV: 04:23:10 / 04:23:34 (100%) A-V:  0.000 ct: -2.001 Cache: 23s/16MB
AV: 04:23:10 / 04:23:34 (100%) A-V:  0.000 ct: -2.001 Cache: 22s/16MB
AV: 04:23:11 / 04:23:34 (100%) A-V:  0.000 ct: -2.001 Cache: 22s/16MB
AV: 04:23:11 / 04:23:34 (100%) A-V:  0.000 ct: -2.001 Cache: 21s/16MB
AV: 04:23:11 / 04:23:34 (100%) A-V:  0.000 ct: -2.001 Cache: 21s/15MB
AV: 04:23:12 / 04:23:34 (100%) A-V:  0.000 ct: -2.001 Cache: 21s/15MB
AV: 04:23:12 / 04:23:34 (100%) A-V:  0.000 ct: -2.001 Cache: 20s/15MB
AV: 04:23:13 / 04:23:34 (100%) A-V:  0.000 ct: -2.001 Cache: 20s/15MB
AV: 04:23:13 / 04:23:34 (100%) A-V:  0.000 ct: -2.001 Cache: 20s/14MB
AV: 04:23:13 / 04:23:34 (100%) A-V:  0.000 ct: -2.001 Cache: 19s/14MB
AV: 04:23:14 / 04:23:34 (100%) A-V:  0.000 ct: -2.001 Cache: 19s/14MB
AV: 04:23:14 / 04:23:34 (100%) A-V:  0.000 ct: -2.001 Cache: 19s/13MB
AV: 04:23:14 / 04:23:34 (100%) A-V:  0.000 ct: -2.001 Cache: 18s/13MB
AV: 04:23:15 / 04:23:34 (100%) A-V:  0.000 ct: -2.001 Cache: 18s/13MB
AV: 04:23:15 / 04:23:34 (100%) A-V:  0.000 ct: -2.001 Cache: 17s/13MB
AV: 04:23:15 / 04:23:34 (100%) A-V:  0.000 ct: -2.001 Cache: 17s/12MB
AV: 04:23:16 / 04:23:34 (100%) A-V:  0.000 ct: -2.001 Cache: 17s/12MB
AV: 04:23:16 / 04:23:34 (100%) A-V:  0.000 ct: -2.001 Cache: 16s/12MB
AV: 04:23:17 / 04:23:34 (100%) A-V:  0.000 ct: -2.001 Cache: 16s/12MB
AV: 04:23:17 / 04:23:34 (100%) A-V:  0.000 ct: -2.001 Cache: 16s/11MB
AV: 04:23:17 / 04:23:35 (100%) A-V:  0.000 ct: -2.001 Cache: 17s/12MB
AV: 04:23:17 / 04:23:40 (100%) A-V:  0.000 ct: -2.001 Cache: 22s/16MB
AV: 04:23:17 / 04:23:40 (100%) A-V:  0.000 ct: -2.001 Cache: 21s/16MB
AV: 04:23:17 / 04:23:40 (100%) A-V:  0.000 ct: -2.001 Cache: 21s/15MB
AV: 04:23:18 / 04:23:40 (100%) A-V:  0.000 ct: -2.001 Cache: 21s/15MB
AV: 04:23:18 / 04:23:40 (100%) A-V:  0.000 ct: -2.001 Cache: 20s/15MB
AV: 04:23:19 / 04:23:40 (100%) A-V:  0.000 ct: -2.001 Cache: 20s/15MB
AV: 04:23:19 / 04:23:40 (100%) A-V:  0.000 ct: -2.001 Cache: 20s/14MB
AV: 04:23:19 / 04:23:40 (100%) A-V:  0.000 ct: -2.001 Cache: 19s/14MB
AV: 04:23:20 / 04:23:40 (100%) A-V:  0.000 ct: -2.001 Cache: 19s/14MB
AV: 04:23:20 / 04:23:40 (100%) A-V:  0.000 ct: -2.001 Cache: 19s/13MB
AV: 04:23:20 / 04:23:40 (100%) A-V:  0.000 ct: -2.001 Cache: 18s/13MB
AV: 04:23:21 / 04:23:40 (100%) A-V:  0.000 ct: -2.001 Cache: 18s/13MB
AV: 04:23:21 / 04:23:40 (100%) A-V:  0.000 ct: -2.001 Cache: 17s/13MB
AV: 04:23:21 / 04:23:40 (100%) A-V:  0.000 ct: -2.001 Cache: 17s/12MB
AV: 04:23:22 / 04:23:40 (100%) A-V:  0.000 ct: -2.001 Cache: 17s/12MB
AV: 04:23:22 / 04:23:40 (100%) A-V:  0.000 ct: -2.001 Cache: 16s/12MB
AV: 04:23:23 / 04:23:40 (100%) A-V:  0.000 ct: -2.001 Cache: 16s/12MB
AV: 04:23:23 / 04:23:40 (100%) A-V:  0.000 ct: -2.001 Cache: 16s/11MB
AV: 04:23:23 / 04:23:46 (100%) A-V:  0.000 ct: -2.001 Cache: 22s/15MB
AV: 04:23:23 / 04:23:46 (100%) A-V:  0.000 ct: -2.001 Cache: 21s/15MB
AV: 04:23:24 / 04:23:46 (100%) A-V:  0.000 ct: -2.001 Cache: 21s/15MB
AV: 04:23:24 / 04:23:46 (100%) A-V:  0.000 ct: -2.001 Cache: 20s/15MB
AV: 04:23:24 / 04:23:46 (100%) A-V:  0.000 ct: -2.001 Cache: 20s/14MB
AV: 04:23:25 / 04:23:46 (100%) A-V:  0.000 ct: -2.001 Cache: 20s/14MB
AV: 04:23:25 / 04:23:46 (100%) A-V:  0.000 ct: -2.001 Cache: 19s/14MB
AV: 04:23:26 / 04:23:46 (100%) A-V:  0.000 ct: -2.001 Cache: 19s/14MB
AV: 04:23:26 / 04:23:46 (100%) A-V:  0.000 ct: -2.001 Cache: 19s/13MB
AV: 04:23:26 / 04:23:46 (100%) A-V:  0.000 ct: -2.001 Cache: 18s/13MB
AV: 04:23:27 / 04:23:46 (100%) A-V:  0.000 ct: -2.001 Cache: 18s/13MB
AV: 04:23:27 / 04:23:46 (100%) A-V:  0.000 ct: -2.001 Cache: 17s/13MB
AV: 04:23:27 / 04:23:46 (100%) A-V:  0.000 ct: -2.001 Cache: 17s/12MB
AV: 04:23:28 / 04:23:46 (100%) A-V:  0.000 ct: -2.001 Cache: 17s/12MB
AV: 04:23:28 / 04:23:46 (100%) A-V:  0.000 ct: -2.001 Cache: 16s/12MB
AV: 04:23:29 / 04:23:46 (100%) A-V:  0.000 ct: -2.001 Cache: 16s/11MB
AV: 04:23:29 / 04:23:46 (100%) A-V:  0.000 ct: -2.001 Cache: 15s/11MB
AV: 04:23:29 / 04:23:52 (100%) A-V:  0.000 ct: -2.001 Cache: 21s/15MB
AV: 04:23:30 / 04:23:52 (100%) A-V:  0.000 ct: -2.001 Cache: 21s/15MB
AV: 04:23:30 / 04:23:52 (100%) A-V:  0.000 ct: -2.001 Cache: 20s/15MB
AV: 04:23:31 / 04:23:52 (100%) A-V:  0.000 ct: -2.001 Cache: 20s/15MB
AV: 04:23:31 / 04:23:52 (100%) A-V:  0.000 ct: -2.001 Cache: 20s/14MB
AV: 04:23:31 / 04:23:52 (100%) A-V:  0.000 ct: -2.001 Cache: 19s/14MB
AV: 04:23:32 / 04:23:52 (100%) A-V:  0.000 ct: -2.001 Cache: 19s/14MB
AV: 04:23:32 / 04:23:52 (100%) A-V:  0.000 ct: -2.001 Cache: 19s/13MB
AV: 04:23:32 / 04:23:52 (100%) A-V:  0.000 ct: -2.001 Cache: 18s/13MB
AV: 04:23:33 / 04:23:52 (100%) A-V:  0.000 ct: -2.001 Cache: 18s/13MB
AV: 04:23:33 / 04:23:52 (100%) A-V:  0.000 ct: -2.001 Cache: 17s/13MB
AV: 04:23:33 / 04:23:52 (100%) A-V:  0.000 ct: -2.001 Cache: 17s/12MB
AV: 04:23:34 / 04:23:52 (100%) A-V:  0.000 ct: -2.001 Cache: 17s/12MB
AV: 04:23:34 / 04:23:52 (100%) A-V:  0.000 ct: -2.001 Cache: 16s/12MB
AV: 04:23:35 / 04:23:52 (100%) A-V:  0.000 ct: -2.001 Cache: 16s/12MB
AV: 04:23:35 / 04:23:52 (100%) A-V:  0.000 ct: -2.001 Cache: 16s/11MB
AV: 04:23:35 / 04:23:52 (100%) A-V:  0.000 ct: -2.001 Cache: 15s/11MB
AV: 04:23:36 / 04:23:52 (100%) A-V:  0.000 ct: -2.001 Cache: 15s/11MB
AV: 04:23:36 / 04:23:58 (100%) A-V:  0.000 ct: -2.001 Cache: 21s/15MB
AV: 04:23:36 / 04:23:58 (100%) A-V:  0.000 ct: -2.001 Cache: 21s/14MB
AV: 04:23:36 / 04:23:58 (100%) A-V:  0.000 ct: -2.001 Cache: 20s/14MB
AV: 04:23:37 / 04:23:58 (100%) A-V:  0.000 ct: -2.001 Cache: 20s/14MB
AV: 04:23:37 / 04:23:58 (100%) A-V:  0.000 ct: -2.001 Cache: 19s/14MB
AV: 04:23:37 / 04:23:58 (100%) A-V:  0.000 ct: -2.001 Cache: 19s/13MB
AV: 04:23:38 / 04:23:58 (100%) A-V:  0.000 ct: -2.001 Cache: 19s/13MB
AV: 04:23:38 / 04:23:58 (100%) A-V:  0.000 ct: -2.001 Cache: 18s/13MB
AV: 04:23:39 / 04:23:58 (100%) A-V:  0.000 ct: -2.001 Cache: 18s/13MB
AV: 04:23:39 / 04:23:58 (100%) A-V:  0.000 ct: -2.001 Cache: 18s/12MB
AV: 04:23:39 / 04:23:58 (100%) A-V:  0.000 ct: -2.001 Cache: 17s/12MB
AV: 04:23:40 / 04:23:58 (100%) A-V:  0.000 ct: -2.001 Cache: 17s/12MB
AV: 04:23:40 / 04:23:58 (100%) A-V:  0.000 ct: -2.001 Cache: 17s/11MB
AV: 04:23:40 / 04:23:58 (100%) A-V:  0.000 ct: -2.001 Cache: 16s/11MB
AV: 04:23:41 / 04:23:58 (100%) A-V:  0.000 ct: -2.001 Cache: 16s/11MB
AV: 04:23:41 / 04:23:58 (100%) A-V:  0.000 ct: -2.001 Cache: 15s/11MB
AV: 04:23:42 / 04:23:58 (100%) A-V:  0.000 ct: -2.001 Cache: 15s/11MB
AV: 04:23:42 / 04:24:04 (100%) A-V:  0.000 ct: -2.001 Cache: 21s/15MB
AV: 04:23:42 / 04:24:04 (100%) A-V:  0.000 ct: -2.001 Cache: 20s/15MB
AV: 04:23:43 / 04:24:04 (100%) A-V:  0.000 ct: -2.001 Cache: 20s/15MB
AV: 04:23:43 / 04:24:04 (100%) A-V:  0.000 ct: -2.001 Cache: 20s/14MB
AV: 04:23:43 / 04:24:04 (100%) A-V:  0.000 ct: -2.001 Cache: 19s/14MB
AV: 04:23:44 / 04:24:04 (100%) A-V:  0.000 ct: -2.001 Cache: 19s/14MB
AV: 04:23:44 / 04:24:04 (100%) A-V:  0.000 ct: -2.001 Cache: 19s/13MB
AV: 04:23:44 / 04:24:04 (100%) A-V:  0.000 ct: -2.001 Cache: 18s/13MB
AV: 04:23:45 / 04:24:04 (100%) A-V:  0.000 ct: -2.001 Cache: 18s/13MB
AV: 04:23:45 / 04:24:04 (100%) A-V:  0.000 ct: -2.001 Cache: 17s/13MB
AV: 04:23:45 / 04:24:04 (100%) A-V:  0.000 ct: -2.001 Cache: 17s/12MB
AV: 04:23:46 / 04:24:04 (100%) A-V:  0.000 ct: -2.001 Cache: 17s/12MB
AV: 04:23:46 / 04:24:04 (100%) A-V:  0.000 ct: -2.001 Cache: 16s/12MB
AV: 04:23:47 / 04:24:04 (100%) A-V:  0.000 ct: -2.001 Cache: 16s/12MB
AV: 04:23:47 / 04:24:04 (100%) A-V:  0.000 ct: -2.001 Cache: 16s/11MB
AV: 04:23:47 / 04:24:04 (100%) A-V:  0.000 ct: -2.001 Cache: 15s/11MB
AV: 04:23:48 / 04:24:04 (100%) A-V:  0.000 ct: -2.001 Cache: 15s/11MB
AV: 04:23:48 / 04:24:07 (100%) A-V:  0.000 ct: -2.001 Cache: 19s/13MB
AV: 04:23:48 / 04:24:10 (100%) A-V:  0.000 ct: -2.001 Cache: 21s/15MB
AV: 04:23:48 / 04:24:10 (100%) A-V:  0.000 ct: -2.001 Cache: 20s/15MB
AV: 04:23:49 / 04:24:10 (100%) A-V:  0.000 ct: -2.001 Cache: 20s/15MB
AV: 04:23:49 / 04:24:10 (100%) A-V:  0.000 ct: -2.001 Cache: 20s/14MB
AV: 04:23:49 / 04:24:10 (100%) A-V:  0.000 ct: -2.001 Cache: 19s/14MB
AV: 04:23:50 / 04:24:10 (100%) A-V:  0.000 ct: -2.001 Cache: 19s/14MB
AV: 04:23:50 / 04:24:10 (100%) A-V:  0.000 ct: -2.001 Cache: 19s/13MB
AV: 04:23:50 / 04:24:10 (100%) A-V:  0.000 ct: -2.001 Cache: 18s/13MB
AV: 04:23:51 / 04:24:10 (100%) A-V:  0.000 ct: -2.001 Cache: 18s/13MB
AV: 04:23:51 / 04:24:10 (100%) A-V:  0.000 ct: -2.001 Cache: 17s/12MB
AV: 04:23:52 / 04:24:10 (100%) A-V:  0.000 ct: -2.001 Cache: 17s/12MB
AV: 04:23:52 / 04:24:10 (100%) A-V:  0.000 ct: -2.001 Cache: 16s/12MB
AV: 04:23:53 / 04:24:10 (100%) A-V:  0.000 ct: -2.001 Cache: 16s/12MB
AV: 04:23:53 / 04:24:10 (100%) A-V:  0.000 ct: -2.001 Cache: 16s/11MB
AV: 04:23:53 / 04:24:10 (100%) A-V:  0.000 ct: -2.001 Cache: 15s/11MB
AV: 04:23:54 / 04:24:10 (100%) A-V:  0.000 ct: -2.001 Cache: 15s/11MB
AV: 04:23:54 / 04:24:16 (100%) A-V:  0.000 ct: -2.001 Cache: 21s/15MB
AV: 04:23:54 / 04:24:16 (100%) A-V:  0.000 ct: -2.001 Cache: 20s/15MB
AV: 04:23:55 / 04:24:16 (100%) A-V:  0.000 ct: -2.001 Cache: 20s/15MB
AV: 04:23:55 / 04:24:16 (100%) A-V:  0.000 ct: -2.001 Cache: 20s/14MB
AV: 04:23:55 / 04:24:16 (100%) A-V:  0.000 ct: -2.001 Cache: 19s/14MB
AV: 04:23:56 / 04:24:16 (100%) A-V:  0.000 ct: -2.001 Cache: 19s/14MB
AV: 04:23:56 / 04:24:16 (100%) A-V:  0.000 ct: -2.001 Cache: 19s/13MB
AV: 04:23:56 / 04:24:16 (100%) A-V:  0.000 ct: -2.001 Cache: 18s/13MB
AV: 04:23:57 / 04:24:16 (100%) A-V:  0.000 ct: -2.001 Cache: 18s/13MB
AV: 04:23:57 / 04:24:16 (100%) A-V:  0.000 ct: -2.001 Cache: 17s/13MB
AV: 04:23:57 / 04:24:16 (100%) A-V:  0.000 ct: -2.001 Cache: 17s/12MB
AV: 04:23:58 / 04:24:16 (100%) A-V:  0.000 ct: -2.001 Cache: 17s/12MB
AV: 04:23:58 / 04:24:16 (100%) A-V:  0.000 ct: -2.001 Cache: 16s/12MB
AV: 04:23:59 / 04:24:16 (100%) A-V:  0.000 ct: -2.001 Cache: 16s/12MB
AV: 04:23:59 / 04:24:16 (100%) A-V:  0.000 ct: -2.001 Cache: 16s/11MB
AV: 04:23:59 / 04:24:16 (100%) A-V:  0.000 ct: -2.001 Cache: 15s/11MB
AV: 04:24:00 / 04:24:16 (100%) A-V:  0.000 ct: -2.001 Cache: 15s/11MB
AV: 04:24:00 / 04:24:16 (100%) A-V:  0.000 ct: -2.001 Cache: 15s/10MB
AV: 04:24:00 / 04:24:16 (100%) A-V:  0.000 ct: -2.001 Cache: 14s/10MB
AV: 04:24:00 / 04:24:22 (100%) A-V:  0.000 ct: -2.001 Cache: 20s/15MB
AV: 04:24:01 / 04:24:22 (100%) A-V:  0.000 ct: -2.001 Cache: 20s/15MB
AV: 04:24:01 / 04:24:22 (100%) A-V:  0.000 ct: -2.001 Cache: 20s/14MB
AV: 04:24:01 / 04:24:22 (100%) A-V:  0.000 ct: -2.001 Cache: 19s/14MB
AV: 04:24:02 / 04:24:22 (100%) A-V:  0.000 ct: -2.001 Cache: 19s/14MB
AV: 04:24:02 / 04:24:22 (100%) A-V:  0.000 ct: -2.001 Cache: 19s/13MB
AV: 04:24:02 / 04:24:22 (100%) A-V:  0.000 ct: -2.001 Cache: 18s/13MB
AV: 04:24:03 / 04:24:22 (100%) A-V:  0.000 ct: -2.001 Cache: 18s/13MB
AV: 04:24:03 / 04:24:22 (100%) A-V:  0.000 ct: -2.001 Cache: 17s/13MB
AV: 04:24:03 / 04:24:22 (100%) A-V:  0.000 ct: -2.001 Cache: 17s/12MB
AV: 04:24:04 / 04:24:22 (100%) A-V:  0.000 ct: -2.001 Cache: 17s/12MB
AV: 04:24:04 / 04:24:22 (100%) A-V:  0.000 ct: -2.001 Cache: 16s/12MB
AV: 04:24:05 / 04:24:22 (100%) A-V:  0.000 ct: -2.001 Cache: 16s/12MB
AV: 04:24:05 / 04:24:22 (100%) A-V:  0.000 ct: -2.001 Cache: 16s/11MB
AV: 04:24:05 / 04:24:22 (100%) A-V:  0.000 ct: -2.001 Cache: 15s/11MB
AV: 04:24:06 / 04:24:22 (100%) A-V:  0.000 ct: -2.001 Cache: 15s/11MB
AV: 04:24:06 / 04:24:22 (100%) A-V:  0.000 ct: -2.001 Cache: 14s/11MB
AV: 04:24:06 / 04:24:24 (100%) A-V:  0.000 ct: -2.001 Cache: 17s/12MB
AV: 04:24:06 / 04:24:27 (100%) A-V:  0.000 ct: -2.001 Cache: 20s/14MB
AV: 04:24:07 / 04:24:27 (100%) A-V:  0.000 ct: -2.001 Cache: 20s/14MB
AV: 04:24:07 / 04:24:27 (100%) A-V:  0.000 ct: -2.001 Cache: 19s/14MB
AV: 04:24:08 / 04:24:27 (100%) A-V:  0.000 ct: -2.001 Cache: 19s/14MB
AV: 04:24:08 / 04:24:27 (100%) A-V:  0.000 ct: -2.001 Cache: 19s/13MB
AV: 04:24:08 / 04:24:27 (100%) A-V:  0.000 ct: -2.001 Cache: 18s/13MB
AV: 04:24:09 / 04:24:27 (100%) A-V:  0.000 ct: -2.001 Cache: 18s/13MB
AV: 04:24:09 / 04:24:27 (100%) A-V:  0.000 ct: -2.001 Cache: 17s/13MB
AV: 04:24:09 / 04:24:27 (100%) A-V:  0.000 ct: -2.001 Cache: 17s/12MB
AV: 04:24:10 / 04:24:27 (100%) A-V:  0.000 ct: -2.001 Cache: 17s/12MB
AV: 04:24:10 / 04:24:27 (100%) A-V:  0.000 ct: -2.001 Cache: 16s/12MB
AV: 04:24:10 / 04:24:27 (100%) A-V:  0.000 ct: -2.001 Cache: 16s/11MB
AV: 04:24:11 / 04:24:27 (100%) A-V:  0.000 ct: -2.001 Cache: 16s/11MB
AV: 04:24:11 / 04:24:27 (100%) A-V:  0.000 ct: -2.001 Cache: 15s/11MB
AV: 04:24:12 / 04:24:27 (100%) A-V:  0.000 ct: -2.001 Cache: 15s/11MB
AV: 04:24:12 / 04:24:27 (100%) A-V:  0.000 ct: -2.001 Cache: 14s/11MB
AV: 04:24:12 / 04:24:27 (100%) A-V:  0.000 ct: -2.001 Cache: 14s/10MB
AV: 04:24:12 / 04:24:31 (100%) A-V:  0.000 ct: -2.001 Cache: 18s/13MB
AV: 04:24:12 / 04:24:33 (100%) A-V:  0.000 ct: -2.001 Cache: 20s/15MB
AV: 04:24:13 / 04:24:33 (100%) A-V:  0.000 ct: -2.001 Cache: 20s/14MB
AV: 04:24:13 / 04:24:33 (100%) A-V:  0.000 ct: -2.001 Cache: 19s/14MB
AV: 04:24:14 / 04:24:33 (100%) A-V:  0.000 ct: -2.001 Cache: 19s/14MB
AV: 04:24:14 / 04:24:33 (100%) A-V:  0.000 ct: -2.001 Cache: 19s/13MB
AV: 04:24:14 / 04:24:33 (100%) A-V:  0.000 ct: -2.001 Cache: 18s/13MB
AV: 04:24:15 / 04:24:33 (100%) A-V:  0.000 ct: -2.001 Cache: 18s/13MB
AV: 04:24:15 / 04:24:33 (100%) A-V:  0.000 ct: -2.001 Cache: 17s/13MB
AV: 04:24:15 / 04:24:33 (100%) A-V:  0.000 ct: -2.001 Cache: 17s/12MB
AV: 04:24:16 / 04:24:33 (100%) A-V:  0.000 ct: -2.001 Cache: 17s/12MB
AV: 04:24:16 / 04:24:33 (100%) A-V:  0.000 ct: -2.001 Cache: 16s/12MB
AV: 04:24:17 / 04:24:33 (100%) A-V:  0.000 ct: -2.001 Cache: 16s/12MB
AV: 04:24:17 / 04:24:33 (100%) A-V:  0.000 ct: -2.001 Cache: 16s/11MB
AV: 04:24:17 / 04:24:33 (100%) A-V:  0.000 ct: -2.001 Cache: 15s/11MB
AV: 04:24:18 / 04:24:33 (100%) A-V:  0.000 ct: -2.001 Cache: 15s/11MB
AV: 04:24:18 / 04:24:33 (100%) A-V:  0.000 ct: -2.001 Cache: 15s/10MB
AV: 04:24:18 / 04:24:33 (100%) A-V:  0.000 ct: -2.001 Cache: 14s/10MB
AV: 04:24:19 / 04:24:33 (100%) A-V:  0.000 ct: -2.001 Cache: 14s/10MB
AV: 04:24:19 / 04:24:40 (100%) A-V:  0.000 ct: -2.001 Cache: 20s/14MB
AV: 04:24:19 / 04:24:40 (100%) A-V:  0.000 ct: -2.001 Cache: 19s/14MB
AV: 04:24:20 / 04:24:40 (100%) A-V:  0.000 ct: -2.001 Cache: 19s/14MB
AV: 04:24:20 / 04:24:40 (100%) A-V:  0.000 ct: -2.001 Cache: 19s/13MB
AV: 04:24:20 / 04:24:40 (100%) A-V:  0.000 ct: -2.001 Cache: 18s/13MB
AV: 04:24:21 / 04:24:40 (100%) A-V:  0.000 ct: -2.001 Cache: 18s/13MB
AV: 04:24:21 / 04:24:40 (100%) A-V:  0.000 ct: -2.001 Cache: 18s/12MB
AV: 04:24:21 / 04:24:40 (100%) A-V:  0.000 ct: -2.001 Cache: 17s/12MB
AV: 04:24:22 / 04:24:40 (100%) A-V:  0.000 ct: -2.001 Cache: 17s/12MB
AV: 04:24:22 / 04:24:40 (100%) A-V:  0.000 ct: -2.001 Cache: 16s/12MB
AV: 04:24:23 / 04:24:40 (100%) A-V:  0.000 ct: -2.001 Cache: 16s/12MB
AV: 04:24:23 / 04:24:40 (100%) A-V:  0.000 ct: -2.001 Cache: 16s/11MB
AV: 04:24:23 / 04:24:40 (100%) A-V:  0.000 ct: -2.001 Cache: 15s/11MB
AV: 04:24:24 / 04:24:40 (100%) A-V:  0.000 ct: -2.001 Cache: 15s/11MB
AV: 04:24:24 / 04:24:40 (100%) A-V:  0.000 ct: -2.001 Cache: 15s/10MB
AV: 04:24:24 / 04:24:40 (100%) A-V:  0.000 ct: -2.001 Cache: 14s/10MB
AV: 04:24:25 / 04:24:40 (100%) A-V:  0.000 ct: -2.001 Cache: 14s/10MB
AV: 04:24:25 / 04:24:45 (100%) A-V:  0.000 ct: -2.001 Cache: 19s/14MB
AV: 04:24:26 / 04:24:45 (100%) A-V:  0.000 ct: -2.001 Cache: 19s/14MB
AV: 04:24:26 / 04:24:45 (100%) A-V:  0.000 ct: -2.001 Cache: 19s/13MB
AV: 04:24:26 / 04:24:45 (100%) A-V:  0.000 ct: -2.001 Cache: 18s/13MB
AV: 04:24:27 / 04:24:45 (100%) A-V:  0.000 ct: -2.001 Cache: 18s/13MB
AV: 04:24:27 / 04:24:45 (100%) A-V:  0.000 ct: -2.001 Cache: 17s/13MB
AV: 04:24:27 / 04:24:45 (100%) A-V:  0.000 ct: -2.001 Cache: 17s/12MB
AV: 04:24:28 / 04:24:45 (100%) A-V:  0.000 ct: -2.001 Cache: 17s/12MB
AV: 04:24:28 / 04:24:45 (100%) A-V:  0.000 ct: -2.001 Cache: 16s/12MB
AV: 04:24:29 / 04:24:45 (100%) A-V:  0.000 ct: -2.001 Cache: 16s/11MB
AV: 04:24:29 / 04:24:45 (100%) A-V:  0.000 ct: -2.001 Cache: 15s/11MB
AV: 04:24:30 / 04:24:45 (100%) A-V:  0.000 ct: -2.001 Cache: 15s/11MB
AV: 04:24:30 / 04:24:45 (100%) A-V:  0.000 ct: -2.001 Cache: 15s/10MB
AV: 04:24:30 / 04:24:45 (100%) A-V:  0.000 ct: -2.001 Cache: 14s/10MB
AV: 04:24:31 / 04:24:45 (100%) A-V:  0.000 ct: -2.001 Cache: 14s/10MB
AV: 04:24:31 / 04:24:52 (100%) A-V:  0.000 ct: -2.001 Cache: 20s/14MB
AV: 04:24:31 / 04:24:52 (100%) A-V:  0.000 ct: -2.001 Cache: 19s/14MB
AV: 04:24:32 / 04:24:52 (100%) A-V:  0.000 ct: -2.001 Cache: 19s/14MB
AV: 04:24:32 / 04:24:52 (100%) A-V:  0.000 ct: -2.001 Cache: 19s/13MB
AV: 04:24:32 / 04:24:52 (100%) A-V:  0.000 ct: -2.001 Cache: 18s/13MB
AV: 04:24:33 / 04:24:52 (100%) A-V:  0.000 ct: -2.001 Cache: 18s/13MB
AV: 04:24:33 / 04:24:52 (100%) A-V:  0.000 ct: -2.001 Cache: 18s/12MB
AV: 04:24:33 / 04:24:52 (100%) A-V:  0.000 ct: -2.001 Cache: 17s/12MB
AV: 04:24:34 / 04:24:52 (100%) A-V:  0.000 ct: -2.001 Cache: 17s/12MB
AV: 04:24:34 / 04:24:52 (100%) A-V:  0.000 ct: -2.001 Cache: 16s/12MB
AV: 04:24:35 / 04:24:52 (100%) A-V:  0.000 ct: -2.001 Cache: 16s/12MB
AV: 04:24:35 / 04:24:52 (100%) A-V:  0.000 ct: -2.001 Cache: 16s/11MB
AV: 04:24:35 / 04:24:52 (100%) A-V:  0.000 ct: -2.001 Cache: 15s/11MB
AV: 04:24:36 / 04:24:52 (100%) A-V:  0.000 ct: -2.001 Cache: 15s/11MB
AV: 04:24:36 / 04:24:52 (100%) A-V:  0.000 ct: -2.001 Cache: 14s/10MB
AV: 04:24:37 / 04:24:52 (100%) A-V:  0.000 ct: -2.001 Cache: 14s/10MB
AV: 04:24:37 / 04:24:52 (100%) A-V:  0.000 ct: -2.001 Cache: 13s/10MB
AV: 04:24:37 / 04:24:52 (100%) A-V:  0.000 ct: -2.001 Cache: 13s/9MB
AV: 04:24:37 / 04:24:58 (100%) A-V:  0.000 ct: -2.001 Cache: 19s/14MB
AV: 04:24:38 / 04:24:58 (100%) A-V:  0.000 ct: -2.001 Cache: 19s/14MB
AV: 04:24:38 / 04:24:58 (100%) A-V:  0.000 ct: -2.001 Cache: 19s/13MB
AV: 04:24:38 / 04:24:58 (100%) A-V:  0.000 ct: -2.001 Cache: 18s/13MB
AV: 04:24:39 / 04:24:58 (100%) A-V:  0.000 ct: -2.001 Cache: 18s/13MB
AV: 04:24:39 / 04:24:58 (100%) A-V:  0.000 ct: -2.001 Cache: 17s/13MB
AV: 04:24:39 / 04:24:58 (100%) A-V:  0.000 ct: -2.001 Cache: 17s/12MB
AV: 04:24:40 / 04:24:58 (100%) A-V:  0.000 ct: -2.001 Cache: 17s/12MB
AV: 04:24:40 / 04:24:58 (100%) A-V:  0.000 ct: -2.001 Cache: 16s/12MB
AV: 04:24:41 / 04:24:58 (100%) A-V:  0.000 ct: -2.001 Cache: 16s/12MB
AV: 04:24:41 / 04:24:58 (100%) A-V:  0.000 ct: -2.001 Cache: 16s/11MB
AV: 04:24:41 / 04:24:58 (100%) A-V:  0.000 ct: -2.001 Cache: 15s/11MB
AV: 04:24:42 / 04:24:58 (100%) A-V:  0.000 ct: -2.001 Cache: 15s/11MB
AV: 04:24:42 / 04:24:58 (100%) A-V:  0.000 ct: -2.001 Cache: 15s/10MB
AV: 04:24:42 / 04:24:58 (100%) A-V:  0.000 ct: -2.001 Cache: 14s/10MB
AV: 04:24:43 / 04:24:58 (100%) A-V:  0.000 ct: -2.001 Cache: 14s/10MB
AV: 04:24:43 / 04:24:58 (100%) A-V:  0.000 ct: -2.001 Cache: 13s/10MB
AV: 04:24:43 / 04:24:58 (100%) A-V:  0.000 ct: -2.001 Cache: 13s/9MB
AV: 04:24:43 / 04:25:04 (100%) A-V:  0.000 ct: -2.001 Cache: 19s/14MB
AV: 04:24:44 / 04:25:04 (100%) A-V:  0.000 ct: -2.001 Cache: 19s/14MB
AV: 04:24:44 / 04:25:04 (100%) A-V:  0.000 ct: -2.001 Cache: 19s/13MB
AV: 04:24:44 / 04:25:09 (100%) A-V:  0.000 ct: -2.001 Cache: 24s/17MB
AV: 04:24:44 / 04:25:09 (100%) A-V:  0.000 ct: -2.001 Cache: 23s/17MB
AV: 04:24:45 / 04:25:09 (100%) A-V:  0.000 ct: -2.001 Cache: 23s/17MB
AV: 04:24:45 / 04:25:09 (100%) A-V:  0.000 ct: -2.001 Cache: 23s/16MB
AV: 04:24:45 / 04:25:09 (100%) A-V:  0.000 ct: -2.001 Cache: 22s/16MB
AV: 04:24:46 / 04:25:09 (100%) A-V:  0.000 ct: -2.001 Cache: 22s/16MB
AV: 04:24:46 / 04:25:09 (100%) A-V:  0.000 ct: -2.001 Cache: 21s/16MB
AV: 04:24:47 / 04:25:09 (100%) A-V:  0.000 ct: -2.001 Cache: 21s/16MB
AV: 04:24:47 / 04:25:09 (100%) A-V:  0.000 ct: -2.001 Cache: 21s/15MB
AV: 04:24:47 / 04:25:09 (100%) A-V:  0.000 ct: -2.001 Cache: 20s/15MB
AV: 04:24:48 / 04:25:09 (100%) A-V:  0.000 ct: -2.001 Cache: 20s/15MB
AV: 04:24:48 / 04:25:09 (100%) A-V:  0.000 ct: -2.001 Cache: 20s/14MB
AV: 04:24:48 / 04:25:09 (100%) A-V:  0.000 ct: -2.001 Cache: 19s/14MB
AV: 04:24:49 / 04:25:09 (100%) A-V:  0.000 ct: -2.001 Cache: 19s/14MB
AV: 04:24:49 / 04:25:09 (100%) A-V:  0.000 ct: -2.001 Cache: 19s/13MB
AV: 04:24:49 / 04:25:09 (100%) A-V:  0.000 ct: -2.001 Cache: 18s/13MB
AV: 04:24:50 / 04:25:09 (100%) A-V:  0.000 ct: -2.001 Cache: 18s/13MB
AV: 04:24:50 / 04:25:09 (100%) A-V:  0.000 ct: -2.001 Cache: 17s/13MB
AV: 04:24:51 / 04:25:09 (100%) A-V:  0.000 ct: -2.001 Cache: 17s/13MB
AV: 04:24:51 / 04:25:09 (100%) A-V:  0.000 ct: -2.001 Cache: 17s/12MB
AV: 04:24:51 / 04:25:09 (100%) A-V:  0.000 ct: -2.001 Cache: 16s/12MB
AV: 04:24:52 / 04:25:09 (100%) A-V:  0.000 ct: -2.001 Cache: 16s/12MB
AV: 04:24:52 / 04:25:09 (100%) A-V:  0.000 ct: -2.001 Cache: 16s/11MB
AV: 04:24:52 / 04:25:10 (100%) A-V:  0.000 ct: -2.001 Cache: 17s/12MB
AV: 04:24:52 / 04:25:16 (100%) A-V:  0.000 ct: -2.001 Cache: 22s/16MB
AV: 04:24:53 / 04:25:16 (100%) A-V:  0.000 ct: -2.001 Cache: 22s/16MB
AV: 04:24:53 / 04:25:16 (100%) A-V:  0.000 ct: -2.001 Cache: 22s/15MB
AV: 04:24:53 / 04:25:16 (100%) A-V:  0.000 ct: -2.001 Cache: 21s/15MB
AV: 04:24:54 / 04:25:16 (100%) A-V:  0.000 ct: -2.001 Cache: 21s/15MB
AV: 04:24:54 / 04:25:16 (100%) A-V:  0.000 ct: -2.001 Cache: 20s/15MB
AV: 04:24:54 / 04:25:16 (100%) A-V:  0.000 ct: -2.001 Cache: 20s/14MB
AV: 04:24:55 / 04:25:16 (100%) A-V:  0.000 ct: -2.001 Cache: 20s/14MB
AV: 04:24:55 / 04:25:16 (100%) A-V:  0.000 ct: -2.001 Cache: 19s/14MB
AV: 04:24:56 / 04:25:16 (100%) A-V:  0.000 ct: -2.001 Cache: 19s/14MB
AV: 04:24:56 / 04:25:16 (100%) A-V:  0.000 ct: -2.001 Cache: 19s/13MB
AV: 04:24:56 / 04:25:16 (100%) A-V:  0.000 ct: -2.001 Cache: 18s/13MB
AV: 04:24:57 / 04:25:16 (100%) A-V:  0.000 ct: -2.001 Cache: 18s/13MB
AV: 04:24:57 / 04:25:16 (100%) A-V:  0.000 ct: -2.001 Cache: 17s/13MB
AV: 04:24:57 / 04:25:16 (100%) A-V:  0.000 ct: -2.001 Cache: 17s/12MB
AV: 04:24:58 / 04:25:16 (100%) A-V:  0.000 ct: -2.001 Cache: 17s/12MB
AV: 04:24:58 / 04:25:16 (100%) A-V:  0.000 ct: -2.001 Cache: 16s/12MB
AV: 04:24:59 / 04:25:16 (100%) A-V:  0.000 ct: -2.001 Cache: 16s/12MB
AV: 04:24:59 / 04:25:16 (100%) A-V:  0.000 ct: -2.001 Cache: 16s/11MB
AV: 04:24:59 / 04:25:16 (100%) A-V:  0.000 ct: -2.001 Cache: 15s/11MB
AV: 04:24:59 / 04:25:16 (100%) A-V:  0.000 ct: -2.001 Cache: 16s/11MB
AV: 04:24:59 / 04:25:21 (100%) A-V:  0.000 ct: -2.001 Cache: 21s/15MB
AV: 04:25:00 / 04:25:21 (100%) A-V:  0.000 ct: -2.001 Cache: 21s/15MB
AV: 04:25:00 / 04:25:21 (100%) A-V:  0.000 ct: -2.001 Cache: 20s/15MB
AV: 04:25:00 / 04:25:21 (100%) A-V:  0.000 ct: -2.001 Cache: 20s/14MB
AV: 04:25:01 / 04:25:21 (100%) A-V:  0.000 ct: -2.001 Cache: 20s/14MB
AV: 04:25:01 / 04:25:21 (100%) A-V:  0.000 ct: -2.001 Cache: 19s/14MB
AV: 04:25:01 / 04:25:21 (100%) A-V:  0.000 ct: -2.001 Cache: 19s/13MB
AV: 04:25:02 / 04:25:21 (100%) A-V:  0.000 ct: -2.001 Cache: 19s/13MB
AV: 04:25:02 / 04:25:21 (100%) A-V:  0.000 ct: -2.001 Cache: 18s/13MB
AV: 04:25:02 / 04:25:21 (100%) A-V:  0.000 ct: -2.001 Cache: 18s/12MB
AV: 04:25:03 / 04:25:21 (100%) A-V:  0.000 ct: -2.001 Cache: 18s/12MB
AV: 04:25:03 / 04:25:21 (100%) A-V:  0.000 ct: -2.001 Cache: 17s/12MB
AV: 04:25:04 / 04:25:21 (100%) A-V:  0.000 ct: -2.001 Cache: 17s/12MB
AV: 04:25:04 / 04:25:21 (100%) A-V:  0.000 ct: -2.001 Cache: 16s/12MB
AV: 04:25:04 / 04:25:21 (100%) A-V:  0.000 ct: -2.001 Cache: 16s/11MB
AV: 04:25:05 / 04:25:21 (100%) A-V:  0.000 ct: -2.001 Cache: 16s/11MB
AV: 04:25:05 / 04:25:21 (100%) A-V:  0.000 ct: -2.001 Cache: 15s/11MB
AV: 04:25:05 / 04:25:28 (100%) A-V:  0.000 ct: -2.001 Cache: 22s/16MB
AV: 04:25:05 / 04:25:28 (100%) A-V:  0.000 ct: -2.001 Cache: 21s/16MB
AV: 04:25:05 / 04:25:28 (100%) A-V:  0.000 ct: -2.001 Cache: 21s/15MB
AV: 04:25:06 / 04:25:28 (100%) A-V:  0.000 ct: -2.001 Cache: 21s/15MB
AV: 04:25:06 / 04:25:28 (100%) A-V:  0.000 ct: -2.001 Cache: 20s/15MB
AV: 04:25:06 / 04:25:28 (100%) A-V:  0.000 ct: -2.001 Cache: 20s/14MB
AV: 04:25:07 / 04:25:28 (100%) A-V:  0.000 ct: -2.001 Cache: 20s/14MB
AV: 04:25:07 / 04:25:28 (100%) A-V:  0.000 ct: -2.001 Cache: 19s/14MB
AV: 04:25:08 / 04:25:28 (100%) A-V:  0.000 ct: -2.001 Cache: 19s/14MB
AV: 04:25:08 / 04:25:28 (100%) A-V:  0.000 ct: -2.001 Cache: 19s/13MB
AV: 04:25:08 / 04:25:28 (100%) A-V:  0.000 ct: -2.001 Cache: 18s/13MB
AV: 04:25:09 / 04:25:28 (100%) A-V:  0.000 ct: -2.001 Cache: 18s/13MB
AV: 04:25:09 / 04:25:28 (100%) A-V:  0.000 ct: -2.001 Cache: 18s/12MB
AV: 04:25:09 / 04:25:28 (100%) A-V:  0.000 ct: -2.001 Cache: 17s/12MB
AV: 04:25:10 / 04:25:28 (100%) A-V:  0.000 ct: -2.001 Cache: 17s/12MB
AV: 04:25:10 / 04:25:28 (100%) A-V:  0.000 ct: -2.001 Cache: 17s/11MB
AV: 04:25:10 / 04:25:28 (100%) A-V:  0.000 ct: -2.001 Cache: 16s/11MB
AV: 04:25:11 / 04:25:28 (100%) A-V:  0.000 ct: -2.001 Cache: 16s/11MB
AV: 04:25:11 / 04:25:28 (100%) A-V:  0.000 ct: -2.001 Cache: 15s/11MB
AV: 04:25:12 / 04:25:28 (100%) A-V:  0.000 ct: -2.001 Cache: 15s/11MB
AV: 04:25:12 / 04:25:34 (100%) A-V:  0.000 ct: -2.001 Cache: 21s/15MB
AV: 04:25:12 / 04:25:34 (100%) A-V:  0.000 ct: -2.001 Cache: 21s/14MB
AV: 04:25:12 / 04:25:34 (100%) A-V:  0.000 ct: -2.001 Cache: 20s/14MB
AV: 04:25:13 / 04:25:34 (100%) A-V:  0.000 ct: -2.001 Cache: 20s/14MB
AV: 04:25:13 / 04:25:34 (100%) A-V:  0.000 ct: -2.001 Cache: 19s/14MB
AV: 04:25:14 / 04:25:34 (100%) A-V:  0.000 ct: -2.001 Cache: 19s/14MB
AV: 04:25:14 / 04:25:34 (100%) A-V:  0.000 ct: -2.001 Cache: 19s/13MB
AV: 04:25:14 / 04:25:34 (100%) A-V:  0.000 ct: -2.001 Cache: 18s/13MB
AV: 04:25:15 / 04:25:34 (100%) A-V:  0.000 ct: -2.001 Cache: 18s/13MB
AV: 04:25:15 / 04:25:34 (100%) A-V:  0.000 ct: -2.001 Cache: 17s/12MB
AV: 04:25:16 / 04:25:34 (100%) A-V:  0.000 ct: -2.001 Cache: 17s/12MB
AV: 04:25:16 / 04:25:34 (100%) A-V:  0.000 ct: -2.001 Cache: 16s/12MB
AV: 04:25:17 / 04:25:34 (100%) A-V:  0.000 ct: -2.001 Cache: 16s/12MB
AV: 04:25:17 / 04:25:34 (100%) A-V:  0.000 ct: -2.001 Cache: 16s/11MB
AV: 04:25:17 / 04:25:34 (100%) A-V:  0.000 ct: -2.001 Cache: 15s/11MB
AV: 04:25:18 / 04:25:34 (100%) A-V:  0.000 ct: -2.001 Cache: 15s/11MB
AV: 04:25:18 / 04:25:34 (100%) A-V:  0.000 ct: -2.001 Cache: 15s/10MB
AV: 04:25:18 / 04:25:40 (100%) A-V:  0.000 ct: -2.001 Cache: 21s/15MB
AV: 04:25:18 / 04:25:40 (100%) A-V:  0.000 ct: -2.001 Cache: 21s/14MB
AV: 04:25:18 / 04:25:40 (100%) A-V:  0.000 ct: -2.001 Cache: 20s/14MB
AV: 04:25:19 / 04:25:40 (100%) A-V:  0.000 ct: -2.001 Cache: 20s/14MB
AV: 04:25:19 / 04:25:40 (100%) A-V:  0.000 ct: -2.001 Cache: 19s/14MB
AV: 04:25:19 / 04:25:40 (100%) A-V:  0.000 ct: -2.001 Cache: 19s/13MB
AV: 04:25:20 / 04:25:40 (100%) A-V:  0.000 ct: -2.001 Cache: 19s/13MB
AV: 04:25:20 / 04:25:40 (100%) A-V:  0.000 ct: -2.001 Cache: 18s/13MB
AV: 04:25:21 / 04:25:40 (100%) A-V:  0.000 ct: -2.001 Cache: 18s/13MB
AV: 04:25:21 / 04:25:40 (100%) A-V:  0.000 ct: -2.001 Cache: 18s/12MB
AV: 04:25:21 / 04:25:40 (100%) A-V:  0.000 ct: -2.001 Cache: 17s/12MB
AV: 04:25:22 / 04:25:40 (100%) A-V:  0.000 ct: -2.001 Cache: 17s/12MB
AV: 04:25:22 / 04:25:40 (100%) A-V:  0.000 ct: -2.001 Cache: 16s/12MB
AV: 04:25:22 / 04:25:40 (100%) A-V:  0.000 ct: -2.001 Cache: 16s/11MB
AV: 04:25:23 / 04:25:40 (100%) A-V:  0.000 ct: -2.001 Cache: 16s/11MB
AV: 04:25:23 / 04:25:40 (100%) A-V:  0.000 ct: -2.001 Cache: 15s/11MB
AV: 04:25:24 / 04:25:40 (100%) A-V:  0.000 ct: -2.001 Cache: 15s/11MB
AV: 04:25:24 / 04:25:40 (100%) A-V:  0.000 ct: -2.001 Cache: 15s/10MB
AV: 04:25:24 / 04:25:43 (100%) A-V:  0.000 ct: -2.001 Cache: 19s/13MB
AV: 04:25:24 / 04:25:46 (100%) A-V:  0.000 ct: -2.001 Cache: 21s/15MB
AV: 04:25:24 / 04:25:46 (100%) A-V:  0.000 ct: -2.001 Cache: 20s/15MB
AV: 04:25:24 / 04:25:46 (100%) A-V:  0.000 ct: -2.001 Cache: 20s/14MB
AV: 04:25:25 / 04:25:46 (100%) A-V:  0.000 ct: -2.001 Cache: 20s/14MB
AV: 04:25:25 / 04:25:46 (100%) A-V:  0.000 ct: -2.001 Cache: 19s/14MB
AV: 04:25:26 / 04:25:46 (100%) A-V:  0.000 ct: -2.001 Cache: 19s/14MB
AV: 04:25:26 / 04:25:46 (100%) A-V:  0.000 ct: -2.001 Cache: 19s/13MB
AV: 04:25:26 / 04:25:46 (100%) A-V:  0.000 ct: -2.001 Cache: 18s/13MB
AV: 04:25:27 / 04:25:46 (100%) A-V:  0.000 ct: -2.001 Cache: 18s/13MB
AV: 04:25:27 / 04:25:46 (100%) A-V:  0.000 ct: -2.001 Cache: 18s/12MB
AV: 04:25:27 / 04:25:46 (100%) A-V:  0.000 ct: -2.001 Cache: 17s/12MB
AV: 04:25:28 / 04:25:46 (100%) A-V:  0.000 ct: -2.001 Cache: 17s/12MB
AV: 04:25:28 / 04:25:46 (100%) A-V:  0.000 ct: -2.001 Cache: 16s/11MB
AV: 04:25:29 / 04:25:46 (100%) A-V:  0.000 ct: -2.001 Cache: 16s/11MB
AV: 04:25:29 / 04:25:46 (100%) A-V:  0.000 ct: -2.001 Cache: 15s/11MB
AV: 04:25:30 / 04:25:46 (100%) A-V:  0.000 ct: -2.001 Cache: 15s/11MB
AV: 04:25:30 / 04:25:46 (100%) A-V:  0.000 ct: -2.001 Cache: 15s/10MB
AV: 04:25:30 / 04:25:52 (100%) A-V:  0.000 ct: -2.001 Cache: 21s/14MB
AV: 04:25:30 / 04:25:52 (100%) A-V:  0.000 ct: -2.001 Cache: 20s/14MB
AV: 04:25:31 / 04:25:52 (100%) A-V:  0.000 ct: -2.001 Cache: 20s/14MB
AV: 04:25:31 / 04:25:52 (100%) A-V:  0.000 ct: -2.001 Cache: 19s/14MB
AV: 04:25:32 / 04:25:52 (100%) A-V:  0.000 ct: -2.001 Cache: 19s/14MB
AV: 04:25:32 / 04:25:52 (100%) A-V:  0.000 ct: -2.001 Cache: 19s/13MB
AV: 04:25:32 / 04:25:52 (100%) A-V:  0.000 ct: -2.001 Cache: 18s/13MB
AV: 04:25:33 / 04:25:52 (100%) A-V:  0.000 ct: -2.001 Cache: 18s/13MB
AV: 04:25:33 / 04:25:52 (100%) A-V:  0.000 ct: -2.001 Cache: 17s/13MB
AV: 04:25:33 / 04:25:52 (100%) A-V:  0.000 ct: -2.001 Cache: 17s/12MB
AV: 04:25:34 / 04:25:52 (100%) A-V:  0.000 ct: -2.001 Cache: 17s/12MB
AV: 04:25:34 / 04:25:52 (100%) A-V:  0.000 ct: -2.001 Cache: 16s/12MB
AV: 04:25:35 / 04:25:52 (100%) A-V:  0.000 ct: -2.001 Cache: 16s/12MB
AV: 04:25:35 / 04:25:52 (100%) A-V:  0.000 ct: -2.001 Cache: 16s/11MB
AV: 04:25:35 / 04:25:52 (100%) A-V:  0.000 ct: -2.001 Cache: 15s/11MB
AV: 04:25:36 / 04:25:52 (100%) A-V:  0.000 ct: -2.001 Cache: 15s/11MB
AV: 04:25:36 / 04:25:52 (100%) A-V:  0.000 ct: -2.001 Cache: 15s/10MB
AV: 04:25:36 / 04:25:52 (100%) A-V:  0.000 ct: -2.001 Cache: 14s/10MB
AV: 04:25:36 / 04:25:58 (100%) A-V:  0.000 ct: -2.001 Cache: 20s/14MB
AV: 04:25:37 / 04:25:58 (100%) A-V:  0.000 ct: -2.001 Cache: 20s/14MB
AV: 04:25:37 / 04:25:58 (100%) A-V:  0.000 ct: -2.001 Cache: 19s/14MB
AV: 04:25:38 / 04:25:58 (100%) A-V:  0.000 ct: -2.001 Cache: 19s/14MB
AV: 04:25:38 / 04:25:58 (100%) A-V:  0.000 ct: -2.001 Cache: 19s/13MB
AV: 04:25:38 / 04:25:58 (100%) A-V:  0.000 ct: -2.001 Cache: 18s/13MB
AV: 04:25:39 / 04:25:58 (100%) A-V:  0.000 ct: -2.001 Cache: 18s/13MB
AV: 04:25:39 / 04:25:58 (100%) A-V:  0.000 ct: -2.001 Cache: 17s/13MB
AV: 04:25:39 / 04:25:58 (100%) A-V:  0.000 ct: -2.001 Cache: 17s/12MB
AV: 04:25:40 / 04:25:58 (100%) A-V:  0.000 ct: -2.001 Cache: 17s/12MB
AV: 04:25:40 / 04:25:58 (100%) A-V:  0.000 ct: -2.001 Cache: 16s/12MB
AV: 04:25:41 / 04:25:58 (100%) A-V:  0.000 ct: -2.001 Cache: 16s/12MB
AV: 04:25:41 / 04:25:58 (100%) A-V:  0.000 ct: -2.001 Cache: 16s/11MB
AV: 04:25:41 / 04:25:58 (100%) A-V:  0.000 ct: -2.001 Cache: 15s/11MB
AV: 04:25:42 / 04:25:58 (100%) A-V:  0.000 ct: -2.001 Cache: 15s/11MB
AV: 04:25:42 / 04:25:58 (100%) A-V:  0.000 ct: -2.001 Cache: 15s/10MB
AV: 04:25:42 / 04:25:58 (100%) A-V:  0.000 ct: -2.001 Cache: 14s/10MB
AV: 04:25:43 / 04:25:58 (100%) A-V:  0.000 ct: -2.001 Cache: 14s/10MB
AV: 04:25:43 / 04:26:00 (100%) A-V:  0.000 ct: -2.001 Cache: 17s/12MB
AV: 04:25:43 / 04:26:04 (100%) A-V:  0.000 ct: -2.001 Cache: 20s/15MB
AV: 04:25:43 / 04:26:04 (100%) A-V:  0.000 ct: -2.001 Cache: 20s/14MB
AV: 04:25:43 / 04:26:04 (100%) A-V:  0.000 ct: -2.001 Cache: 19s/14MB
AV: 04:25:44 / 04:26:04 (100%) A-V:  0.000 ct: -2.001 Cache: 19s/14MB
AV: 04:25:44 / 04:26:04 (100%) A-V:  0.000 ct: -2.001 Cache: 19s/13MB
AV: 04:25:44 / 04:26:04 (100%) A-V:  0.000 ct: -2.001 Cache: 18s/13MB
AV: 04:25:45 / 04:26:04 (100%) A-V:  0.000 ct: -2.001 Cache: 18s/13MB
AV: 04:25:45 / 04:26:04 (100%) A-V:  0.000 ct: -2.001 Cache: 17s/13MB
AV: 04:25:45 / 04:26:04 (100%) A-V:  0.000 ct: -2.001 Cache: 17s/12MB
AV: 04:25:46 / 04:26:04 (100%) A-V:  0.000 ct: -2.001 Cache: 17s/12MB
AV: 04:25:46 / 04:26:04 (100%) A-V:  0.000 ct: -2.001 Cache: 16s/12MB
AV: 04:25:47 / 04:26:04 (100%) A-V:  0.000 ct: -2.001 Cache: 16s/12MB
AV: 04:25:47 / 04:26:04 (100%) A-V:  0.000 ct: -2.001 Cache: 16s/11MB
AV: 04:25:47 / 04:26:04 (100%) A-V:  0.000 ct: -2.001 Cache: 15s/11MB
AV: 04:25:48 / 04:26:04 (100%) A-V:  0.000 ct: -2.001 Cache: 15s/11MB
AV: 04:25:48 / 04:26:04 (100%) A-V:  0.000 ct: -2.001 Cache: 15s/10MB
AV: 04:25:48 / 04:26:04 (100%) A-V:  0.000 ct: -2.001 Cache: 14s/10MB
AV: 04:25:49 / 04:26:04 (100%) A-V:  0.000 ct: -2.001 Cache: 14s/10MB
AV: 04:25:49 / 04:26:07 (100%) A-V:  0.000 ct: -2.001 Cache: 18s/13MB
AV: 04:25:49 / 04:26:10 (100%) A-V:  0.000 ct: -2.001 Cache: 20s/14MB
AV: 04:25:49 / 04:26:10 (100%) A-V:  0.000 ct: -2.001 Cache: 19s/14MB
AV: 04:25:50 / 04:26:10 (100%) A-V:  0.000 ct: -2.001 Cache: 19s/14MB
AV: 04:25:50 / 04:26:10 (100%) A-V:  0.000 ct: -2.001 Cache: 19s/13MB
AV: 04:25:50 / 04:26:10 (100%) A-V:  0.000 ct: -2.001 Cache: 18s/13MB
AV: 04:25:51 / 04:26:10 (100%) A-V:  0.000 ct: -2.001 Cache: 18s/13MB
AV: 04:25:51 / 04:26:10 (100%) A-V:  0.000 ct: -2.001 Cache: 17s/12MB
AV: 04:25:52 / 04:26:10 (100%) A-V:  0.000 ct: -2.001 Cache: 17s/12MB
AV: 04:25:52 / 04:26:10 (100%) A-V:  0.000 ct: -2.001 Cache: 16s/12MB
AV: 04:25:52 / 04:26:10 (100%) A-V:  0.000 ct: -2.001 Cache: 16s/11MB
AV: 04:25:53 / 04:26:10 (100%) A-V:  0.000 ct: -2.001 Cache: 16s/11MB
AV: 04:25:53 / 04:26:10 (100%) A-V:  0.000 ct: -2.001 Cache: 15s/11MB
AV: 04:25:54 / 04:26:10 (100%) A-V:  0.000 ct: -2.001 Cache: 15s/11MB
AV: 04:25:54 / 04:26:10 (100%) A-V:  0.000 ct: -2.001 Cache: 15s/10MB
AV: 04:25:54 / 04:26:10 (100%) A-V:  0.000 ct: -2.001 Cache: 14s/10MB
AV: 04:25:55 / 04:26:10 (100%) A-V:  0.000 ct: -2.001 Cache: 14s/10MB
AV: 04:25:55 / 04:26:16 (100%) A-V:  0.000 ct: -2.001 Cache: 20s/14MB
AV: 04:25:55 / 04:26:16 (100%) A-V:  0.000 ct: -2.001 Cache: 19s/14MB
AV: 04:25:56 / 04:26:16 (100%) A-V:  0.000 ct: -2.001 Cache: 19s/14MB
AV: 04:25:56 / 04:26:16 (100%) A-V:  0.000 ct: -2.001 Cache: 19s/13MB
AV: 04:25:56 / 04:26:16 (100%) A-V:  0.000 ct: -2.001 Cache: 18s/13MB
AV: 04:25:57 / 04:26:16 (100%) A-V:  0.000 ct: -2.001 Cache: 18s/13MB
AV: 04:25:57 / 04:26:16 (100%) A-V:  0.000 ct: -2.001 Cache: 17s/13MB
AV: 04:25:57 / 04:26:16 (100%) A-V:  0.000 ct: -2.001 Cache: 17s/12MB
AV: 04:25:58 / 04:26:16 (100%) A-V:  0.000 ct: -2.001 Cache: 17s/12MB
AV: 04:25:58 / 04:26:16 (100%) A-V:  0.000 ct: -2.001 Cache: 16s/12MB
AV: 04:25:59 / 04:26:16 (100%) A-V:  0.000 ct: -2.001 Cache: 16s/12MB
AV: 04:25:59 / 04:26:16 (100%) A-V:  0.000 ct: -2.001 Cache: 16s/11MB
AV: 04:25:59 / 04:26:16 (100%) A-V:  0.000 ct: -2.001 Cache: 15s/11MB
AV: 04:26:00 / 04:26:16 (100%) A-V:  0.000 ct: -2.001 Cache: 15s/11MB
AV: 04:26:00 / 04:26:16 (100%) A-V:  0.000 ct: -2.001 Cache: 15s/10MB
AV: 04:26:00 / 04:26:16 (100%) A-V:  0.000 ct: -2.001 Cache: 14s/10MB
AV: 04:26:01 / 04:26:16 (100%) A-V:  0.000 ct: -2.001 Cache: 14s/10MB
AV: 04:26:01 / 04:26:22 (100%) A-V:  0.000 ct: -2.001 Cache: 20s/14MB
AV: 04:26:01 / 04:26:22 (100%) A-V:  0.000 ct: -2.001 Cache: 19s/14MB
AV: 04:26:02 / 04:26:22 (100%) A-V:  0.000 ct: -2.001 Cache: 19s/14MB
AV: 04:26:02 / 04:26:22 (100%) A-V:  0.000 ct: -2.001 Cache: 19s/13MB
AV: 04:26:02 / 04:26:22 (100%) A-V:  0.000 ct: -2.001 Cache: 18s/13MB
AV: 04:26:03 / 04:26:22 (100%) A-V:  0.000 ct: -2.001 Cache: 18s/13MB
AV: 04:26:03 / 04:26:22 (100%) A-V:  0.000 ct: -2.001 Cache: 17s/13MB
AV: 04:26:03 / 04:26:22 (100%) A-V:  0.000 ct: -2.001 Cache: 17s/12MB
AV: 04:26:04 / 04:26:22 (100%) A-V:  0.000 ct: -2.001 Cache: 17s/12MB
AV: 04:26:04 / 04:26:22 (100%) A-V:  0.000 ct: -2.001 Cache: 16s/12MB
AV: 04:26:05 / 04:26:22 (100%) A-V:  0.000 ct: -2.001 Cache: 16s/12MB
AV: 04:26:05 / 04:26:22 (100%) A-V:  0.000 ct: -2.001 Cache: 16s/11MB
AV: 04:26:05 / 04:26:22 (100%) A-V:  0.000 ct: -2.001 Cache: 15s/11MB
AV: 04:26:06 / 04:26:22 (100%) A-V:  0.000 ct: -2.001 Cache: 15s/11MB
AV: 04:26:06 / 04:26:22 (100%) A-V:  0.000 ct: -2.001 Cache: 15s/10MB
AV: 04:26:06 / 04:26:22 (100%) A-V:  0.000 ct: -2.001 Cache: 14s/10MB
AV: 04:26:07 / 04:26:22 (100%) A-V:  0.000 ct: -2.001 Cache: 14s/10MB
AV: 04:26:07 / 04:26:22 (100%) A-V:  0.000 ct: -2.001 Cache: 13s/10MB
AV: 04:26:07 / 04:26:28 (100%) A-V:  0.000 ct: -2.001 Cache: 19s/14MB
AV: 04:26:08 / 04:26:28 (100%) A-V:  0.000 ct: -2.001 Cache: 19s/14MB
AV: 04:26:08 / 04:26:28 (100%) A-V:  0.000 ct: -2.001 Cache: 19s/13MB
AV: 04:26:08 / 04:26:28 (100%) A-V:  0.000 ct: -2.001 Cache: 18s/13MB
AV: 04:26:09 / 04:26:28 (100%) A-V:  0.000 ct: -2.001 Cache: 18s/13MB
AV: 04:26:09 / 04:26:28 (100%) A-V:  0.000 ct: -2.001 Cache: 17s/13MB
AV: 04:26:09 / 04:26:28 (100%) A-V:  0.000 ct: -2.001 Cache: 17s/12MB
AV: 04:26:10 / 04:26:28 (100%) A-V:  0.000 ct: -2.001 Cache: 17s/12MB
AV: 04:26:10 / 04:26:28 (100%) A-V:  0.000 ct: -2.001 Cache: 16s/12MB
AV: 04:26:11 / 04:26:28 (100%) A-V:  0.000 ct: -2.001 Cache: 16s/12MB
AV: 04:26:11 / 04:26:28 (100%) A-V:  0.000 ct: -2.001 Cache: 16s/11MB
AV: 04:26:11 / 04:26:28 (100%) A-V:  0.000 ct: -2.001 Cache: 15s/11MB
AV: 04:26:12 / 04:26:28 (100%) A-V:  0.000 ct: -2.001 Cache: 15s/11MB
AV: 04:26:12 / 04:26:28 (100%) A-V:  0.000 ct: -2.001 Cache: 15s/10MB
AV: 04:26:12 / 04:26:28 (100%) A-V:  0.000 ct: -2.001 Cache: 14s/10MB
AV: 04:26:13 / 04:26:28 (100%) A-V:  0.000 ct: -2.001 Cache: 14s/10MB
AV: 04:26:13 / 04:26:28 (100%) A-V:  0.000 ct: -2.001 Cache: 13s/10MB
AV: 04:26:13 / 04:26:28 (100%) A-V:  0.000 ct: -2.001 Cache: 13s/9MB
AV: 04:26:13 / 04:26:34 (100%) A-V:  0.000 ct: -2.001 Cache: 19s/13MB
AV: 04:26:14 / 04:26:34 (100%) A-V:  0.000 ct: -2.001 Cache: 19s/13MB
AV: 04:26:14 / 04:26:34 (100%) A-V:  0.000 ct: -2.001 Cache: 18s/13MB
AV: 04:26:15 / 04:26:34 (100%) A-V:  0.000 ct: -2.001 Cache: 18s/13MB
AV: 04:26:15 / 04:26:34 (100%) A-V:  0.000 ct: -2.001 Cache: 18s/12MB
AV: 04:26:15 / 04:26:34 (100%) A-V:  0.000 ct: -2.001 Cache: 17s/12MB
AV: 04:26:16 / 04:26:34 (100%) A-V:  0.000 ct: -2.001 Cache: 17s/12MB
AV: 04:26:16 / 04:26:34 (100%) A-V:  0.000 ct: -2.001 Cache: 16s/12MB
AV: 04:26:16 / 04:26:34 (100%) A-V:  0.000 ct: -2.001 Cache: 16s/11MB
AV: 04:26:17 / 04:26:34 (100%) A-V:  0.000 ct: -2.001 Cache: 16s/11MB
AV: 04:26:17 / 04:26:34 (100%) A-V:  0.000 ct: -2.001 Cache: 15s/11MB
AV: 04:26:18 / 04:26:34 (100%) A-V:  0.000 ct: -2.001 Cache: 15s/11MB
AV: 04:26:18 / 04:26:34 (100%) A-V:  0.000 ct: -2.001 Cache: 15s/10MB
AV: 04:26:18 / 04:26:34 (100%) A-V:  0.000 ct: -2.001 Cache: 14s/10MB
AV: 04:26:19 / 04:26:34 (100%) A-V:  0.000 ct: -2.001 Cache: 14s/10MB
AV: 04:26:19 / 04:26:34 (100%) A-V:  0.000 ct: -2.001 Cache: 14s/9MB
AV: 04:26:19 / 04:26:34 (100%) A-V:  0.000 ct: -2.001 Cache: 13s/9MB
AV: 04:26:20 / 04:26:34 (100%) A-V:  0.000 ct: -2.001 Cache: 13s/9MB
AV: 04:26:20 / 04:26:40 (100%) A-V:  0.000 ct: -2.001 Cache: 19s/14MB
AV: 04:26:20 / 04:26:40 (100%) A-V:  0.000 ct: -2.001 Cache: 19s/13MB
AV: 04:26:20 / 04:26:40 (100%) A-V:  0.000 ct: -2.001 Cache: 18s/13MB
AV: 04:26:21 / 04:26:40 (100%) A-V:  0.000 ct: -2.001 Cache: 18s/13MB
AV: 04:26:21 / 04:26:40 (100%) A-V:  0.000 ct: -2.001 Cache: 17s/13MB
AV: 04:26:21 / 04:26:40 (100%) A-V:  0.000 ct: -2.001 Cache: 17s/12MB
AV: 04:26:22 / 04:26:40 (100%) A-V:  0.000 ct: -2.001 Cache: 17s/12MB
AV: 04:26:22 / 04:26:40 (100%) A-V:  0.000 ct: -2.001 Cache: 16s/12MB
AV: 04:26:23 / 04:26:40 (100%) A-V:  0.000 ct: -2.001 Cache: 16s/12MB
AV: 04:26:23 / 04:26:40 (100%) A-V:  0.000 ct: -2.001 Cache: 16s/11MB
AV: 04:26:23 / 04:26:40 (100%) A-V:  0.000 ct: -2.001 Cache: 15s/11MB
AV: 04:26:24 / 04:26:40 (100%) A-V:  0.000 ct: -2.001 Cache: 15s/11MB
AV: 04:26:24 / 04:26:40 (100%) A-V:  0.000 ct: -2.001 Cache: 14s/11MB
AV: 04:26:24 / 04:26:40 (100%) A-V:  0.000 ct: -2.001 Cache: 14s/10MB
AV: 04:26:25 / 04:26:40 (100%) A-V:  0.000 ct: -2.001 Cache: 14s/10MB
AV: 04:26:25 / 04:26:40 (100%) A-V:  0.000 ct: -2.001 Cache: 13s/10MB
AV: 04:26:26 / 04:26:40 (100%) A-V:  0.000 ct: -2.001 Cache: 13s/10MB
AV: 04:26:26 / 04:26:40 (100%) A-V:  0.000 ct: -2.001 Cache: 13s/9MB
AV: 04:26:26 / 04:26:41 (100%) A-V:  0.000 ct: -2.001 Cache: 14s/10MB
AV: 04:26:26 / 04:26:46 (100%) A-V:  0.000 ct: -2.001 Cache: 19s/14MB
AV: 04:26:26 / 04:26:46 (100%) A-V:  0.000 ct: -2.001 Cache: 19s/13MB
AV: 04:26:26 / 04:26:46 (100%) A-V:  0.000 ct: -2.001 Cache: 18s/13MB
AV: 04:26:27 / 04:26:46 (100%) A-V:  0.000 ct: -2.001 Cache: 18s/13MB
AV: 04:26:27 / 04:26:46 (100%) A-V:  0.000 ct: -2.001 Cache: 18s/12MB
AV: 04:26:27 / 04:26:46 (100%) A-V:  0.000 ct: -2.001 Cache: 17s/12MB
AV: 04:26:28 / 04:26:46 (100%) A-V:  0.000 ct: -2.001 Cache: 17s/12MB
AV: 04:26:28 / 04:26:46 (100%) A-V:  0.000 ct: -2.001 Cache: 16s/12MB
AV: 04:26:28 / 04:26:46 (100%) A-V:  0.000 ct: -2.001 Cache: 16s/11MB
AV: 04:26:29 / 04:26:46 (100%) A-V:  0.000 ct: -2.001 Cache: 16s/11MB
AV: 04:26:29 / 04:26:46 (100%) A-V:  0.000 ct: -2.001 Cache: 15s/11MB
AV: 04:26:30 / 04:26:46 (100%) A-V:  0.000 ct: -2.001 Cache: 15s/11MB
AV: 04:26:30 / 04:26:46 (100%) A-V:  0.000 ct: -2.001 Cache: 15s/10MB
AV: 04:26:30 / 04:26:46 (100%) A-V:  0.000 ct: -2.001 Cache: 14s/10MB
AV: 04:26:31 / 04:26:46 (100%) A-V:  0.000 ct: -2.001 Cache: 14s/10MB
AV: 04:26:31 / 04:26:46 (100%) A-V:  0.000 ct: -2.001 Cache: 13s/10MB
AV: 04:26:31 / 04:26:46 (100%) A-V:  0.000 ct: -2.001 Cache: 13s/9MB
AV: 04:26:32 / 04:26:46 (100%) A-V:  0.000 ct: -2.001 Cache: 13s/9MB
AV: 04:26:32 / 04:26:52 (100%) A-V:  0.000 ct: -2.001 Cache: 19s/14MB
AV: 04:26:32 / 04:26:52 (100%) A-V:  0.000 ct: -2.001 Cache: 19s/13MB
AV: 04:26:32 / 04:26:54 (100%) A-V:  0.000 ct: -2.001 Cache: 21s/15MB
AV: 04:26:32 / 04:26:58 (100%) A-V:  0.000 ct: -2.001 Cache: 25s/18MB
AV: 04:26:32 / 04:26:58 (100%) A-V:  0.000 ct: -2.001 Cache: 24s/18MB
AV: 04:26:33 / 04:26:58 (100%) A-V:  0.000 ct: -2.001 Cache: 24s/18MB
AV: 04:26:33 / 04:26:58 (100%) A-V:  0.000 ct: -2.001 Cache: 24s/17MB
AV: 04:26:33 / 04:26:58 (100%) A-V:  0.000 ct: -2.001 Cache: 23s/17MB
AV: 04:26:34 / 04:26:58 (100%) A-V:  0.000 ct: -2.001 Cache: 23s/17MB
AV: 04:26:34 / 04:26:58 (100%) A-V:  0.000 ct: -2.001 Cache: 23s/16MB
AV: 04:26:34 / 04:26:58 (100%) A-V:  0.000 ct: -2.001 Cache: 22s/16MB
AV: 04:26:35 / 04:26:58 (100%) A-V:  0.000 ct: -2.001 Cache: 22s/16MB
AV: 04:26:35 / 04:26:58 (100%) A-V:  0.000 ct: -2.001 Cache: 21s/16MB
AV: 04:26:35 / 04:26:58 (100%) A-V:  0.000 ct: -2.001 Cache: 21s/15MB
AV: 04:26:36 / 04:26:58 (100%) A-V:  0.000 ct: -2.001 Cache: 21s/15MB
AV: 04:26:36 / 04:26:58 (100%) A-V:  0.000 ct: -2.001 Cache: 20s/15MB
AV: 04:26:37 / 04:26:58 (100%) A-V:  0.000 ct: -2.001 Cache: 20s/15MB
AV: 04:26:37 / 04:26:58 (100%) A-V:  0.000 ct: -2.001 Cache: 20s/14MB
AV: 04:26:37 / 04:26:58 (100%) A-V:  0.000 ct: -2.001 Cache: 19s/14MB
AV: 04:26:38 / 04:26:58 (100%) A-V:  0.000 ct: -2.001 Cache: 19s/14MB
AV: 04:26:38 / 04:26:58 (100%) A-V:  0.000 ct: -2.001 Cache: 19s/13MB
AV: 04:26:38 / 04:26:58 (100%) A-V:  0.000 ct: -2.001 Cache: 18s/13MB
AV: 04:26:39 / 04:26:58 (100%) A-V:  0.000 ct: -2.001 Cache: 18s/13MB
AV: 04:26:39 / 04:26:58 (100%) A-V:  0.000 ct: -2.001 Cache: 17s/13MB
AV: 04:26:39 / 04:26:58 (100%) A-V:  0.000 ct: -2.001 Cache: 17s/12MB
AV: 04:26:40 / 04:26:58 (100%) A-V:  0.000 ct: -2.001 Cache: 17s/12MB
AV: 04:26:40 / 04:26:58 (100%) A-V:  0.000 ct: -2.001 Cache: 16s/12MB
AV: 04:26:41 / 04:26:58 (100%) A-V:  0.000 ct: -2.001 Cache: 16s/12MB
AV: 04:26:41 / 04:26:58 (100%) A-V:  0.000 ct: -2.001 Cache: 16s/11MB
AV: 04:26:41 / 04:27:04 (100%) A-V:  0.000 ct: -2.001 Cache: 22s/15MB
AV: 04:26:41 / 04:27:04 (100%) A-V:  0.000 ct: -2.001 Cache: 21s/15MB
AV: 04:26:42 / 04:27:04 (100%) A-V:  0.000 ct: -2.001 Cache: 21s/15MB
AV: 04:26:42 / 04:27:04 (100%) A-V:  0.000 ct: -2.001 Cache: 20s/15MB
AV: 04:26:42 / 04:27:04 (100%) A-V:  0.000 ct: -2.001 Cache: 20s/14MB
AV: 04:26:43 / 04:27:04 (100%) A-V:  0.000 ct: -2.001 Cache: 20s/14MB
AV: 04:26:43 / 04:27:04 (100%) A-V:  0.000 ct: -2.001 Cache: 19s/14MB
AV: 04:26:44 / 04:27:04 (100%) A-V:  0.000 ct: -2.001 Cache: 19s/14MB
AV: 04:26:44 / 04:27:04 (100%) A-V:  0.000 ct: -2.001 Cache: 19s/13MB
AV: 04:26:44 / 04:27:04 (100%) A-V:  0.000 ct: -2.001 Cache: 18s/13MB
AV: 04:26:45 / 04:27:04 (100%) A-V:  0.000 ct: -2.001 Cache: 18s/13MB
AV: 04:26:45 / 04:27:04 (100%) A-V:  0.000 ct: -2.001 Cache: 18s/12MB
AV: 04:26:45 / 04:27:04 (100%) A-V:  0.000 ct: -2.001 Cache: 17s/12MB
AV: 04:26:46 / 04:27:04 (100%) A-V:  0.000 ct: -2.001 Cache: 17s/12MB
AV: 04:26:46 / 04:27:04 (100%) A-V:  0.000 ct: -2.001 Cache: 16s/12MB
AV: 04:26:47 / 04:27:04 (100%) A-V:  0.000 ct: -2.001 Cache: 16s/12MB
AV: 04:26:47 / 04:27:04 (100%) A-V:  0.000 ct: -2.001 Cache: 16s/11MB
AV: 04:26:47 / 04:27:04 (100%) A-V:  0.000 ct: -2.001 Cache: 15s/11MB
AV: 04:26:47 / 04:27:10 (100%) A-V:  0.000 ct: -2.001 Cache: 21s/15MB
AV: 04:26:48 / 04:27:10 (100%) A-V:  0.000 ct: -2.001 Cache: 21s/15MB
AV: 04:26:48 / 04:27:10 (100%) A-V:  0.000 ct: -2.001 Cache: 20s/15MB
AV: 04:26:48 / 04:27:10 (100%) A-V:  0.000 ct: -2.001 Cache: 20s/14MB
AV: 04:26:49 / 04:27:10 (100%) A-V:  0.000 ct: -2.001 Cache: 20s/14MB
AV: 04:26:49 / 04:27:10 (100%) A-V:  0.000 ct: -2.001 Cache: 19s/14MB
AV: 04:26:50 / 04:27:10 (100%) A-V:  0.000 ct: -2.001 Cache: 19s/14MB
AV: 04:26:50 / 04:27:10 (100%) A-V:  0.000 ct: -2.001 Cache: 19s/13MB
AV: 04:26:50 / 04:27:10 (100%) A-V:  0.000 ct: -2.001 Cache: 18s/13MB
AV: 04:26:51 / 04:27:10 (100%) A-V:  0.000 ct: -2.001 Cache: 18s/13MB
AV: 04:26:51 / 04:27:10 (100%) A-V:  0.000 ct: -2.001 Cache: 17s/13MB
AV: 04:26:51 / 04:27:10 (100%) A-V:  0.000 ct: -2.001 Cache: 17s/12MB
AV: 04:26:52 / 04:27:10 (100%) A-V:  0.000 ct: -2.001 Cache: 17s/12MB
AV: 04:26:52 / 04:27:10 (100%) A-V:  0.000 ct: -2.001 Cache: 16s/12MB
AV: 04:26:53 / 04:27:10 (100%) A-V:  0.000 ct: -2.001 Cache: 16s/12MB
AV: 04:26:53 / 04:27:10 (100%) A-V:  0.000 ct: -2.001 Cache: 16s/11MB
AV: 04:26:53 / 04:27:10 (100%) A-V:  0.000 ct: -2.001 Cache: 15s/11MB
AV: 04:26:54 / 04:27:10 (100%) A-V:  0.000 ct: -2.001 Cache: 15s/11MB
AV: 04:26:54 / 04:27:11 (100%) A-V:  0.000 ct: -2.001 Cache: 16s/12MB
AV: 04:26:54 / 04:27:16 (100%) A-V:  0.000 ct: -2.001 Cache: 21s/15MB
AV: 04:26:54 / 04:27:16 (100%) A-V:  0.000 ct: -2.001 Cache: 20s/15MB
AV: 04:26:55 / 04:27:16 (100%) A-V:  0.000 ct: -2.001 Cache: 20s/15MB
AV: 04:26:55 / 04:27:16 (100%) A-V:  0.000 ct: -2.001 Cache: 20s/14MB
AV: 04:26:55 / 04:27:16 (100%) A-V:  0.000 ct: -2.001 Cache: 19s/14MB
AV: 04:26:56 / 04:27:16 (100%) A-V:  0.000 ct: -2.001 Cache: 19s/14MB
AV: 04:26:56 / 04:27:16 (100%) A-V:  0.000 ct: -2.001 Cache: 19s/13MB
AV: 04:26:56 / 04:27:16 (100%) A-V:  0.000 ct: -2.001 Cache: 18s/13MB
AV: 04:26:57 / 04:27:16 (100%) A-V:  0.000 ct: -2.001 Cache: 18s/13MB
AV: 04:26:57 / 04:27:16 (100%) A-V:  0.000 ct: -2.001 Cache: 17s/13MB
AV: 04:26:57 / 04:27:16 (100%) A-V:  0.000 ct: -2.001 Cache: 17s/12MB
AV: 04:26:58 / 04:27:16 (100%) A-V:  0.000 ct: -2.001 Cache: 17s/12MB
AV: 04:26:58 / 04:27:16 (100%) A-V:  0.000 ct: -2.001 Cache: 16s/12MB
AV: 04:26:59 / 04:27:16 (100%) A-V:  0.000 ct: -2.001 Cache: 16s/12MB
AV: 04:26:59 / 04:27:16 (100%) A-V:  0.000 ct: -2.001 Cache: 16s/11MB
AV: 04:26:59 / 04:27:16 (100%) A-V:  0.000 ct: -2.001 Cache: 15s/11MB
AV: 04:27:00 / 04:27:16 (100%) A-V:  0.000 ct: -2.001 Cache: 15s/11MB
AV: 04:27:00 / 04:27:18 (100%) A-V:  0.000 ct: -2.001 Cache: 17s/12MB
AV: 04:27:00 / 04:27:22 (100%) A-V:  0.000 ct: -2.001 Cache: 21s/15MB
AV: 04:27:00 / 04:27:22 (100%) A-V:  0.000 ct: -2.001 Cache: 20s/15MB
AV: 04:27:01 / 04:27:22 (100%) A-V:  0.000 ct: -2.001 Cache: 20s/15MB
AV: 04:27:01 / 04:27:22 (100%) A-V:  0.000 ct: -2.001 Cache: 20s/14MB
AV: 04:27:01 / 04:27:22 (100%) A-V:  0.000 ct: -2.001 Cache: 19s/14MB
AV: 04:27:02 / 04:27:22 (100%) A-V:  0.000 ct: -2.001 Cache: 19s/14MB
AV: 04:27:02 / 04:27:22 (100%) A-V:  0.000 ct: -2.001 Cache: 19s/13MB
AV: 04:27:02 / 04:27:22 (100%) A-V:  0.000 ct: -2.001 Cache: 18s/13MB
AV: 04:27:03 / 04:27:22 (100%) A-V:  0.000 ct: -2.001 Cache: 18s/13MB
AV: 04:27:03 / 04:27:22 (100%) A-V:  0.000 ct: -2.001 Cache: 17s/13MB
AV: 04:27:03 / 04:27:22 (100%) A-V:  0.000 ct: -2.001 Cache: 17s/12MB
AV: 04:27:04 / 04:27:22 (100%) A-V:  0.000 ct: -2.001 Cache: 17s/12MB
AV: 04:27:04 / 04:27:22 (100%) A-V:  0.000 ct: -2.001 Cache: 16s/12MB
AV: 04:27:05 / 04:27:22 (100%) A-V:  0.000 ct: -2.001 Cache: 16s/12MB
AV: 04:27:05 / 04:27:22 (100%) A-V:  0.000 ct: -2.001 Cache: 16s/11MB
AV: 04:27:05 / 04:27:22 (100%) A-V:  0.000 ct: -2.001 Cache: 15s/11MB
AV: 04:27:06 / 04:27:22 (100%) A-V:  0.000 ct: -2.001 Cache: 15s/11MB
AV: 04:27:06 / 04:27:28 (100%) A-V:  0.000 ct: -2.001 Cache: 21s/15MB
AV: 04:27:06 / 04:27:28 (100%) A-V:  0.000 ct: -2.001 Cache: 20s/15MB
AV: 04:27:07 / 04:27:28 (100%) A-V:  0.000 ct: -2.001 Cache: 20s/15MB
AV: 04:27:07 / 04:27:28 (100%) A-V:  0.000 ct: -2.001 Cache: 20s/14MB
AV: 04:27:07 / 04:27:28 (100%) A-V:  0.000 ct: -2.001 Cache: 19s/14MB
AV: 04:27:08 / 04:27:28 (100%) A-V:  0.000 ct: -2.001 Cache: 19s/14MB
AV: 04:27:08 / 04:27:28 (100%) A-V:  0.000 ct: -2.001 Cache: 19s/13MB
AV: 04:27:08 / 04:27:28 (100%) A-V:  0.000 ct: -2.001 Cache: 18s/13MB
AV: 04:27:09 / 04:27:28 (100%) A-V:  0.000 ct: -2.001 Cache: 18s/13MB
AV: 04:27:09 / 04:27:28 (100%) A-V:  0.000 ct: -2.001 Cache: 17s/13MB
AV: 04:27:10 / 04:27:28 (100%) A-V:  0.000 ct: -2.001 Cache: 17s/13MB
AV: 04:27:10 / 04:27:28 (100%) A-V:  0.000 ct: -2.001 Cache: 17s/12MB
AV: 04:27:10 / 04:27:28 (100%) A-V:  0.000 ct: -2.001 Cache: 16s/12MB
AV: 04:27:11 / 04:27:28 (100%) A-V:  0.000 ct: -2.001 Cache: 16s/12MB
AV: 04:27:11 / 04:27:28 (100%) A-V:  0.000 ct: -2.001 Cache: 16s/11MB
AV: 04:27:11 / 04:27:28 (100%) A-V:  0.000 ct: -2.001 Cache: 15s/11MB
AV: 04:27:12 / 04:27:28 (100%) A-V:  0.000 ct: -2.001 Cache: 15s/11MB
AV: 04:27:12 / 04:27:34 (100%) A-V:  0.000 ct: -2.001 Cache: 21s/15MB
AV: 04:27:12 / 04:27:34 (100%) A-V:  0.000 ct: -2.001 Cache: 20s/15MB
AV: 04:27:13 / 04:27:34 (100%) A-V:  0.000 ct: -2.001 Cache: 20s/15MB
AV: 04:27:13 / 04:27:34 (100%) A-V:  0.000 ct: -2.001 Cache: 20s/14MB
AV: 04:27:13 / 04:27:34 (100%) A-V:  0.000 ct: -2.001 Cache: 19s/14MB
AV: 04:27:14 / 04:27:34 (100%) A-V:  0.000 ct: -2.001 Cache: 19s/14MB
AV: 04:27:14 / 04:27:34 (100%) A-V:  0.000 ct: -2.001 Cache: 19s/13MB
AV: 04:27:14 / 04:27:34 (100%) A-V:  0.000 ct: -2.001 Cache: 18s/13MB
AV: 04:27:15 / 04:27:34 (100%) A-V:  0.000 ct: -2.001 Cache: 18s/13MB
AV: 04:27:15 / 04:27:34 (100%) A-V:  0.000 ct: -2.001 Cache: 17s/13MB
AV: 04:27:15 / 04:27:34 (100%) A-V:  0.000 ct: -2.001 Cache: 17s/12MB
AV: 04:27:16 / 04:27:34 (100%) A-V:  0.000 ct: -2.001 Cache: 17s/12MB
AV: 04:27:16 / 04:27:34 (100%) A-V:  0.000 ct: -2.001 Cache: 16s/12MB
AV: 04:27:17 / 04:27:34 (100%) A-V:  0.000 ct: -2.001 Cache: 16s/12MB
AV: 04:27:17 / 04:27:34 (100%) A-V:  0.000 ct: -2.001 Cache: 16s/11MB
AV: 04:27:17 / 04:27:34 (100%) A-V:  0.000 ct: -2.001 Cache: 15s/11MB
AV: 04:27:18 / 04:27:34 (100%) A-V:  0.000 ct: -2.001 Cache: 15s/11MB
AV: 04:27:18 / 04:27:40 (100%) A-V:  0.000 ct: -2.001 Cache: 21s/15MB
AV: 04:27:18 / 04:27:40 (100%) A-V:  0.000 ct: -2.001 Cache: 20s/15MB
AV: 04:27:18 / 04:27:40 (100%) A-V:  0.000 ct: -2.001 Cache: 20s/14MB
AV: 04:27:19 / 04:27:40 (100%) A-V:  0.000 ct: -2.001 Cache: 20s/14MB
AV: 04:27:19 / 04:27:40 (100%) A-V:  0.000 ct: -2.001 Cache: 19s/14MB
AV: 04:27:20 / 04:27:40 (100%) A-V:  0.000 ct: -2.001 Cache: 19s/14MB
AV: 04:27:20 / 04:27:40 (100%) A-V:  0.000 ct: -2.001 Cache: 19s/13MB
AV: 04:27:20 / 04:27:40 (100%) A-V:  0.000 ct: -2.001 Cache: 18s/13MB
AV: 04:27:21 / 04:27:40 (100%) A-V:  0.000 ct: -2.001 Cache: 18s/13MB
AV: 04:27:21 / 04:27:40 (100%) A-V:  0.000 ct: -2.001 Cache: 17s/13MB
AV: 04:27:21 / 04:27:40 (100%) A-V:  0.000 ct: -2.001 Cache: 17s/12MB
AV: 04:27:22 / 04:27:40 (100%) A-V:  0.000 ct: -2.001 Cache: 17s/12MB
AV: 04:27:22 / 04:27:40 (100%) A-V:  0.000 ct: -2.001 Cache: 16s/12MB
AV: 04:27:22 / 04:27:40 (100%) A-V:  0.000 ct: -2.001 Cache: 16s/11MB
AV: 04:27:23 / 04:27:40 (100%) A-V:  0.000 ct: -2.001 Cache: 16s/11MB
AV: 04:27:23 / 04:27:40 (100%) A-V:  0.000 ct: -2.001 Cache: 15s/11MB
AV: 04:27:24 / 04:27:40 (100%) A-V:  0.000 ct: -2.001 Cache: 15s/11MB
AV: 04:27:24 / 04:27:40 (100%) A-V:  0.000 ct: -2.001 Cache: 15s/10MB
AV: 04:27:24 / 04:27:41 (100%) A-V:  0.000 ct: -2.001 Cache: 16s/11MB
AV: 04:27:24 / 04:27:46 (100%) A-V:  0.000 ct: -2.001 Cache: 20s/14MB
AV: 04:27:25 / 04:27:46 (100%) A-V:  0.000 ct: -2.001 Cache: 20s/14MB
AV: 04:27:25 / 04:27:46 (100%) A-V:  0.000 ct: -2.001 Cache: 19s/14MB
AV: 04:27:26 / 04:27:46 (100%) A-V:  0.000 ct: -2.001 Cache: 19s/14MB
AV: 04:27:26 / 04:27:46 (100%) A-V:  0.000 ct: -2.001 Cache: 19s/13MB
AV: 04:27:26 / 04:27:46 (100%) A-V:  0.000 ct: -2.001 Cache: 18s/13MB
AV: 04:27:27 / 04:27:46 (100%) A-V:  0.000 ct: -2.001 Cache: 18s/13MB
AV: 04:27:27 / 04:27:46 (100%) A-V:  0.000 ct: -2.001 Cache: 18s/12MB
AV: 04:27:27 / 04:27:46 (100%) A-V:  0.000 ct: -2.001 Cache: 17s/12MB
AV: 04:27:28 / 04:27:46 (100%) A-V:  0.000 ct: -2.001 Cache: 17s/12MB
AV: 04:27:28 / 04:27:46 (100%) A-V:  0.000 ct: -2.001 Cache: 16s/12MB
AV: 04:27:28 / 04:27:46 (100%) A-V:  0.000 ct: -2.001 Cache: 16s/11MB
AV: 04:27:29 / 04:27:46 (100%) A-V:  0.000 ct: -2.001 Cache: 16s/11MB
AV: 04:27:29 / 04:27:46 (100%) A-V:  0.000 ct: -2.001 Cache: 15s/11MB
AV: 04:27:30 / 04:27:46 (100%) A-V:  0.000 ct: -2.001 Cache: 15s/11MB
AV: 04:27:30 / 04:27:46 (100%) A-V:  0.000 ct: -2.001 Cache: 15s/10MB
AV: 04:27:30 / 04:27:46 (100%) A-V:  0.000 ct: -2.001 Cache: 14s/10MB
AV: 04:27:31 / 04:27:52 (100%) A-V:  0.000 ct: -2.001 Cache: 20s/15MB
AV: 04:27:31 / 04:27:52 (100%) A-V:  0.000 ct: -2.001 Cache: 20s/14MB
AV: 04:27:31 / 04:27:52 (100%) A-V:  0.000 ct: -2.001 Cache: 19s/14MB
AV: 04:27:32 / 04:27:52 (100%) A-V:  0.000 ct: -2.001 Cache: 19s/14MB
AV: 04:27:32 / 04:27:52 (100%) A-V:  0.000 ct: -2.001 Cache: 19s/13MB
AV: 04:27:32 / 04:27:52 (100%) A-V:  0.000 ct: -2.001 Cache: 18s/13MB
AV: 04:27:33 / 04:27:52 (100%) A-V:  0.000 ct: -2.001 Cache: 18s/13MB
AV: 04:27:33 / 04:27:52 (100%) A-V:  0.000 ct: -2.001 Cache: 17s/13MB
AV: 04:27:33 / 04:27:52 (100%) A-V:  0.000 ct: -2.001 Cache: 17s/12MB
AV: 04:27:34 / 04:27:52 (100%) A-V:  0.000 ct: -2.001 Cache: 17s/12MB
AV: 04:27:34 / 04:27:52 (100%) A-V:  0.000 ct: -2.001 Cache: 16s/12MB
AV: 04:27:35 / 04:27:52 (100%) A-V:  0.000 ct: -2.001 Cache: 16s/12MB
AV: 04:27:35 / 04:27:52 (100%) A-V:  0.000 ct: -2.001 Cache: 16s/11MB
AV: 04:27:35 / 04:27:52 (100%) A-V:  0.000 ct: -2.001 Cache: 15s/11MB
AV: 04:27:36 / 04:27:52 (100%) A-V:  0.000 ct: -2.001 Cache: 15s/11MB
AV: 04:27:36 / 04:27:52 (100%) A-V:  0.000 ct: -2.001 Cache: 14s/11MB
AV: 04:27:36 / 04:27:52 (100%) A-V:  0.000 ct: -2.001 Cache: 14s/10MB
AV: 04:27:37 / 04:27:52 (100%) A-V:  0.000 ct: -2.001 Cache: 14s/10MB
AV: 04:27:37 / 04:27:58 (100%) A-V:  0.000 ct: -2.001 Cache: 20s/15MB
AV: 04:27:37 / 04:27:58 (100%) A-V:  0.000 ct: -2.001 Cache: 20s/14MB
AV: 04:27:37 / 04:27:58 (100%) A-V:  0.000 ct: -2.001 Cache: 19s/14MB
AV: 04:27:38 / 04:27:58 (100%) A-V:  0.000 ct: -2.001 Cache: 19s/14MB
AV: 04:27:38 / 04:27:58 (100%) A-V:  0.000 ct: -2.001 Cache: 19s/13MB
AV: 04:27:38 / 04:27:58 (100%) A-V:  0.000 ct: -2.001 Cache: 18s/13MB
AV: 04:27:39 / 04:27:58 (100%) A-V:  0.000 ct: -2.001 Cache: 18s/13MB
AV: 04:27:39 / 04:27:58 (100%) A-V:  0.000 ct: -2.001 Cache: 17s/13MB
AV: 04:27:39 / 04:27:58 (100%) A-V:  0.000 ct: -2.001 Cache: 17s/12MB
AV: 04:27:40 / 04:27:58 (100%) A-V:  0.000 ct: -2.001 Cache: 17s/12MB
AV: 04:27:40 / 04:27:58 (100%) A-V:  0.000 ct: -2.001 Cache: 16s/12MB
AV: 04:27:41 / 04:27:58 (100%) A-V:  0.000 ct: -2.001 Cache: 16s/12MB
AV: 04:27:41 / 04:27:58 (100%) A-V:  0.000 ct: -2.001 Cache: 16s/11MB
AV: 04:27:41 / 04:27:58 (100%) A-V:  0.000 ct: -2.001 Cache: 15s/11MB
AV: 04:27:42 / 04:27:58 (100%) A-V:  0.000 ct: -2.001 Cache: 15s/11MB
AV: 04:27:42 / 04:27:58 (100%) A-V:  0.000 ct: -2.001 Cache: 15s/10MB
AV: 04:27:42 / 04:27:58 (100%) A-V:  0.000 ct: -2.001 Cache: 14s/10MB
AV: 04:27:43 / 04:27:58 (100%) A-V:  0.000 ct: -2.001 Cache: 14s/10MB
AV: 04:27:43 / 04:28:04 (100%) A-V:  0.000 ct: -2.001 Cache: 20s/14MB
AV: 04:27:43 / 04:28:10 (100%) A-V:  0.000 ct: -2.001 Cache: 26s/18MB
AV: 04:27:43 / 04:28:10 (100%) A-V:  0.000 ct: -2.001 Cache: 25s/18MB
AV: 04:27:44 / 04:28:10 (100%) A-V:  0.000 ct: -2.001 Cache: 25s/18MB
AV: 04:27:44 / 04:28:10 (100%) A-V:  0.000 ct: -2.001 Cache: 24s/18MB
AV: 04:27:44 / 04:28:10 (100%) A-V:  0.000 ct: -2.001 Cache: 24s/17MB
AV: 04:27:45 / 04:28:10 (100%) A-V:  0.000 ct: -2.001 Cache: 24s/17MB
AV: 04:27:45 / 04:28:10 (100%) A-V:  0.000 ct: -2.001 Cache: 23s/17MB
AV: 04:27:46 / 04:28:10 (100%) A-V:  0.000 ct: -2.001 Cache: 23s/17MB
AV: 04:27:46 / 04:28:10 (100%) A-V:  0.000 ct: -2.001 Cache: 23s/16MB
AV: 04:27:46 / 04:28:10 (100%) A-V:  0.000 ct: -2.001 Cache: 22s/16MB
AV: 04:27:47 / 04:28:10 (100%) A-V:  0.000 ct: -2.001 Cache: 22s/16MB
AV: 04:27:47 / 04:28:10 (100%) A-V:  0.000 ct: -2.001 Cache: 21s/16MB
AV: 04:27:47 / 04:28:10 (100%) A-V:  0.000 ct: -2.001 Cache: 21s/15MB
AV: 04:27:48 / 04:28:10 (100%) A-V:  0.000 ct: -2.001 Cache: 21s/15MB
AV: 04:27:48 / 04:28:10 (100%) A-V:  0.000 ct: -2.001 Cache: 20s/15MB
AV: 04:27:48 / 04:28:10 (100%) A-V:  0.000 ct: -2.001 Cache: 20s/14MB
AV: 04:27:49 / 04:28:10 (100%) A-V:  0.000 ct: -2.001 Cache: 20s/14MB
AV: 04:27:49 / 04:28:10 (100%) A-V:  0.000 ct: -2.001 Cache: 19s/14MB
AV: 04:27:49 / 04:28:10 (100%) A-V:  0.000 ct: -2.001 Cache: 19s/13MB
AV: 04:27:50 / 04:28:10 (100%) A-V:  0.000 ct: -2.001 Cache: 19s/13MB
AV: 04:27:50 / 04:28:10 (100%) A-V:  0.000 ct: -2.001 Cache: 18s/13MB
AV: 04:27:51 / 04:28:10 (100%) A-V:  0.000 ct: -2.001 Cache: 18s/13MB
AV: 04:27:51 / 04:28:10 (100%) A-V:  0.000 ct: -2.001 Cache: 18s/12MB
AV: 04:27:51 / 04:28:10 (100%) A-V:  0.000 ct: -2.001 Cache: 17s/12MB
AV: 04:27:52 / 04:28:10 (100%) A-V:  0.000 ct: -2.001 Cache: 17s/12MB
AV: 04:27:52 / 04:28:16 (100%) A-V:  0.000 ct: -2.001 Cache: 23s/16MB
AV: 04:27:52 / 04:28:16 (100%) A-V:  0.000 ct: -2.001 Cache: 22s/16MB
AV: 04:27:53 / 04:28:16 (100%) A-V:  0.000 ct: -2.001 Cache: 22s/16MB
AV: 04:27:53 / 04:28:16 (100%) A-V:  0.000 ct: -2.001 Cache: 22s/15MB
AV: 04:27:53 / 04:28:16 (100%) A-V:  0.000 ct: -2.001 Cache: 21s/15MB
AV: 04:27:54 / 04:28:16 (100%) A-V:  0.000 ct: -2.001 Cache: 21s/15MB
AV: 04:27:54 / 04:28:16 (100%) A-V:  0.000 ct: -2.001 Cache: 20s/14MB
AV: 04:27:55 / 04:28:16 (100%) A-V:  0.000 ct: -2.001 Cache: 20s/14MB
AV: 04:27:55 / 04:28:16 (100%) A-V:  0.000 ct: -2.001 Cache: 19s/14MB
AV: 04:27:56 / 04:28:16 (100%) A-V:  0.000 ct: -2.001 Cache: 19s/14MB
AV: 04:27:56 / 04:28:16 (100%) A-V:  0.000 ct: -2.001 Cache: 19s/13MB
AV: 04:27:56 / 04:28:16 (100%) A-V:  0.000 ct: -2.001 Cache: 18s/13MB
AV: 04:27:57 / 04:28:16 (100%) A-V:  0.000 ct: -2.001 Cache: 18s/13MB
AV: 04:27:57 / 04:28:16 (100%) A-V:  0.000 ct: -2.001 Cache: 18s/12MB
AV: 04:27:57 / 04:28:16 (100%) A-V:  0.000 ct: -2.001 Cache: 17s/12MB
AV: 04:27:58 / 04:28:16 (100%) A-V:  0.000 ct: -2.001 Cache: 17s/12MB
AV: 04:27:58 / 04:28:16 (100%) A-V:  0.000 ct: -2.001 Cache: 16s/12MB
AV: 04:27:58 / 04:28:22 (100%) A-V:  0.000 ct: -2.001 Cache: 22s/16MB
AV: 04:27:59 / 04:28:22 (100%) A-V:  0.000 ct: -2.001 Cache: 22s/16MB
AV: 04:27:59 / 04:28:22 (100%) A-V:  0.000 ct: -2.001 Cache: 21s/16MB
AV: 04:27:59 / 04:28:22 (100%) A-V:  0.000 ct: -2.001 Cache: 21s/15MB
AV: 04:28:00 / 04:28:22 (100%) A-V:  0.000 ct: -2.001 Cache: 21s/15MB
AV: 04:28:00 / 04:28:22 (100%) A-V:  0.000 ct: -2.001 Cache: 20s/15MB
AV: 04:28:01 / 04:28:22 (100%) A-V:  0.000 ct: -2.001 Cache: 20s/15MB
AV: 04:28:01 / 04:28:22 (100%) A-V:  0.000 ct: -2.001 Cache: 20s/14MB
AV: 04:28:01 / 04:28:22 (100%) A-V:  0.000 ct: -2.001 Cache: 19s/14MB
AV: 04:28:02 / 04:28:22 (100%) A-V:  0.000 ct: -2.001 Cache: 19s/14MB
AV: 04:28:02 / 04:28:22 (100%) A-V:  0.000 ct: -2.001 Cache: 19s/13MB
AV: 04:28:02 / 04:28:22 (100%) A-V:  0.000 ct: -2.001 Cache: 18s/13MB
AV: 04:28:03 / 04:28:22 (100%) A-V:  0.000 ct: -2.001 Cache: 18s/13MB
AV: 04:28:03 / 04:28:22 (100%) A-V:  0.000 ct: -2.001 Cache: 17s/13MB
AV: 04:28:03 / 04:28:22 (100%) A-V:  0.000 ct: -2.001 Cache: 17s/12MB
AV: 04:28:04 / 04:28:22 (100%) A-V:  0.000 ct: -2.001 Cache: 17s/12MB
AV: 04:28:04 / 04:28:22 (100%) A-V:  0.000 ct: -2.001 Cache: 16s/12MB
AV: 04:28:04 / 04:28:28 (100%) A-V:  0.000 ct: -2.001 Cache: 22s/16MB
AV: 04:28:05 / 04:28:28 (100%) A-V:  0.000 ct: -2.001 Cache: 22s/16MB
AV: 04:28:05 / 04:28:28 (100%) A-V:  0.000 ct: -2.001 Cache: 21s/16MB
AV: 04:28:05 / 04:28:28 (100%) A-V:  0.000 ct: -2.001 Cache: 21s/15MB
AV: 04:28:06 / 04:28:28 (100%) A-V:  0.000 ct: -2.001 Cache: 21s/15MB
AV: 04:28:06 / 04:28:28 (100%) A-V:  0.000 ct: -2.001 Cache: 20s/15MB
AV: 04:28:07 / 04:28:28 (100%) A-V:  0.000 ct: -2.001 Cache: 20s/15MB
AV: 04:28:07 / 04:28:28 (100%) A-V:  0.000 ct: -2.001 Cache: 20s/14MB
AV: 04:28:07 / 04:28:28 (100%) A-V:  0.000 ct: -2.001 Cache: 19s/14MB
AV: 04:28:08 / 04:28:28 (100%) A-V:  0.000 ct: -2.001 Cache: 19s/14MB
AV: 04:28:08 / 04:28:28 (100%) A-V:  0.000 ct: -2.001 Cache: 19s/13MB
AV: 04:28:08 / 04:28:28 (100%) A-V:  0.000 ct: -2.001 Cache: 18s/13MB
AV: 04:28:09 / 04:28:28 (100%) A-V:  0.000 ct: -2.001 Cache: 18s/13MB
AV: 04:28:09 / 04:28:28 (100%) A-V:  0.000 ct: -2.001 Cache: 17s/13MB
AV: 04:28:09 / 04:28:28 (100%) A-V:  0.000 ct: -2.001 Cache: 17s/12MB
AV: 04:28:10 / 04:28:28 (100%) A-V:  0.000 ct: -2.001 Cache: 17s/12MB
AV: 04:28:10 / 04:28:28 (100%) A-V:  0.000 ct: -2.001 Cache: 16s/12MB
AV: 04:28:11 / 04:28:28 (100%) A-V:  0.000 ct: -2.001 Cache: 16s/12MB
AV: 04:28:11 / 04:28:34 (100%) A-V:  0.000 ct: -2.001 Cache: 22s/16MB
AV: 04:28:11 / 04:28:34 (100%) A-V:  0.000 ct: -2.001 Cache: 21s/16MB
AV: 04:28:11 / 04:28:34 (100%) A-V:  0.000 ct: -2.001 Cache: 21s/15MB
AV: 04:28:12 / 04:28:34 (100%) A-V:  0.000 ct: -2.001 Cache: 21s/15MB
AV: 04:28:12 / 04:28:34 (100%) A-V:  0.000 ct: -2.001 Cache: 20s/15MB
AV: 04:28:13 / 04:28:34 (100%) A-V:  0.000 ct: -2.001 Cache: 20s/15MB
AV: 04:28:13 / 04:28:34 (100%) A-V:  0.000 ct: -2.001 Cache: 20s/14MB
AV: 04:28:13 / 04:28:34 (100%) A-V:  0.000 ct: -2.001 Cache: 19s/14MB
AV: 04:28:14 / 04:28:34 (100%) A-V:  0.000 ct: -2.001 Cache: 19s/14MB
AV: 04:28:14 / 04:28:34 (100%) A-V:  0.000 ct: -2.001 Cache: 19s/13MB
AV: 04:28:14 / 04:28:34 (100%) A-V:  0.000 ct: -2.001 Cache: 18s/13MB
AV: 04:28:15 / 04:28:34 (100%) A-V:  0.000 ct: -2.001 Cache: 18s/13MB
AV: 04:28:15 / 04:28:34 (100%) A-V:  0.000 ct: -2.001 Cache: 17s/13MB
AV: 04:28:15 / 04:28:34 (100%) A-V:  0.000 ct: -2.001 Cache: 17s/12MB
AV: 04:28:16 / 04:28:34 (100%) A-V:  0.000 ct: -2.001 Cache: 17s/12MB
AV: 04:28:16 / 04:28:34 (100%) A-V:  0.000 ct: -2.001 Cache: 16s/12MB
AV: 04:28:16 / 04:28:34 (100%) A-V:  0.000 ct: -2.001 Cache: 16s/11MB
AV: 04:28:17 / 04:28:34 (100%) A-V:  0.000 ct: -2.001 Cache: 16s/11MB
AV: 04:28:17 / 04:28:40 (100%) A-V:  0.000 ct: -2.001 Cache: 22s/16MB
AV: 04:28:17 / 04:28:40 (100%) A-V:  0.000 ct: -2.001 Cache: 22s/15MB
AV: 04:28:17 / 04:28:40 (100%) A-V:  0.000 ct: -2.001 Cache: 21s/15MB
AV: 04:28:18 / 04:28:40 (100%) A-V:  0.000 ct: -2.001 Cache: 21s/15MB
AV: 04:28:18 / 04:28:40 (100%) A-V: -0.000 ct: -2.001 Cache: 21s/15MB
AV: 04:28:18 / 04:28:40 (100%) A-V:  0.000 ct: -2.001 Cache: 21s/15MB
AV: 04:28:18 / 04:28:40 (100%) A-V:  0.000 ct: -2.001 Cache: 20s/15MB
AV: 04:28:18 / 04:28:40 (100%) A-V:  0.000 ct: -2.001 Cache: 20s/14MB
AV: 04:28:19 / 04:28:40 (100%) A-V:  0.000 ct: -2.001 Cache: 20s/14MB
AV: 04:28:19 / 04:28:40 (100%) A-V:  0.000 ct: -2.001 Cache: 19s/14MB
AV: 04:28:20 / 04:28:40 (100%) A-V:  0.000 ct: -2.001 Cache: 19s/14MB
AV: 04:28:20 / 04:28:40 (100%) A-V:  0.000 ct: -2.001 Cache: 19s/13MB
AV: 04:28:20 / 04:28:40 (100%) A-V:  0.000 ct: -2.001 Cache: 18s/13MB
AV: 04:28:21 / 04:28:40 (100%) A-V:  0.000 ct: -2.001 Cache: 18s/13MB
AV: 04:28:21 / 04:28:40 (100%) A-V:  0.000 ct: -2.001 Cache: 18s/12MB
AV: 04:28:21 / 04:28:40 (100%) A-V:  0.000 ct: -2.001 Cache: 17s/12MB
AV: 04:28:22 / 04:28:40 (100%) A-V:  0.000 ct: -2.001 Cache: 17s/12MB
AV: 04:28:22 / 04:28:40 (100%) A-V:  0.000 ct: -2.001 Cache: 16s/12MB
AV: 04:28:23 / 04:28:40 (100%) A-V:  0.000 ct: -2.001 Cache: 16s/12MB
AV: 04:28:23 / 04:28:40 (100%) A-V:  0.000 ct: -2.001 Cache: 16s/11MB
AV: 04:28:23 / 04:28:46 (100%) A-V:  0.000 ct: -2.001 Cache: 22s/16MB
AV: 04:28:23 / 04:28:46 (100%) A-V:  0.000 ct: -2.001 Cache: 22s/15MB
AV: 04:28:23 / 04:28:46 (100%) A-V:  0.000 ct: -2.001 Cache: 21s/15MB
AV: 04:28:24 / 04:28:46 (100%) A-V:  0.000 ct: -2.001 Cache: 21s/15MB
AV: 04:28:24 / 04:28:46 (100%) A-V:  0.000 ct: -2.001 Cache: 20s/15MB
AV: 04:28:24 / 04:28:46 (100%) A-V:  0.000 ct: -2.001 Cache: 20s/14MB
AV: 04:28:25 / 04:28:46 (100%) A-V:  0.000 ct: -2.001 Cache: 20s/14MB
AV: 04:28:25 / 04:28:46 (100%) A-V:  0.000 ct: -2.001 Cache: 19s/14MB
AV: 04:28:26 / 04:28:46 (100%) A-V:  0.000 ct: -2.001 Cache: 19s/14MB
AV: 04:28:26 / 04:28:46 (100%) A-V:  0.000 ct: -2.001 Cache: 19s/13MB
AV: 04:28:26 / 04:28:46 (100%) A-V:  0.000 ct: -2.001 Cache: 18s/13MB
AV: 04:28:27 / 04:28:46 (100%) A-V:  0.000 ct: -2.001 Cache: 18s/13MB
AV: 04:28:27 / 04:28:46 (100%) A-V:  0.000 ct: -2.001 Cache: 17s/13MB
AV: 04:28:27 / 04:28:46 (100%) A-V:  0.000 ct: -2.001 Cache: 17s/12MB
AV: 04:28:28 / 04:28:46 (100%) A-V:  0.000 ct: -2.001 Cache: 17s/12MB
AV: 04:28:28 / 04:28:46 (100%) A-V:  0.000 ct: -2.001 Cache: 16s/12MB
AV: 04:28:29 / 04:28:46 (100%) A-V:  0.000 ct: -2.001 Cache: 16s/12MB
AV: 04:28:29 / 04:28:46 (100%) A-V:  0.000 ct: -2.001 Cache: 16s/11MB
AV: 04:28:29 / 04:28:52 (100%) A-V:  0.000 ct: -2.001 Cache: 22s/15MB
AV: 04:28:29 / 04:28:52 (100%) A-V:  0.000 ct: -2.001 Cache: 21s/15MB
AV: 04:28:30 / 04:28:52 (100%) A-V:  0.000 ct: -2.001 Cache: 21s/15MB
AV: 04:28:30 / 04:28:52 (100%) A-V:  0.000 ct: -2.001 Cache: 20s/15MB
AV: 04:28:30 / 04:28:52 (100%) A-V:  0.000 ct: -2.001 Cache: 20s/14MB
AV: 04:28:31 / 04:28:52 (100%) A-V:  0.000 ct: -2.001 Cache: 20s/14MB
AV: 04:28:31 / 04:28:52 (100%) A-V:  0.000 ct: -2.001 Cache: 19s/14MB
AV: 04:28:32 / 04:28:52 (100%) A-V:  0.000 ct: -2.001 Cache: 19s/14MB
AV: 04:28:32 / 04:28:52 (100%) A-V:  0.000 ct: -2.001 Cache: 19s/13MB
AV: 04:28:32 / 04:28:52 (100%) A-V:  0.000 ct: -2.001 Cache: 18s/13MB
AV: 04:28:33 / 04:28:52 (100%) A-V:  0.000 ct: -2.001 Cache: 18s/13MB
AV: 04:28:33 / 04:28:52 (100%) A-V:  0.000 ct: -2.001 Cache: 17s/13MB
AV: 04:28:33 / 04:28:52 (100%) A-V:  0.000 ct: -2.001 Cache: 17s/12MB
AV: 04:28:34 / 04:28:52 (100%) A-V:  0.000 ct: -2.001 Cache: 17s/12MB
AV: 04:28:34 / 04:28:52 (100%) A-V:  0.000 ct: -2.001 Cache: 16s/12MB
AV: 04:28:35 / 04:28:52 (100%) A-V:  0.000 ct: -2.001 Cache: 16s/12MB
AV: 04:28:35 / 04:28:52 (100%) A-V:  0.000 ct: -2.001 Cache: 16s/11MB
AV: 04:28:35 / 04:28:58 (100%) A-V:  0.000 ct: -2.001 Cache: 21s/15MB
AV: 04:28:36 / 04:28:58 (100%) A-V:  0.000 ct: -2.001 Cache: 21s/15MB
AV: 04:28:36 / 04:28:58 (100%) A-V:  0.000 ct: -2.001 Cache: 20s/15MB
AV: 04:28:37 / 04:28:58 (100%) A-V:  0.000 ct: -2.001 Cache: 20s/15MB
AV: 04:28:37 / 04:28:58 (100%) A-V:  0.000 ct: -2.001 Cache: 20s/14MB
AV: 04:28:37 / 04:28:58 (100%) A-V:  0.000 ct: -2.001 Cache: 19s/14MB
AV: 04:28:38 / 04:28:58 (100%) A-V:  0.000 ct: -2.001 Cache: 19s/14MB
AV: 04:28:38 / 04:28:58 (100%) A-V:  0.000 ct: -2.001 Cache: 19s/13MB
AV: 04:28:38 / 04:28:58 (100%) A-V:  0.000 ct: -2.001 Cache: 18s/13MB
AV: 04:28:39 / 04:28:58 (100%) A-V:  0.000 ct: -2.001 Cache: 18s/13MB
AV: 04:28:39 / 04:28:58 (100%) A-V:  0.000 ct: -2.001 Cache: 17s/13MB
AV: 04:28:39 / 04:28:58 (100%) A-V:  0.000 ct: -2.001 Cache: 17s/12MB
AV: 04:28:40 / 04:28:58 (100%) A-V:  0.000 ct: -2.001 Cache: 17s/12MB
AV: 04:28:40 / 04:28:58 (100%) A-V:  0.000 ct: -2.001 Cache: 16s/12MB
AV: 04:28:41 / 04:28:58 (100%) A-V:  0.000 ct: -2.001 Cache: 16s/12MB
AV: 04:28:41 / 04:28:58 (100%) A-V:  0.000 ct: -2.001 Cache: 16s/11MB
AV: 04:28:41 / 04:28:58 (100%) A-V:  0.000 ct: -2.001 Cache: 15s/11MB
AV: 04:28:42 / 04:28:58 (100%) A-V:  0.000 ct: -2.001 Cache: 15s/11MB
AV: 04:28:42 / 04:28:58 (100%) A-V:  0.000 ct: -2.001 Cache: 15s/10MB
AV: 04:28:42 / 04:29:04 (100%) A-V:  0.000 ct: -2.001 Cache: 21s/15MB
AV: 04:28:42 / 04:29:04 (100%) A-V:  0.000 ct: -2.001 Cache: 20s/15MB
AV: 04:28:43 / 04:29:04 (100%) A-V:  0.000 ct: -2.001 Cache: 20s/15MB
AV: 04:28:43 / 04:29:04 (100%) A-V:  0.000 ct: -2.001 Cache: 20s/14MB
AV: 04:28:43 / 04:29:04 (100%) A-V:  0.000 ct: -2.001 Cache: 19s/14MB
AV: 04:28:44 / 04:29:04 (100%) A-V:  0.000 ct: -2.001 Cache: 19s/14MB
AV: 04:28:44 / 04:29:04 (100%) A-V:  0.000 ct: -2.001 Cache: 19s/13MB
AV: 04:28:44 / 04:29:04 (100%) A-V:  0.000 ct: -2.001 Cache: 18s/13MB
AV: 04:28:45 / 04:29:04 (100%) A-V:  0.000 ct: -2.001 Cache: 18s/13MB
AV: 04:28:45 / 04:29:04 (100%) A-V:  0.000 ct: -2.001 Cache: 17s/13MB
AV: 04:28:45 / 04:29:04 (100%) A-V:  0.000 ct: -2.001 Cache: 17s/12MB
AV: 04:28:46 / 04:29:04 (100%) A-V:  0.000 ct: -2.001 Cache: 17s/12MB
AV: 04:28:46 / 04:29:04 (100%) A-V:  0.000 ct: -2.001 Cache: 16s/12MB
AV: 04:28:47 / 04:29:04 (100%) A-V:  0.000 ct: -2.001 Cache: 16s/12MB
AV: 04:28:47 / 04:29:04 (100%) A-V:  0.000 ct: -2.001 Cache: 16s/11MB
AV: 04:28:47 / 04:29:04 (100%) A-V:  0.000 ct: -2.001 Cache: 15s/11MB
AV: 04:28:48 / 04:29:04 (100%) A-V:  0.000 ct: -2.001 Cache: 15s/11MB
AV: 04:28:48 / 04:29:10 (100%) A-V:  0.000 ct: -2.001 Cache: 21s/15MB
AV: 04:28:48 / 04:29:10 (100%) A-V:  0.000 ct: -2.001 Cache: 20s/15MB
AV: 04:28:49 / 04:29:10 (100%) A-V:  0.000 ct: -2.001 Cache: 20s/15MB
AV: 04:28:49 / 04:29:10 (100%) A-V:  0.000 ct: -2.001 Cache: 20s/14MB
AV: 04:28:49 / 04:29:10 (100%) A-V:  0.000 ct: -2.001 Cache: 19s/14MB
AV: 04:28:50 / 04:29:10 (100%) A-V:  0.000 ct: -2.001 Cache: 19s/14MB
AV: 04:28:50 / 04:29:10 (100%) A-V:  0.000 ct: -2.001 Cache: 18s/14MB
AV: 04:28:51 / 04:29:10 (100%) A-V:  0.000 ct: -2.001 Cache: 18s/13MB
AV: 04:28:51 / 04:29:10 (100%) A-V:  0.000 ct: -2.001 Cache: 17s/13MB
AV: 04:28:52 / 04:29:10 (100%) A-V:  0.000 ct: -2.001 Cache: 17s/13MB
AV: 04:28:52 / 04:29:10 (100%) A-V:  0.000 ct: -2.001 Cache: 17s/12MB
AV: 04:28:52 / 04:29:10 (100%) A-V:  0.000 ct: -2.001 Cache: 16s/12MB
AV: 04:28:53 / 04:29:10 (100%) A-V:  0.000 ct: -2.001 Cache: 16s/12MB
AV: 04:28:53 / 04:29:10 (100%) A-V:  0.000 ct: -2.001 Cache: 15s/12MB
AV: 04:28:53 / 04:29:10 (100%) A-V:  0.000 ct: -2.001 Cache: 15s/11MB
AV: 04:28:54 / 04:29:10 (100%) A-V:  0.000 ct: -2.001 Cache: 15s/11MB
AV: 04:28:54 / 04:29:16 (100%) A-V:  0.000 ct: -2.001 Cache: 21s/15MB
AV: 04:28:54 / 04:29:16 (100%) A-V:  0.000 ct: -2.001 Cache: 20s/15MB
AV: 04:28:55 / 04:29:16 (100%) A-V:  0.000 ct: -2.001 Cache: 20s/15MB
AV: 04:28:55 / 04:29:16 (100%) A-V:  0.000 ct: -2.001 Cache: 20s/14MB
AV: 04:28:55 / 04:29:16 (100%) A-V:  0.000 ct: -2.001 Cache: 19s/14MB
AV: 04:28:56 / 04:29:16 (100%) A-V:  0.000 ct: -2.001 Cache: 19s/14MB
AV: 04:28:56 / 04:29:16 (100%) A-V:  0.000 ct: -2.001 Cache: 19s/13MB
AV: 04:28:56 / 04:29:16 (100%) A-V:  0.000 ct: -2.001 Cache: 18s/13MB
AV: 04:28:57 / 04:29:16 (100%) A-V:  0.000 ct: -2.001 Cache: 18s/13MB
AV: 04:28:57 / 04:29:16 (100%) A-V:  0.000 ct: -2.001 Cache: 17s/13MB
AV: 04:28:57 / 04:29:16 (100%) A-V:  0.000 ct: -2.001 Cache: 17s/12MB
AV: 04:28:58 / 04:29:16 (100%) A-V:  0.000 ct: -2.001 Cache: 17s/12MB
AV: 04:28:58 / 04:29:16 (100%) A-V:  0.000 ct: -2.001 Cache: 16s/12MB
AV: 04:28:59 / 04:29:16 (100%) A-V:  0.000 ct: -2.001 Cache: 16s/12MB
AV: 04:28:59 / 04:29:16 (100%) A-V:  0.000 ct: -2.001 Cache: 16s/11MB
AV: 04:28:59 / 04:29:16 (100%) A-V:  0.000 ct: -2.001 Cache: 15s/11MB
AV: 04:29:00 / 04:29:16 (100%) A-V:  0.000 ct: -2.001 Cache: 15s/11MB
AV: 04:29:00 / 04:29:22 (100%) A-V:  0.000 ct: -2.001 Cache: 21s/15MB
AV: 04:29:00 / 04:29:22 (100%) A-V:  0.000 ct: -2.001 Cache: 20s/15MB
AV: 04:29:01 / 04:29:22 (100%) A-V:  0.000 ct: -2.001 Cache: 20s/15MB
AV: 04:29:01 / 04:29:22 (100%) A-V:  0.000 ct: -2.001 Cache: 20s/14MB
AV: 04:29:01 / 04:29:22 (100%) A-V:  0.000 ct: -2.001 Cache: 19s/14MB
AV: 04:29:02 / 04:29:22 (100%) A-V:  0.000 ct: -2.001 Cache: 19s/14MB
AV: 04:29:02 / 04:29:22 (100%) A-V:  0.000 ct: -2.001 Cache: 19s/13MB
AV: 04:29:02 / 04:29:22 (100%) A-V:  0.000 ct: -2.001 Cache: 18s/13MB
AV: 04:29:03 / 04:29:22 (100%) A-V:  0.000 ct: -2.001 Cache: 18s/13MB
AV: 04:29:03 / 04:29:22 (100%) A-V:  0.000 ct: -2.001 Cache: 18s/12MB
AV: 04:29:03 / 04:29:22 (100%) A-V:  0.000 ct: -2.001 Cache: 17s/12MB
AV: 04:29:04 / 04:29:22 (100%) A-V:  0.000 ct: -2.001 Cache: 17s/12MB
AV: 04:29:04 / 04:29:22 (100%) A-V:  0.000 ct: -2.001 Cache: 16s/12MB
AV: 04:29:04 / 04:29:22 (100%) A-V:  0.000 ct: -2.001 Cache: 16s/11MB
AV: 04:29:05 / 04:29:22 (100%) A-V:  0.000 ct: -2.001 Cache: 16s/11MB
AV: 04:29:05 / 04:29:22 (100%) A-V:  0.000 ct: -2.001 Cache: 15s/11MB
AV: 04:29:06 / 04:29:22 (100%) A-V:  0.000 ct: -2.001 Cache: 15s/11MB
AV: 04:29:06 / 04:29:28 (100%) A-V:  0.000 ct: -2.001 Cache: 21s/15MB
AV: 04:29:06 / 04:29:28 (100%) A-V:  0.000 ct: -2.001 Cache: 20s/15MB
AV: 04:29:07 / 04:29:28 (100%) A-V:  0.000 ct: -2.001 Cache: 20s/15MB
AV: 04:29:07 / 04:29:28 (100%) A-V:  0.000 ct: -2.001 Cache: 20s/14MB
AV: 04:29:07 / 04:29:28 (100%) A-V:  0.000 ct: -2.001 Cache: 19s/14MB
AV: 04:29:08 / 04:29:28 (100%) A-V:  0.000 ct: -2.001 Cache: 19s/14MB
AV: 04:29:08 / 04:29:28 (100%) A-V:  0.000 ct: -2.001 Cache: 19s/13MB
AV: 04:29:08 / 04:29:28 (100%) A-V:  0.000 ct: -2.001 Cache: 18s/13MB
AV: 04:29:09 / 04:29:28 (100%) A-V:  0.000 ct: -2.001 Cache: 18s/13MB
AV: 04:29:09 / 04:29:28 (100%) A-V:  0.000 ct: -2.001 Cache: 18s/12MB
AV: 04:29:09 / 04:29:28 (100%) A-V:  0.000 ct: -2.001 Cache: 17s/12MB
AV: 04:29:10 / 04:29:28 (100%) A-V:  0.000 ct: -2.001 Cache: 17s/12MB
AV: 04:29:10 / 04:29:28 (100%) A-V:  0.000 ct: -2.001 Cache: 16s/12MB
AV: 04:29:11 / 04:29:28 (100%) A-V:  0.000 ct: -2.001 Cache: 16s/12MB
AV: 04:29:11 / 04:29:28 (100%) A-V:  0.000 ct: -2.001 Cache: 16s/11MB
AV: 04:29:11 / 04:29:28 (100%) A-V:  0.000 ct: -2.001 Cache: 15s/11MB
AV: 04:29:12 / 04:29:28 (100%) A-V:  0.000 ct: -2.001 Cache: 15s/11MB
AV: 04:29:12 / 04:29:33 (100%) A-V:  0.000 ct: -2.001 Cache: 20s/14MB
AV: 04:29:12 / 04:29:34 (100%) A-V:  0.000 ct: -2.001 Cache: 21s/14MB
AV: 04:29:12 / 04:29:34 (100%) A-V:  0.000 ct: -2.001 Cache: 20s/14MB
AV: 04:29:13 / 04:29:34 (100%) A-V:  0.000 ct: -2.001 Cache: 20s/14MB
AV: 04:29:13 / 04:29:34 (100%) A-V:  0.000 ct: -2.001 Cache: 19s/14MB
AV: 04:29:14 / 04:29:34 (100%) A-V:  0.000 ct: -2.001 Cache: 19s/14MB
AV: 04:29:14 / 04:29:34 (100%) A-V:  0.000 ct: -2.001 Cache: 19s/13MB
AV: 04:29:14 / 04:29:34 (100%) A-V:  0.000 ct: -2.001 Cache: 18s/13MB
AV: 04:29:15 / 04:29:34 (100%) A-V:  0.000 ct: -2.001 Cache: 18s/13MB
AV: 04:29:15 / 04:29:34 (100%) A-V:  0.000 ct: -2.001 Cache: 18s/12MB
AV: 04:29:15 / 04:29:34 (100%) A-V:  0.000 ct: -2.001 Cache: 17s/12MB
AV: 04:29:16 / 04:29:34 (100%) A-V:  0.000 ct: -2.001 Cache: 17s/12MB
AV: 04:29:16 / 04:29:34 (100%) A-V:  0.000 ct: -2.001 Cache: 16s/12MB
AV: 04:29:16 / 04:29:34 (100%) A-V:  0.000 ct: -2.001 Cache: 16s/11MB
AV: 04:29:17 / 04:29:34 (100%) A-V:  0.000 ct: -2.001 Cache: 16s/11MB
AV: 04:29:17 / 04:29:34 (100%) A-V:  0.000 ct: -2.001 Cache: 15s/11MB
AV: 04:29:18 / 04:29:34 (100%) A-V:  0.000 ct: -2.001 Cache: 15s/10MB
AV: 04:29:18 / 04:29:34 (100%) A-V:  0.000 ct: -2.001 Cache: 14s/10MB
AV: 04:29:18 / 04:29:40 (100%) A-V:  0.000 ct: -2.001 Cache: 20s/15MB
AV: 04:29:18 / 04:29:40 (100%) A-V:  0.000 ct: -2.001 Cache: 20s/14MB
AV: 04:29:19 / 04:29:40 (100%) A-V:  0.000 ct: -2.001 Cache: 20s/14MB
AV: 04:29:19 / 04:29:40 (100%) A-V:  0.000 ct: -2.001 Cache: 19s/14MB
AV: 04:29:20 / 04:29:40 (100%) A-V:  0.000 ct: -2.001 Cache: 19s/14MB
AV: 04:29:20 / 04:29:40 (100%) A-V:  0.000 ct: -2.001 Cache: 19s/13MB
AV: 04:29:20 / 04:29:40 (100%) A-V:  0.000 ct: -2.001 Cache: 18s/13MB
AV: 04:29:21 / 04:29:40 (100%) A-V:  0.000 ct: -2.001 Cache: 18s/13MB
AV: 04:29:21 / 04:29:40 (100%) A-V:  0.000 ct: -2.001 Cache: 17s/13MB
AV: 04:29:22 / 04:29:40 (100%) A-V:  0.000 ct: -2.001 Cache: 17s/13MB
AV: 04:29:22 / 04:29:40 (100%) A-V:  0.000 ct: -2.001 Cache: 17s/12MB
AV: 04:29:22 / 04:29:40 (100%) A-V:  0.000 ct: -2.001 Cache: 16s/12MB
AV: 04:29:23 / 04:29:40 (100%) A-V:  0.000 ct: -2.001 Cache: 16s/12MB
AV: 04:29:23 / 04:29:40 (100%) A-V:  0.000 ct: -2.001 Cache: 16s/11MB
AV: 04:29:23 / 04:29:40 (100%) A-V:  0.000 ct: -2.001 Cache: 15s/11MB
AV: 04:29:24 / 04:29:40 (100%) A-V:  0.000 ct: -2.001 Cache: 15s/11MB
AV: 04:29:24 / 04:29:40 (100%) A-V:  0.000 ct: -2.001 Cache: 15s/10MB
AV: 04:29:24 / 04:29:40 (100%) A-V:  0.000 ct: -2.001 Cache: 14s/10MB
AV: 04:29:24 / 04:29:46 (100%) A-V:  0.000 ct: -2.001 Cache: 20s/14MB
AV: 04:29:25 / 04:29:46 (100%) A-V:  0.000 ct: -2.001 Cache: 20s/14MB
AV: 04:29:25 / 04:29:46 (100%) A-V:  0.000 ct: -2.001 Cache: 20s/13MB
AV: 04:29:25 / 04:29:46 (100%) A-V:  0.000 ct: -2.001 Cache: 19s/13MB
AV: 04:29:26 / 04:29:46 (100%) A-V:  0.000 ct: -2.001 Cache: 19s/13MB
AV: 04:29:26 / 04:29:46 (100%) A-V:  0.000 ct: -2.001 Cache: 18s/13MB
AV: 04:29:26 / 04:29:46 (100%) A-V:  0.000 ct: -2.001 Cache: 18s/12MB
AV: 04:29:27 / 04:29:46 (100%) A-V:  0.000 ct: -2.001 Cache: 18s/12MB
AV: 04:29:27 / 04:29:46 (100%) A-V:  0.000 ct: -2.001 Cache: 17s/12MB
AV: 04:29:28 / 04:29:46 (100%) A-V:  0.000 ct: -2.001 Cache: 17s/12MB
AV: 04:29:28 / 04:29:46 (100%) A-V:  0.000 ct: -2.001 Cache: 17s/11MB
AV: 04:29:28 / 04:29:46 (100%) A-V:  0.000 ct: -2.001 Cache: 16s/11MB
AV: 04:29:29 / 04:29:46 (100%) A-V:  0.000 ct: -2.001 Cache: 16s/11MB
AV: 04:29:29 / 04:29:46 (100%) A-V:  0.000 ct: -2.001 Cache: 15s/11MB
AV: 04:29:30 / 04:29:46 (100%) A-V:  0.000 ct: -2.001 Cache: 15s/11MB
AV: 04:29:30 / 04:29:46 (100%) A-V:  0.000 ct: -2.001 Cache: 15s/10MB
AV: 04:29:30 / 04:29:46 (100%) A-V:  0.000 ct: -2.001 Cache: 14s/10MB
AV: 04:29:31 / 04:29:46 (100%) A-V:  0.000 ct: -2.001 Cache: 14s/10MB
AV: 04:29:31 / 04:29:52 (100%) A-V:  0.000 ct: -2.001 Cache: 20s/14MB
AV: 04:29:31 / 04:29:52 (100%) A-V:  0.000 ct: -2.001 Cache: 19s/14MB
AV: 04:29:32 / 04:29:52 (100%) A-V:  0.000 ct: -2.001 Cache: 19s/14MB
AV: 04:29:32 / 04:29:52 (100%) A-V:  0.000 ct: -2.001 Cache: 19s/13MB
AV: 04:29:32 / 04:29:52 (100%) A-V:  0.000 ct: -2.001 Cache: 18s/13MB
AV: 04:29:33 / 04:29:52 (100%) A-V:  0.000 ct: -2.001 Cache: 18s/13MB
AV: 04:29:33 / 04:29:52 (100%) A-V:  0.000 ct: -2.001 Cache: 18s/12MB
AV: 04:29:33 / 04:29:52 (100%) A-V:  0.000 ct: -2.001 Cache: 17s/12MB
AV: 04:29:34 / 04:29:52 (100%) A-V:  0.000 ct: -2.001 Cache: 17s/12MB
AV: 04:29:34 / 04:29:52 (100%) A-V:  0.000 ct: -2.001 Cache: 16s/12MB
AV: 04:29:34 / 04:29:52 (100%) A-V:  0.000 ct: -2.001 Cache: 16s/11MB
AV: 04:29:35 / 04:29:52 (100%) A-V:  0.000 ct: -2.001 Cache: 16s/11MB
AV: 04:29:35 / 04:29:52 (100%) A-V:  0.000 ct: -2.001 Cache: 15s/11MB
AV: 04:29:36 / 04:29:52 (100%) A-V:  0.000 ct: -2.001 Cache: 15s/11MB
AV: 04:29:36 / 04:29:52 (100%) A-V:  0.000 ct: -2.001 Cache: 15s/10MB
AV: 04:29:36 / 04:29:52 (100%) A-V:  0.000 ct: -2.001 Cache: 14s/10MB
AV: 04:29:37 / 04:29:52 (100%) A-V:  0.000 ct: -2.001 Cache: 14s/10MB
AV: 04:29:37 / 04:29:52 (100%) A-V:  0.000 ct: -2.001 Cache: 15s/10MB
AV: 04:29:37 / 04:29:53 (100%) A-V:  0.000 ct: -2.001 Cache: 16s/11MB
AV: 04:29:37 / 04:29:58 (100%) A-V:  0.000 ct: -2.001 Cache: 20s/14MB
AV: 04:29:37 / 04:29:58 (100%) A-V:  0.000 ct: -2.001 Cache: 19s/14MB
AV: 04:29:38 / 04:29:58 (100%) A-V:  0.000 ct: -2.001 Cache: 19s/14MB
AV: 04:29:38 / 04:29:58 (100%) A-V:  0.000 ct: -2.001 Cache: 19s/13MB
AV: 04:29:38 / 04:29:58 (100%) A-V:  0.000 ct: -2.001 Cache: 18s/13MB
AV: 04:29:39 / 04:29:58 (100%) A-V:  0.000 ct: -2.001 Cache: 18s/13MB
AV: 04:29:39 / 04:29:58 (100%) A-V:  0.000 ct: -2.001 Cache: 18s/12MB
AV: 04:29:39 / 04:29:58 (100%) A-V:  0.000 ct: -2.001 Cache: 17s/12MB
AV: 04:29:40 / 04:29:58 (100%) A-V:  0.000 ct: -2.001 Cache: 17s/12MB
AV: 04:29:40 / 04:29:58 (100%) A-V:  0.000 ct: -2.001 Cache: 16s/12MB
AV: 04:29:41 / 04:29:58 (100%) A-V:  0.000 ct: -2.001 Cache: 16s/12MB
AV: 04:29:41 / 04:29:58 (100%) A-V:  0.000 ct: -2.001 Cache: 16s/11MB
AV: 04:29:41 / 04:29:58 (100%) A-V:  0.000 ct: -2.001 Cache: 15s/11MB
AV: 04:29:42 / 04:29:58 (100%) A-V:  0.000 ct: -2.001 Cache: 15s/11MB
AV: 04:29:42 / 04:29:58 (100%) A-V:  0.000 ct: -2.001 Cache: 14s/11MB
AV: 04:29:42 / 04:29:58 (100%) A-V:  0.000 ct: -2.001 Cache: 14s/10MB
AV: 04:29:43 / 04:29:58 (100%) A-V:  0.000 ct: -2.001 Cache: 14s/10MB
AV: 04:29:43 / 04:30:04 (100%) A-V:  0.000 ct: -2.001 Cache: 20s/15MB
AV: 04:29:43 / 04:30:04 (100%) A-V:  0.000 ct: -2.001 Cache: 19s/15MB
AV: 04:29:43 / 04:30:04 (100%) A-V:  0.000 ct: -2.001 Cache: 19s/14MB
AV: 04:29:44 / 04:30:04 (100%) A-V:  0.000 ct: -2.001 Cache: 19s/14MB
AV: 04:29:44 / 04:30:04 (100%) A-V:  0.000 ct: -2.001 Cache: 18s/14MB
AV: 04:29:45 / 04:30:04 (100%) A-V:  0.000 ct: -2.001 Cache: 18s/14MB
AV: 04:29:45 / 04:30:04 (100%) A-V:  0.000 ct: -2.001 Cache: 18s/13MB
AV: 04:29:45 / 04:30:04 (100%) A-V:  0.000 ct: -2.001 Cache: 17s/13MB
AV: 04:29:46 / 04:30:04 (100%) A-V:  0.000 ct: -2.001 Cache: 17s/13MB
AV: 04:29:46 / 04:30:04 (100%) A-V:  0.000 ct: -2.001 Cache: 17s/12MB
AV: 04:29:46 / 04:30:04 (100%) A-V:  0.000 ct: -2.001 Cache: 16s/12MB
AV: 04:29:47 / 04:30:04 (100%) A-V:  0.000 ct: -2.001 Cache: 16s/12MB
AV: 04:29:47 / 04:30:04 (100%) A-V:  0.000 ct: -2.001 Cache: 16s/11MB
AV: 04:29:47 / 04:30:04 (100%) A-V:  0.000 ct: -2.001 Cache: 15s/11MB
AV: 04:29:48 / 04:30:04 (100%) A-V:  0.000 ct: -2.001 Cache: 15s/11MB
AV: 04:29:48 / 04:30:04 (100%) A-V:  0.000 ct: -2.001 Cache: 14s/11MB
AV: 04:29:49 / 04:30:04 (100%) A-V:  0.000 ct: -2.001 Cache: 14s/11MB
AV: 04:29:49 / 04:30:04 (100%) A-V:  0.000 ct: -2.001 Cache: 14s/10MB
AV: 04:29:49 / 04:30:10 (100%) A-V:  0.000 ct: -2.001 Cache: 20s/14MB
AV: 04:29:49 / 04:30:10 (100%) A-V:  0.000 ct: -2.001 Cache: 19s/14MB
AV: 04:29:50 / 04:30:10 (100%) A-V:  0.000 ct: -2.001 Cache: 19s/14MB
AV: 04:29:50 / 04:30:16 (100%) A-V:  0.000 ct: -2.001 Cache: 25s/18MB
AV: 04:29:50 / 04:30:16 (100%) A-V:  0.000 ct: -2.001 Cache: 24s/18MB
AV: 04:29:50 / 04:30:16 (100%) A-V:  0.000 ct: -2.001 Cache: 24s/17MB
AV: 04:29:51 / 04:30:16 (100%) A-V:  0.000 ct: -2.001 Cache: 24s/17MB
AV: 04:29:51 / 04:30:16 (100%) A-V:  0.000 ct: -2.001 Cache: 23s/17MB
AV: 04:29:52 / 04:30:16 (100%) A-V:  0.000 ct: -2.001 Cache: 23s/17MB
AV: 04:29:52 / 04:30:16 (100%) A-V:  0.000 ct: -2.001 Cache: 23s/16MB
AV: 04:29:52 / 04:30:16 (100%) A-V:  0.000 ct: -2.001 Cache: 22s/16MB
AV: 04:29:53 / 04:30:16 (100%) A-V:  0.000 ct: -2.001 Cache: 22s/16MB
AV: 04:29:53 / 04:30:16 (100%) A-V:  0.000 ct: -2.001 Cache: 22s/15MB
AV: 04:29:53 / 04:30:16 (100%) A-V:  0.000 ct: -2.001 Cache: 21s/15MB
AV: 04:29:54 / 04:30:16 (100%) A-V:  0.000 ct: -2.001 Cache: 21s/15MB
AV: 04:29:54 / 04:30:16 (100%) A-V:  0.000 ct: -2.001 Cache: 21s/14MB
AV: 04:29:54 / 04:30:16 (100%) A-V:  0.000 ct: -2.001 Cache: 20s/14MB
AV: 04:29:55 / 04:30:16 (100%) A-V:  0.000 ct: -2.001 Cache: 20s/14MB
AV: 04:29:55 / 04:30:16 (100%) A-V:  0.000 ct: -2.001 Cache: 19s/14MB
AV: 04:29:55 / 04:30:16 (100%) A-V:  0.000 ct: -2.001 Cache: 19s/13MB
AV: 04:29:56 / 04:30:16 (100%) A-V:  0.000 ct: -2.001 Cache: 19s/13MB
AV: 04:29:56 / 04:30:16 (100%) A-V:  0.000 ct: -2.001 Cache: 18s/13MB
AV: 04:29:57 / 04:30:16 (100%) A-V:  0.000 ct: -2.001 Cache: 18s/13MB
AV: 04:29:57 / 04:30:16 (100%) A-V:  0.000 ct: -2.001 Cache: 18s/12MB
AV: 04:29:57 / 04:30:16 (100%) A-V:  0.000 ct: -2.001 Cache: 17s/12MB
AV: 04:29:58 / 04:30:16 (100%) A-V:  0.000 ct: -2.001 Cache: 17s/12MB
AV: 04:29:58 / 04:30:16 (100%) A-V:  0.000 ct: -2.001 Cache: 16s/12MB
AV: 04:29:58 / 04:30:16 (100%) A-V:  0.000 ct: -2.001 Cache: 16s/11MB
AV: 04:29:59 / 04:30:16 (100%) A-V:  0.000 ct: -2.001 Cache: 16s/11MB
AV: 04:29:59 / 04:30:16 (100%) A-V:  0.000 ct: -2.001 Cache: 17s/12MB
AV: 04:29:59 / 04:30:22 (100%) A-V:  0.000 ct: -2.001 Cache: 22s/16MB
AV: 04:29:59 / 04:30:22 (100%) A-V:  0.000 ct: -2.001 Cache: 22s/15MB
AV: 04:29:59 / 04:30:22 (100%) A-V:  0.000 ct: -2.001 Cache: 21s/15MB
AV: 04:30:00 / 04:30:22 (100%) A-V:  0.000 ct: -2.001 Cache: 21s/15MB
AV: 04:30:00 / 04:30:22 (100%) A-V:  0.000 ct: -2.001 Cache: 21s/14MB
AV: 04:30:00 / 04:30:22 (100%) A-V:  0.000 ct: -2.001 Cache: 20s/14MB
AV: 04:30:01 / 04:30:22 (100%) A-V:  0.000 ct: -2.001 Cache: 20s/14MB
AV: 04:30:01 / 04:30:22 (100%) A-V:  0.000 ct: -2.001 Cache: 19s/14MB
AV: 04:30:01 / 04:30:22 (100%) A-V:  0.000 ct: -2.001 Cache: 19s/13MB
AV: 04:30:02 / 04:30:22 (100%) A-V:  0.000 ct: -2.001 Cache: 19s/13MB
AV: 04:30:02 / 04:30:22 (100%) A-V:  0.000 ct: -2.001 Cache: 18s/13MB
AV: 04:30:03 / 04:30:22 (100%) A-V:  0.000 ct: -2.001 Cache: 18s/13MB
AV: 04:30:03 / 04:30:22 (100%) A-V:  0.000 ct: -2.001 Cache: 18s/12MB
AV: 04:30:03 / 04:30:22 (100%) A-V:  0.000 ct: -2.001 Cache: 17s/12MB
AV: 04:30:04 / 04:30:22 (100%) A-V:  0.000 ct: -2.001 Cache: 17s/12MB
AV: 04:30:04 / 04:30:22 (100%) A-V:  0.000 ct: -2.001 Cache: 17s/11MB
AV: 04:30:04 / 04:30:22 (100%) A-V:  0.000 ct: -2.001 Cache: 16s/11MB
AV: 04:30:05 / 04:30:22 (100%) A-V:  0.000 ct: -2.001 Cache: 16s/11MB
AV: 04:30:05 / 04:30:28 (100%) A-V:  0.000 ct: -2.001 Cache: 22s/16MB
AV: 04:30:05 / 04:30:28 (100%) A-V:  0.000 ct: -2.001 Cache: 22s/15MB
AV: 04:30:05 / 04:30:28 (100%) A-V:  0.000 ct: -2.001 Cache: 21s/15MB
AV: 04:30:06 / 04:30:28 (100%) A-V:  0.000 ct: -2.001 Cache: 21s/15MB
AV: 04:30:06 / 04:30:28 (100%) A-V:  0.000 ct: -2.001 Cache: 20s/15MB
AV: 04:30:06 / 04:30:28 (100%) A-V:  0.000 ct: -2.001 Cache: 20s/14MB
AV: 04:30:07 / 04:30:28 (100%) A-V:  0.000 ct: -2.001 Cache: 20s/14MB
AV: 04:30:07 / 04:30:28 (100%) A-V:  0.000 ct: -2.001 Cache: 19s/14MB
AV: 04:30:08 / 04:30:28 (100%) A-V:  0.000 ct: -2.001 Cache: 19s/14MB
AV: 04:30:08 / 04:30:28 (100%) A-V:  0.000 ct: -2.001 Cache: 19s/13MB
AV: 04:30:08 / 04:30:28 (100%) A-V:  0.000 ct: -2.001 Cache: 18s/13MB
AV: 04:30:09 / 04:30:28 (100%) A-V:  0.000 ct: -2.001 Cache: 18s/13MB
AV: 04:30:09 / 04:30:28 (100%) A-V:  0.000 ct: -2.001 Cache: 17s/13MB
AV: 04:30:10 / 04:30:28 (100%) A-V:  0.000 ct: -2.001 Cache: 17s/13MB
AV: 04:30:10 / 04:30:28 (100%) A-V:  0.000 ct: -2.001 Cache: 17s/12MB
AV: 04:30:10 / 04:30:28 (100%) A-V:  0.000 ct: -2.001 Cache: 16s/12MB
AV: 04:30:11 / 04:30:28 (100%) A-V:  0.000 ct: -2.001 Cache: 16s/12MB
AV: 04:30:11 / 04:30:34 (100%) A-V:  0.000 ct: -2.001 Cache: 22s/16MB
AV: 04:30:11 / 04:30:34 (100%) A-V:  0.000 ct: -2.001 Cache: 21s/16MB
AV: 04:30:11 / 04:30:34 (100%) A-V:  0.000 ct: -2.001 Cache: 21s/15MB
AV: 04:30:12 / 04:30:34 (100%) A-V:  0.000 ct: -2.001 Cache: 21s/15MB
AV: 04:30:12 / 04:30:34 (100%) A-V:  0.000 ct: -2.001 Cache: 20s/15MB
AV: 04:30:12 / 04:30:34 (100%) A-V:  0.000 ct: -2.001 Cache: 20s/14MB
AV: 04:30:13 / 04:30:34 (100%) A-V:  0.000 ct: -2.001 Cache: 20s/14MB
AV: 04:30:13 / 04:30:34 (100%) A-V:  0.000 ct: -2.001 Cache: 19s/14MB
AV: 04:30:14 / 04:30:34 (100%) A-V:  0.000 ct: -2.001 Cache: 19s/14MB
AV: 04:30:14 / 04:30:34 (100%) A-V:  0.000 ct: -2.001 Cache: 19s/13MB
AV: 04:30:14 / 04:30:34 (100%) A-V:  0.000 ct: -2.001 Cache: 18s/13MB
AV: 04:30:15 / 04:30:34 (100%) A-V:  0.000 ct: -2.001 Cache: 18s/13MB
AV: 04:30:15 / 04:30:34 (100%) A-V:  0.000 ct: -2.001 Cache: 17s/13MB
AV: 04:30:15 / 04:30:34 (100%) A-V:  0.000 ct: -2.001 Cache: 17s/12MB
AV: 04:30:16 / 04:30:34 (100%) A-V:  0.000 ct: -2.001 Cache: 17s/12MB
AV: 04:30:16 / 04:30:34 (100%) A-V:  0.000 ct: -2.001 Cache: 16s/12MB
AV: 04:30:17 / 04:30:34 (100%) A-V:  0.000 ct: -2.001 Cache: 16s/12MB
AV: 04:30:17 / 04:30:34 (100%) A-V:  0.000 ct: -2.001 Cache: 16s/11MB
AV: 04:30:17 / 04:30:40 (100%) A-V:  0.000 ct: -2.001 Cache: 22s/16MB
AV: 04:30:17 / 04:30:40 (100%) A-V:  0.000 ct: -2.001 Cache: 21s/16MB
AV: 04:30:17 / 04:30:40 (100%) A-V:  0.000 ct: -2.001 Cache: 21s/15MB
AV: 04:30:18 / 04:30:40 (100%) A-V:  0.000 ct: -2.001 Cache: 21s/15MB
AV: 04:30:18 / 04:30:40 (100%) A-V:  0.000 ct: -2.001 Cache: 20s/15MB
AV: 04:30:19 / 04:30:40 (100%) A-V:  0.000 ct: -2.001 Cache: 20s/15MB
AV: 04:30:19 / 04:30:40 (100%) A-V:  0.000 ct: -2.001 Cache: 20s/14MB
AV: 04:30:19 / 04:30:40 (100%) A-V:  0.000 ct: -2.001 Cache: 19s/14MB
AV: 04:30:20 / 04:30:40 (100%) A-V:  0.000 ct: -2.001 Cache: 19s/14MB
AV: 04:30:20 / 04:30:40 (100%) A-V:  0.000 ct: -2.001 Cache: 19s/13MB
AV: 04:30:20 / 04:30:40 (100%) A-V:  0.000 ct: -2.001 Cache: 18s/13MB
AV: 04:30:21 / 04:30:40 (100%) A-V:  0.000 ct: -2.001 Cache: 18s/13MB
AV: 04:30:21 / 04:30:40 (100%) A-V:  0.000 ct: -2.001 Cache: 17s/13MB
AV: 04:30:22 / 04:30:40 (100%) A-V:  0.000 ct: -2.001 Cache: 17s/13MB
AV: 04:30:22 / 04:30:40 (100%) A-V:  0.000 ct: -2.001 Cache: 17s/12MB
AV: 04:30:22 / 04:30:40 (100%) A-V:  0.000 ct: -2.001 Cache: 16s/12MB
AV: 04:30:23 / 04:30:40 (100%) A-V:  0.000 ct: -2.001 Cache: 16s/12MB
AV: 04:30:23 / 04:30:40 (100%) A-V:  0.000 ct: -2.001 Cache: 16s/11MB
AV: 04:30:23 / 04:30:46 (100%) A-V:  0.000 ct: -2.001 Cache: 22s/16MB
AV: 04:30:23 / 04:30:46 (100%) A-V:  0.000 ct: -2.001 Cache: 21s/16MB
AV: 04:30:23 / 04:30:46 (100%) A-V:  0.000 ct: -2.001 Cache: 21s/15MB
AV: 04:30:24 / 04:30:46 (100%) A-V:  0.000 ct: -2.001 Cache: 21s/15MB
AV: 04:30:24 / 04:30:46 (100%) A-V:  0.000 ct: -2.001 Cache: 20s/15MB
AV: 04:30:25 / 04:30:46 (100%) A-V:  0.000 ct: -2.001 Cache: 20s/15MB
AV: 04:30:25 / 04:30:46 (100%) A-V:  0.000 ct: -2.001 Cache: 20s/14MB
AV: 04:30:25 / 04:30:46 (100%) A-V:  0.000 ct: -2.001 Cache: 19s/14MB
AV: 04:30:26 / 04:30:46 (100%) A-V:  0.000 ct: -2.001 Cache: 19s/14MB
AV: 04:30:26 / 04:30:46 (100%) A-V:  0.000 ct: -2.001 Cache: 19s/13MB
AV: 04:30:26 / 04:30:46 (100%) A-V:  0.000 ct: -2.001 Cache: 18s/13MB
AV: 04:30:27 / 04:30:46 (100%) A-V:  0.000 ct: -2.001 Cache: 18s/13MB
AV: 04:30:27 / 04:30:46 (100%) A-V:  0.000 ct: -2.001 Cache: 18s/12MB
AV: 04:30:27 / 04:30:46 (100%) A-V:  0.000 ct: -2.001 Cache: 17s/12MB
AV: 04:30:28 / 04:30:46 (100%) A-V:  0.000 ct: -2.001 Cache: 17s/12MB
AV: 04:30:28 / 04:30:46 (100%) A-V:  0.000 ct: -2.001 Cache: 16s/12MB
AV: 04:30:29 / 04:30:46 (100%) A-V:  0.000 ct: -2.001 Cache: 16s/12MB
AV: 04:30:29 / 04:30:46 (100%) A-V:  0.000 ct: -2.001 Cache: 16s/11MB
AV: 04:30:29 / 04:30:46 (100%) A-V:  0.000 ct: -2.001 Cache: 15s/11MB
AV: 04:30:29 / 04:30:47 (100%) A-V:  0.000 ct: -2.001 Cache: 17s/12MB
AV: 04:30:29 / 04:30:52 (100%) A-V:  0.000 ct: -2.001 Cache: 21s/15MB
AV: 04:30:30 / 04:30:52 (100%) A-V:  0.000 ct: -2.001 Cache: 21s/15MB
AV: 04:30:30 / 04:30:52 (100%) A-V:  0.000 ct: -2.001 Cache: 20s/15MB
AV: 04:30:31 / 04:30:52 (100%) A-V:  0.000 ct: -2.001 Cache: 20s/15MB
AV: 04:30:31 / 04:30:52 (100%) A-V:  0.000 ct: -2.001 Cache: 20s/14MB
AV: 04:30:31 / 04:30:52 (100%) A-V:  0.000 ct: -2.001 Cache: 19s/14MB
AV: 04:30:32 / 04:30:52 (100%) A-V:  0.000 ct: -2.001 Cache: 19s/14MB
AV: 04:30:32 / 04:30:52 (100%) A-V:  0.000 ct: -2.001 Cache: 19s/13MB
AV: 04:30:32 / 04:30:52 (100%) A-V:  0.000 ct: -2.001 Cache: 18s/13MB
AV: 04:30:33 / 04:30:52 (100%) A-V:  0.000 ct: -2.001 Cache: 18s/13MB
AV: 04:30:33 / 04:30:52 (100%) A-V:  0.000 ct: -2.001 Cache: 18s/12MB
AV: 04:30:33 / 04:30:52 (100%) A-V:  0.000 ct: -2.001 Cache: 17s/12MB
AV: 04:30:34 / 04:30:52 (100%) A-V:  0.000 ct: -2.001 Cache: 17s/12MB
AV: 04:30:34 / 04:30:52 (100%) A-V:  0.000 ct: -2.001 Cache: 16s/12MB
AV: 04:30:35 / 04:30:52 (100%) A-V:  0.000 ct: -2.001 Cache: 16s/12MB
AV: 04:30:35 / 04:30:52 (100%) A-V:  0.000 ct: -2.001 Cache: 16s/11MB
AV: 04:30:35 / 04:30:52 (100%) A-V:  0.000 ct: -2.001 Cache: 15s/11MB
AV: 04:30:36 / 04:30:52 (100%) A-V:  0.000 ct: -2.001 Cache: 15s/11MB
AV: 04:30:36 / 04:30:58 (100%) A-V:  0.000 ct: -2.001 Cache: 21s/15MB
AV: 04:30:36 / 04:30:58 (100%) A-V:  0.000 ct: -2.001 Cache: 20s/15MB
AV: 04:30:37 / 04:30:58 (100%) A-V:  0.000 ct: -2.001 Cache: 20s/15MB
AV: 04:30:37 / 04:30:58 (100%) A-V:  0.000 ct: -2.001 Cache: 20s/14MB
AV: 04:30:37 / 04:30:58 (100%) A-V:  0.000 ct: -2.001 Cache: 19s/14MB
AV: 04:30:38 / 04:30:58 (100%) A-V:  0.000 ct: -2.001 Cache: 19s/14MB
AV: 04:30:38 / 04:30:58 (100%) A-V:  0.000 ct: -2.001 Cache: 19s/13MB
AV: 04:30:38 / 04:30:58 (100%) A-V:  0.000 ct: -2.001 Cache: 18s/13MB
AV: 04:30:39 / 04:30:58 (100%) A-V:  0.000 ct: -2.001 Cache: 18s/13MB
AV: 04:30:39 / 04:30:58 (100%) A-V:  0.000 ct: -2.001 Cache: 17s/13MB
AV: 04:30:39 / 04:30:58 (100%) A-V:  0.000 ct: -2.001 Cache: 17s/12MB
AV: 04:30:40 / 04:30:58 (100%) A-V:  0.000 ct: -2.001 Cache: 17s/12MB
AV: 04:30:40 / 04:30:58 (100%) A-V:  0.000 ct: -2.001 Cache: 16s/12MB
AV: 04:30:41 / 04:30:58 (100%) A-V:  0.000 ct: -2.001 Cache: 16s/12MB
AV: 04:30:41 / 04:30:58 (100%) A-V:  0.000 ct: -2.001 Cache: 16s/11MB
AV: 04:30:41 / 04:30:58 (100%) A-V:  0.000 ct: -2.001 Cache: 15s/11MB
AV: 04:30:42 / 04:30:58 (100%) A-V:  0.000 ct: -2.001 Cache: 15s/11MB
AV: 04:30:42 / 04:31:04 (100%) A-V:  0.000 ct: -2.001 Cache: 21s/15MB
AV: 04:30:42 / 04:31:04 (100%) A-V:  0.000 ct: -2.001 Cache: 20s/15MB
AV: 04:30:43 / 04:31:04 (100%) A-V:  0.000 ct: -2.001 Cache: 20s/15MB
AV: 04:30:43 / 04:31:04 (100%) A-V:  0.000 ct: -2.001 Cache: 20s/14MB
AV: 04:30:43 / 04:31:04 (100%) A-V:  0.000 ct: -2.001 Cache: 19s/14MB
AV: 04:30:44 / 04:31:04 (100%) A-V:  0.000 ct: -2.001 Cache: 19s/14MB
AV: 04:30:44 / 04:31:04 (100%) A-V:  0.000 ct: -2.001 Cache: 19s/13MB
AV: 04:30:44 / 04:31:04 (100%) A-V:  0.000 ct: -2.001 Cache: 18s/13MB
AV: 04:30:45 / 04:31:04 (100%) A-V:  0.000 ct: -2.001 Cache: 18s/13MB
AV: 04:30:45 / 04:31:04 (100%) A-V:  0.000 ct: -2.001 Cache: 17s/12MB
AV: 04:30:46 / 04:31:04 (100%) A-V:  0.000 ct: -2.001 Cache: 17s/12MB
AV: 04:30:46 / 04:31:04 (100%) A-V:  0.000 ct: -2.001 Cache: 16s/12MB
AV: 04:30:47 / 04:31:04 (100%) A-V:  0.000 ct: -2.001 Cache: 16s/12MB
AV: 04:30:47 / 04:31:04 (100%) A-V:  0.000 ct: -2.001 Cache: 16s/11MB
AV: 04:30:47 / 04:31:04 (100%) A-V:  0.000 ct: -2.001 Cache: 15s/11MB
AV: 04:30:48 / 04:31:04 (100%) A-V:  0.000 ct: -2.001 Cache: 15s/11MB
AV: 04:30:48 / 04:31:10 (100%) A-V:  0.000 ct: -2.001 Cache: 21s/15MB
AV: 04:30:48 / 04:31:10 (100%) A-V:  0.000 ct: -2.001 Cache: 20s/15MB
AV: 04:30:49 / 04:31:10 (100%) A-V:  0.000 ct: -2.001 Cache: 20s/15MB
AV: 04:30:49 / 04:31:10 (100%) A-V:  0.000 ct: -2.001 Cache: 20s/14MB
AV: 04:30:49 / 04:31:10 (100%) A-V:  0.000 ct: -2.001 Cache: 19s/14MB
AV: 04:30:50 / 04:31:10 (100%) A-V:  0.000 ct: -2.001 Cache: 19s/14MB
AV: 04:30:50 / 04:31:10 (100%) A-V:  0.000 ct: -2.001 Cache: 19s/13MB
AV: 04:30:50 / 04:31:10 (100%) A-V:  0.000 ct: -2.001 Cache: 18s/13MB
AV: 04:30:51 / 04:31:10 (100%) A-V:  0.000 ct: -2.001 Cache: 18s/13MB
AV: 04:30:51 / 04:31:10 (100%) A-V:  0.000 ct: -2.001 Cache: 17s/13MB
AV: 04:30:51 / 04:31:10 (100%) A-V:  0.000 ct: -2.001 Cache: 17s/12MB
AV: 04:30:52 / 04:31:10 (100%) A-V:  0.000 ct: -2.001 Cache: 17s/12MB
AV: 04:30:52 / 04:31:10 (100%) A-V:  0.000 ct: -2.001 Cache: 16s/12MB
AV: 04:30:53 / 04:31:10 (100%) A-V:  0.000 ct: -2.001 Cache: 16s/12MB
AV: 04:30:53 / 04:31:10 (100%) A-V:  0.000 ct: -2.001 Cache: 15s/11MB
AV: 04:30:54 / 04:31:10 (100%) A-V:  0.000 ct: -2.001 Cache: 15s/11MB
AV: 04:30:54 / 04:31:16 (100%) A-V:  0.000 ct: -2.001 Cache: 21s/15MB
AV: 04:30:54 / 04:31:16 (100%) A-V:  0.000 ct: -2.001 Cache: 20s/15MB
AV: 04:30:55 / 04:31:16 (100%) A-V:  0.000 ct: -2.001 Cache: 20s/15MB
AV: 04:30:55 / 04:31:16 (100%) A-V:  0.000 ct: -2.001 Cache: 20s/14MB
AV: 04:30:55 / 04:31:16 (100%) A-V:  0.000 ct: -2.001 Cache: 19s/14MB
AV: 04:30:56 / 04:31:16 (100%) A-V:  0.000 ct: -2.001 Cache: 19s/14MB
AV: 04:30:56 / 04:31:16 (100%) A-V:  0.000 ct: -2.001 Cache: 19s/13MB
AV: 04:30:56 / 04:31:16 (100%) A-V:  0.000 ct: -2.001 Cache: 18s/13MB
AV: 04:30:57 / 04:31:16 (100%) A-V:  0.000 ct: -2.001 Cache: 18s/13MB
AV: 04:30:57 / 04:31:16 (100%) A-V:  0.000 ct: -2.001 Cache: 18s/12MB
AV: 04:30:57 / 04:31:16 (100%) A-V:  0.000 ct: -2.001 Cache: 17s/12MB
AV: 04:30:58 / 04:31:16 (100%) A-V:  0.000 ct: -2.001 Cache: 17s/12MB
AV: 04:30:58 / 04:31:16 (100%) A-V:  0.000 ct: -2.001 Cache: 16s/12MB
AV: 04:30:58 / 04:31:16 (100%) A-V:  0.000 ct: -2.001 Cache: 16s/11MB
AV: 04:30:59 / 04:31:16 (100%) A-V:  0.000 ct: -2.001 Cache: 16s/11MB
AV: 04:30:59 / 04:31:16 (100%) A-V:  0.000 ct: -2.001 Cache: 15s/11MB
AV: 04:31:00 / 04:31:16 (100%) A-V:  0.000 ct: -2.001 Cache: 15s/11MB
AV: 04:31:00 / 04:31:16 (100%) A-V:  0.000 ct: -2.001 Cache: 15s/10MB
AV: 04:31:00 / 04:31:22 (100%) A-V:  0.000 ct: -2.001 Cache: 21s/15MB
AV: 04:31:00 / 04:31:22 (100%) A-V:  0.000 ct: -2.001 Cache: 20s/15MB
AV: 04:31:00 / 04:31:22 (100%) A-V:  0.000 ct: -2.001 Cache: 20s/14MB
AV: 04:31:01 / 04:31:22 (100%) A-V:  0.000 ct: -2.001 Cache: 20s/14MB
AV: 04:31:01 / 04:31:22 (100%) A-V:  0.000 ct: -2.001 Cache: 19s/14MB
AV: 04:31:02 / 04:31:22 (100%) A-V:  0.000 ct: -2.001 Cache: 19s/14MB
AV: 04:31:02 / 04:31:22 (100%) A-V:  0.000 ct: -2.001 Cache: 19s/13MB
AV: 04:31:02 / 04:31:22 (100%) A-V:  0.000 ct: -2.001 Cache: 18s/13MB
AV: 04:31:03 / 04:31:22 (100%) A-V:  0.000 ct: -2.001 Cache: 18s/13MB
AV: 04:31:03 / 04:31:22 (100%) A-V:  0.000 ct: -2.001 Cache: 17s/13MB
AV: 04:31:03 / 04:31:22 (100%) A-V:  0.000 ct: -2.001 Cache: 17s/12MB
AV: 04:31:04 / 04:31:22 (100%) A-V:  0.000 ct: -2.001 Cache: 17s/12MB
AV: 04:31:04 / 04:31:22 (100%) A-V:  0.000 ct: -2.001 Cache: 16s/12MB
AV: 04:31:05 / 04:31:22 (100%) A-V:  0.000 ct: -2.001 Cache: 16s/12MB
AV: 04:31:05 / 04:31:22 (100%) A-V:  0.000 ct: -2.001 Cache: 16s/11MB
AV: 04:31:05 / 04:31:22 (100%) A-V:  0.000 ct: -2.001 Cache: 15s/11MB
AV: 04:31:06 / 04:31:22 (100%) A-V:  0.000 ct: -2.001 Cache: 15s/11MB
AV: 04:31:06 / 04:31:22 (100%) A-V:  0.000 ct: -2.001 Cache: 15s/10MB
AV: 04:31:06 / 04:31:22 (100%) A-V:  0.000 ct: -2.001 Cache: 14s/10MB
AV: 04:31:06 / 04:31:27 (100%) A-V:  0.000 ct: -2.001 Cache: 20s/14MB
AV: 04:31:06 / 04:31:27 (100%) A-V:  0.000 ct: -2.001 Cache: 19s/14MB
AV: 04:31:07 / 04:31:27 (100%) A-V:  0.000 ct: -2.001 Cache: 19s/14MB
AV: 04:31:07 / 04:31:27 (100%) A-V:  0.000 ct: -2.001 Cache: 19s/13MB
AV: 04:31:07 / 04:31:27 (100%) A-V:  0.000 ct: -2.001 Cache: 18s/13MB
AV: 04:31:08 / 04:31:27 (100%) A-V:  0.000 ct: -2.001 Cache: 18s/13MB
AV: 04:31:08 / 04:31:27 (100%) A-V:  0.000 ct: -2.001 Cache: 18s/12MB
AV: 04:31:08 / 04:31:27 (100%) A-V:  0.000 ct: -2.001 Cache: 17s/12MB
AV: 04:31:09 / 04:31:27 (100%) A-V:  0.000 ct: -2.001 Cache: 17s/12MB
AV: 04:31:09 / 04:31:27 (100%) A-V:  0.000 ct: -2.001 Cache: 17s/11MB
AV: 04:31:09 / 04:31:27 (100%) A-V:  0.000 ct: -2.001 Cache: 16s/11MB
AV: 04:31:10 / 04:31:27 (100%) A-V:  0.000 ct: -2.001 Cache: 16s/11MB
AV: 04:31:10 / 04:31:27 (100%) A-V:  0.000 ct: -2.001 Cache: 15s/11MB
AV: 04:31:11 / 04:31:27 (100%) A-V:  0.000 ct: -2.001 Cache: 15s/11MB
AV: 04:31:11 / 04:31:27 (100%) A-V:  0.000 ct: -2.001 Cache: 15s/10MB
AV: 04:31:11 / 04:31:27 (100%) A-V:  0.000 ct: -2.001 Cache: 14s/10MB
AV: 04:31:12 / 04:31:27 (100%) A-V:  0.000 ct: -2.001 Cache: 14s/10MB
AV: 04:31:12 / 04:31:28 (100%) A-V:  0.000 ct: -2.001 Cache: 15s/11MB
AV: 04:31:12 / 04:31:30 (100%) A-V:  0.000 ct: -2.001 Cache: 18s/13MB
AV: 04:31:12 / 04:31:34 (100%) A-V:  0.000 ct: -2.001 Cache: 21s/15MB
AV: 04:31:12 / 04:31:34 (100%) A-V:  0.000 ct: -2.001 Cache: 21s/14MB
AV: 04:31:12 / 04:31:34 (100%) A-V:  0.000 ct: -2.001 Cache: 20s/14MB
AV: 04:31:13 / 04:31:34 (100%) A-V:  0.000 ct: -2.001 Cache: 20s/14MB
AV: 04:31:13 / 04:31:34 (100%) A-V:  0.000 ct: -2.001 Cache: 19s/14MB
AV: 04:31:14 / 04:31:34 (100%) A-V:  0.000 ct: -2.001 Cache: 19s/14MB
AV: 04:31:14 / 04:31:34 (100%) A-V:  0.000 ct: -2.001 Cache: 19s/13MB
AV: 04:31:14 / 04:31:34 (100%) A-V:  0.000 ct: -2.001 Cache: 18s/13MB
AV: 04:31:15 / 04:31:34 (100%) A-V:  0.000 ct: -2.001 Cache: 18s/13MB
AV: 04:31:15 / 04:31:34 (100%) A-V:  0.000 ct: -2.001 Cache: 18s/12MB
AV: 04:31:15 / 04:31:34 (100%) A-V:  0.000 ct: -2.001 Cache: 17s/12MB
AV: 04:31:16 / 04:31:34 (100%) A-V:  0.000 ct: -2.001 Cache: 17s/12MB
AV: 04:31:16 / 04:31:34 (100%) A-V:  0.000 ct: -2.001 Cache: 17s/11MB
AV: 04:31:16 / 04:31:34 (100%) A-V:  0.000 ct: -2.001 Cache: 16s/11MB
AV: 04:31:17 / 04:31:34 (100%) A-V:  0.000 ct: -2.001 Cache: 16s/11MB
AV: 04:31:17 / 04:31:34 (100%) A-V:  0.000 ct: -2.001 Cache: 15s/11MB
AV: 04:31:17 / 04:31:34 (100%) A-V:  0.000 ct: -2.001 Cache: 15s/10MB
AV: 04:31:18 / 04:31:34 (100%) A-V:  0.000 ct: -2.001 Cache: 15s/10MB
AV: 04:31:18 / 04:31:34 (100%) A-V:  0.000 ct: -2.001 Cache: 14s/10MB
AV: 04:31:19 / 04:31:34 (100%) A-V:  0.000 ct: -2.001 Cache: 14s/10MB
AV: 04:31:19 / 04:31:40 (100%) A-V:  0.000 ct: -2.001 Cache: 20s/14MB
AV: 04:31:19 / 04:31:46 (100%) A-V:  0.000 ct: -2.001 Cache: 26s/19MB
AV: 04:31:19 / 04:31:46 (100%) A-V:  0.000 ct: -2.001 Cache: 26s/18MB
AV: 04:31:19 / 04:31:46 (100%) A-V:  0.000 ct: -2.001 Cache: 25s/18MB
AV: 04:31:20 / 04:31:46 (100%) A-V:  0.000 ct: -2.001 Cache: 25s/18MB
AV: 04:31:20 / 04:31:46 (100%) A-V:  0.000 ct: -2.001 Cache: 24s/18MB
AV: 04:31:21 / 04:31:46 (100%) A-V:  0.000 ct: -2.001 Cache: 24s/18MB
AV: 04:31:21 / 04:31:46 (100%) A-V:  0.000 ct: -2.001 Cache: 24s/17MB
AV: 04:31:21 / 04:31:46 (100%) A-V:  0.000 ct: -2.001 Cache: 23s/17MB
AV: 04:31:22 / 04:31:46 (100%) A-V:  0.000 ct: -2.001 Cache: 23s/17MB
AV: 04:31:22 / 04:31:46 (100%) A-V:  0.000 ct: -2.001 Cache: 23s/16MB
AV: 04:31:22 / 04:31:46 (100%) A-V:  0.000 ct: -2.001 Cache: 22s/16MB
AV: 04:31:23 / 04:31:46 (100%) A-V:  0.000 ct: -2.001 Cache: 22s/16MB
AV: 04:31:23 / 04:31:46 (100%) A-V:  0.000 ct: -2.001 Cache: 21s/16MB
AV: 04:31:23 / 04:31:46 (100%) A-V:  0.000 ct: -2.001 Cache: 21s/15MB
AV: 04:31:24 / 04:31:46 (100%) A-V:  0.000 ct: -2.001 Cache: 21s/15MB
AV: 04:31:24 / 04:31:46 (100%) A-V:  0.000 ct: -2.001 Cache: 20s/15MB
AV: 04:31:25 / 04:31:46 (100%) A-V:  0.000 ct: -2.001 Cache: 20s/15MB
AV: 04:31:25 / 04:31:46 (100%) A-V:  0.000 ct: -2.001 Cache: 20s/14MB
AV: 04:31:25 / 04:31:46 (100%) A-V:  0.000 ct: -2.001 Cache: 19s/14MB
AV: 04:31:26 / 04:31:46 (100%) A-V:  0.000 ct: -2.001 Cache: 19s/14MB
AV: 04:31:26 / 04:31:46 (100%) A-V:  0.000 ct: -2.001 Cache: 18s/14MB
AV: 04:31:26 / 04:31:46 (100%) A-V:  0.000 ct: -2.001 Cache: 18s/13MB
AV: 04:31:27 / 04:31:46 (100%) A-V:  0.000 ct: -2.001 Cache: 18s/13MB
AV: 04:31:27 / 04:31:46 (100%) A-V:  0.000 ct: -2.001 Cache: 17s/13MB
AV: 04:31:28 / 04:31:46 (100%) A-V:  0.000 ct: -2.001 Cache: 17s/13MB
AV: 04:31:28 / 04:31:46 (100%) A-V:  0.000 ct: -2.001 Cache: 17s/12MB
AV: 04:31:28 / 04:31:46 (100%) A-V:  0.000 ct: -2.001 Cache: 16s/12MB
AV: 04:31:29 / 04:31:46 (100%) A-V:  0.000 ct: -2.001 Cache: 16s/12MB
AV: 04:31:29 / 04:31:52 (100%) A-V:  0.000 ct: -2.001 Cache: 22s/16MB
AV: 04:31:29 / 04:31:52 (100%) A-V:  0.000 ct: -2.001 Cache: 21s/16MB
AV: 04:31:29 / 04:31:52 (100%) A-V:  0.000 ct: -2.001 Cache: 21s/15MB
AV: 04:31:30 / 04:31:52 (100%) A-V:  0.000 ct: -2.001 Cache: 21s/15MB
AV: 04:31:30 / 04:31:52 (100%) A-V:  0.000 ct: -2.001 Cache: 20s/15MB
AV: 04:31:30 / 04:31:52 (100%) A-V:  0.011 ct: -2.001 Dropped: 1 Cache: 20s/15MB
AV: 04:31:30 / 04:31:52 (100%) A-V:  0.000 ct: -2.001 Dropped: 1 Cache: 20s/15MB
AV: 04:31:30 / 04:31:52 (100%) A-V:  0.243 ct: -2.001 Dropped: 2 Cache: 20s/15MB
AV: 04:31:30 / 04:31:52 (100%) A-V:  0.227 ct: -2.001 Dropped: 3 Cache: 20s/15MB
AV: 04:31:30 / 04:31:52 (100%) A-V:  0.211 ct: -2.001 Dropped: 4 Cache: 20s/15MB
AV: 04:31:30 / 04:31:52 (100%) A-V:  0.194 ct: -2.001 Dropped: 5 Cache: 20s/15MB
AV: 04:31:30 / 04:31:52 (100%) A-V:  0.177 ct: -2.001 Dropped: 6 Cache: 20s/15MB
AV: 04:31:30 / 04:31:52 (100%) A-V:  0.161 ct: -2.001 Dropped: 7 Cache: 20s/15MB
AV: 04:31:30 / 04:31:52 (100%) A-V:  0.144 ct: -2.001 Dropped: 8 Cache: 20s/15MB
AV: 04:31:30 / 04:31:52 (100%) A-V:  0.127 ct: -2.001 Dropped: 9 Cache: 20s/15MB
AV: 04:31:31 / 04:31:52 (100%) A-V:  0.111 ct: -2.001 Dropped: 10 Cache: 20s/15MB
AV: 04:31:31 / 04:31:52 (100%) A-V:  0.094 ct: -2.001 Dropped: 11 Cache: 20s/15MB
AV: 04:31:31 / 04:31:52 (100%) A-V:  0.077 ct: -2.001 Dropped: 12 Cache: 20s/15MB
AV: 04:31:31 / 04:31:52 (100%) A-V:  0.061 ct: -2.001 Dropped: 13 Cache: 20s/15MB
AV: 04:31:31 / 04:31:52 (100%) A-V:  0.044 ct: -2.001 Dropped: 14 Cache: 20s/15MB
AV: 04:31:31 / 04:31:52 (100%) A-V:  0.027 ct: -2.001 Dropped: 15 Cache: 20s/15MB
AV: 04:31:31 / 04:31:52 (100%) A-V:  0.012 ct: -2.001 Dropped: 16 Cache: 20s/15MB
AV: 04:31:31 / 04:31:52 (100%) A-V:  0.000 ct: -2.001 Dropped: 16 Cache: 20s/15MB
AV: 04:31:31 / 04:31:52 (100%) A-V:  0.033 ct: -2.001 Dropped: 17 Cache: 20s/15MB
AV: 04:31:31 / 04:31:52 (100%) A-V:  0.017 ct: -2.001 Dropped: 18 Cache: 20s/15MB
AV: 04:31:31 / 04:31:52 (100%) A-V:  0.000 ct: -2.001 Dropped: 19 Cache: 20s/15MB
AV: 04:31:31 / 04:31:52 (100%) A-V:  0.000 ct: -2.001 Dropped: 19 Cache: 20s/14MB
AV: 04:31:31 / 04:31:52 (100%) A-V:  0.000 ct: -2.001 Dropped: 19 Cache: 19s/14MB
AV: 04:31:32 / 04:31:52 (100%) A-V:  0.000 ct: -2.001 Dropped: 19 Cache: 19s/14MB
AV: 04:31:32 / 04:31:52 (100%) A-V:  0.000 ct: -2.001 Dropped: 19 Cache: 19s/13MB
AV: 04:31:32 / 04:31:52 (100%) A-V:  0.000 ct: -2.001 Dropped: 19 Cache: 18s/13MB
AV: 04:31:33 / 04:31:52 (100%) A-V:  0.000 ct: -2.001 Dropped: 19 Cache: 18s/13MB
AV: 04:31:33 / 04:31:52 (100%) A-V:  0.000 ct: -2.001 Dropped: 19 Cache: 17s/13MB
AV: 04:31:34 / 04:31:52 (100%) A-V:  0.000 ct: -2.001 Dropped: 19 Cache: 17s/13MB
AV: 04:31:34 / 04:31:52 (100%) A-V:  0.000 ct: -2.001 Dropped: 19 Cache: 17s/12MB
AV: 04:31:34 / 04:31:52 (100%) A-V:  0.000 ct: -2.001 Dropped: 19 Cache: 16s/12MB
AV: 04:31:35 / 04:31:52 (100%) A-V:  0.000 ct: -2.001 Dropped: 19 Cache: 16s/12MB
AV: 04:31:35 / 04:31:58 (100%) A-V:  0.000 ct: -2.001 Dropped: 19 Cache: 22s/16MB
AV: 04:31:35 / 04:31:58 (100%) A-V:  0.000 ct: -2.001 Dropped: 19 Cache: 21s/16MB
AV: 04:31:35 / 04:31:58 (100%) A-V:  0.000 ct: -2.001 Dropped: 19 Cache: 21s/15MB
AV: 04:31:36 / 04:31:58 (100%) A-V:  0.000 ct: -2.001 Dropped: 19 Cache: 21s/15MB
AV: 04:31:36 / 04:31:58 (100%) A-V:  0.000 ct: -2.001 Dropped: 19 Cache: 20s/15MB
AV: 04:31:36 / 04:31:58 (100%) A-V:  0.000 ct: -2.001 Dropped: 19 Cache: 20s/14MB
AV: 04:31:37 / 04:31:58 (100%) A-V:  0.000 ct: -2.001 Dropped: 19 Cache: 20s/14MB
(Paused) AV: 04:31:37 / 04:31:58 (100%) A-V:  0.000 ct: -2.001 Dropped: 19 Cache: 20s/14MB
Exiting... (Quit)
